pid, patent #, year,  tech area, title, city, state, country, url, status, cpc_class
pat0000,6882063,2005,Solar Inverter,DC to DC converter and power management system,Calgary,,Canada,http://patft.uspto.gov/netacgi/nph-Parser?Sect1=PTO2&Sect2=HITOFF&u=%2Fnetahtml%2FPTO%2Fsearch-adv.htm&r=150&f=G&l=50&d=PTXT&s1=%28inverter.CLTX.+or+inverter.DCTX.%29&s2=%28photovoltaic.CLTX.+or+photovoltaic.DCTX.%29&co1=AND&p=3&OS=ACLM/inverter+AND+ACLM/,valid,H02M 7/003Ê(20130101); H05K 7/1432Ê(20130101); Y02E 10/56Ê(20130101)
pat0001,6914418,2005,Solar Monitoring,Multi-mode renewable power converter system ,Taipei,,Taiwan,http://patft.uspto.gov/netacgi/nph-Parser?Sect1=PTO2&Sect2=HITOFF&u=%2Fnetahtml%2FPTO%2Fsearch-adv.htm&r=503&p=11&f=G&l=50&d=PTXT&S1=%28%28%28solar.CLTX.+or+solar.DCTX.%29+AND+%28%28monitor.CLTX.+or+monitor.DCTX.%29+OR+%28monitoring.CLTX.+or+monitoring.DCTX.%29%29%29+OR+%28%28photovoltaic.CLTX.+or+photovoltaic.DCTX.%29+AND+%28%28monitor.CLTX.+or+monitor.DCTX.%29+OR+%28monitoring.CLTX.+or+monitoring.DCTX.%29%29%29%29&OS=+%28ACLM/solar+AND+%28ACLM/monitor+OR+ACLM/monitoring%29%29+OR+%28ACLM/photovoltaic+AND+%28ACLM/monitor+OR+ACLM/monitoring%29%29&RS=%28%28ACLM/solar+AND+%28ACLM/monitor+OR+ACLM/monitoring%29%29+OR+%28ACLM/photovoltaic+AND+%28ACLM/monitor+OR+ACLM/monitoring%29%29%29,invalid url,
pat0002,6928775,2005,Solar Mounting/Rack,Multi-use electric tile modules ,Tucson  AZ,AZ,USA,http://patft.uspto.gov/netacgi/nph-Parser?Sect1=PTO2&Sect2=HITOFF&u=%2Fnetahtml%2FPTO%2Fsearch-adv.htm&r=147&f=G&l=50&d=PTXT&s1=%28inverter.CLTX.+or+inverter.DCTX.%29&s2=%28photovoltaic.CLTX.+or+photovoltaic.DCTX.%29&co1=AND&p=3&OS=ACLM/inverter+AND+ACLM/,valid,H01L 31/035281Ê(20130101); H01L 31/042Ê(20130101); H01L 31/0482Ê(20130101); Y02B 10/12Ê(20130101); Y02E 10/50Ê(20130101)
pat0003,6930238,2005,Solar Mounting/Rack,Solar cell module-mounting structure and solar cell module array,Tokyo,,Japan,http://patft.uspto.gov/netacgi/nph-Parser?Sect2=PTO1&Sect2=HITOFF&p=1&u=/netahtml/PTO/search-bool.html&r=1&f=G&l=50&d=PALL&RefSrch=yes&Query=PN/6930238,valid,F24J 2/5237Ê(20130101); H01L 31/0422Ê(20130101); F24J 2002/4687Ê(20130101); F24J 2002/5292Ê(20130101); Y02E 10/47Ê(20130101); Y02E 10/50Ê(20130101)
pat0004,6940735,2005,Solar Inverter,Power converter system ,Dearborn  MI,MI,USA,http://patft.uspto.gov/netacgi/nph-Parser?Sect1=PTO2&Sect2=HITOFF&u=%2Fnetahtml%2FPTO%2Fsearch-adv.htm&r=145&f=G&l=50&d=PTXT&s1=%28inverter.CLTX.+or+inverter.DCTX.%29&s2=%28photovoltaic.CLTX.+or+photovoltaic.DCTX.%29&co1=AND&p=3&OS=ACLM/inverter+AND+ACLM/,no CPC,
pat0005,6949843,2005,Solar Inverter,Grid-connected power systems having back-up power sources and methods of providing back-up power in grid-connected power systems ,Columbia  MD,MD,USA,http://patft.uspto.gov/netacgi/nph-Parser?Sect1=PTO2&Sect2=HITOFF&u=%2Fnetahtml%2FPTO%2Fsearch-adv.htm&r=144&f=G&l=50&d=PTXT&s1=%28inverter.CLTX.+or+inverter.DCTX.%29&s2=%28photovoltaic.CLTX.+or+photovoltaic.DCTX.%29&co1=AND&p=3&OS=ACLM/inverter+AND+ACLM/,valid,H02H 5/042Ê(20130101); H02H 7/122Ê(20130101)
pat0006,6956500,2005,Solar Monitoring,Real-time residential energy monitor ,Ormond Beach  FL,FL,USA,http://patft.uspto.gov/netacgi/nph-Parser?Sect1=PTO2&Sect2=HITOFF&u=%2Fnetahtml%2FPTO%2Fsearch-adv.htm&r=490&p=10&f=G&l=50&d=PTXT&S1=%28%28%28solar.CLTX.+or+solar.DCTX.%29+AND+%28%28monitor.CLTX.+or+monitor.DCTX.%29+OR+%28monitoring.CLTX.+or+monitoring.DCTX.%29%29%29+OR+%28%28photovoltaic.CLTX.+or+photovoltaic.DCTX.%29+AND+%28%28monitor.CLTX.+or+monitor.DCTX.%29+OR+%28monitoring.CLTX.+or+monitoring.DCTX.%29%29%29%29&OS=+%28ACLM/solar+AND+%28ACLM/monitor+OR+ACLM/monitoring%29%29+OR+%28ACLM/photovoltaic+AND+%28ACLM/monitor+OR+ACLM/monitoring%29%29&RS=%28%28ACLM/solar+AND+%28ACLM/monitor+OR+ACLM/monitoring%29%29+OR+%28ACLM/photovoltaic+AND+%28ACLM/monitor+OR+ACLM/monitoring%29%29%29,invalid url,
pat0007,6959517,2005,Solar Mounting/Rack,Photovoltaic panel mounting bracket,Perrysburg  OH,OH,USA,http://patft.uspto.gov/netacgi/nph-Parser?Sect1=PTO1&Sect2=HITOFF&d=PALL&p=1&u=%2Fnetahtml%2FPTO%2Fsrchnum.htm&r=1&f=G&l=50&s1=6959517.PN.&OS=PN/6959517&RS=PN/6959517,valid,E06B 1/6015Ê(20130101); E06B 3/5842Ê(20130101); F24J 2/464Ê(20130101); F24J 2/465Ê(20130101); F24J 2/5211Ê(20130101); F24J 2/5243Ê(20130101); F24J 2/5254Ê(20130101); H01L 31/0422Ê(20130101); H01L 31/0482Ê(20130101); F24J 2002/4676Ê(20130101); Y02B 10/12Ê(20130101); Y02B 10/20Ê(20130101); Y02E 10/47Ê(20130101); Y02E 10/50Ê(20130101)
pat0008,6966184,2005,Solar Inverter,Photovoltaic power generating apparatus  method of producing same and photovoltaic power generating system ,Tokyo,,Japan,http://patft.uspto.gov/netacgi/nph-Parser?Sect2=PTO1&Sect2=HITOFF&p=1&u=/netahtml/PTO/search-bool.html&r=1&f=G&l=50&d=PALL&RefSrch=yes&Query=PN/6966184,valid,H01L 27/142Ê(20130101); H01L 31/042Ê(20130101); Y02E 10/46Ê(20130101); Y02E 10/50Ê(20130101)
pat0009,7000395,2006,Solar Monitoring; Solar Inverter,Hybrid clean-energy power-supply framework ,Jhongli ,,Taiwan,http://patft.uspto.gov/netacgi/nph-Parser?Sect1=PTO1&Sect2=HITOFF&d=PALL&p=1&u=%2Fnetahtml%2FPTO%2Fsrchnum.htm&r=1&f=G&l=50&s1=7000395.PN.&OS=PN/7000395&RS=PN/7000395,valid,F01K 13/00Ê(20130101); F01K 13/02Ê(20130101)
pat0010,7126294,2006,Solar Inverter,Method and device for controlling photovoltaic inverter  and feed water device,Tokyo,,Japan,http://patft.uspto.gov/netacgi/nph-Parser?Sect2=PTO1&Sect2=HITOFF&p=1&u=/netahtml/PTO/search-bool.html&r=1&f=G&l=50&d=PALL&RefSrch=yes&Query=PN/7126294,valid,G05F 1/67Ê(20130101); H02J 7/35Ê(20130101); H02M 7/53875Ê(20130101); H02P 27/06Ê(20130101); H02M 2001/0022Ê(20130101); Y02E 10/566Ê(20130101); Y02E 10/58Ê(20130101)
pat0011,7155870,2007,Solar Mounting/Rack ,Shingle assembly with support bracket,Berkeley  CA,CA,USA,http://patft.uspto.gov/netacgi/nph-Parser?Sect1=PTO2&Sect2=HITOFF&u=%2Fnetahtml%2FPTO%2Fsearch-adv.htm&r=116&f=G&l=50&d=PTXT&s1=%28mounting.CLTX.+or+mounting.DCTX.%29&s2=%28photovoltaic.CLTX.+or+photovoltaic.DCTX.%29&co1=AND&p=3&OS=ACLM/mounting+AND+ACLM/,invalid url,
pat0012,7156088,2007,Solar Mounting/Rack  ,Solar collector mounting array,Pasadena  CA,CA,USA,http://patft.uspto.gov/netacgi/nph-Parser?Sect1=PTO1&Sect2=HITOFF&d=PALL&p=1&u=%2Fnetahtml%2FPTO%2Fsrchnum.htm&r=1&f=G&l=50&s1=7156088.PN.&OS=PN/7156088&RS=PN/7156088,valid,F24J 2/16Ê(20130101); F24J 2/5203Ê(20130101); F24J 2/5228Ê(20130101); F24J 2/525Ê(20130101); F24J 2/5256Ê(20130101); F24J 2/526Ê(20130101); F24J 2/5406Ê(20130101); F24J 2/542Ê(20130101); F24J 2/5431Ê(20130101); H01L 31/0522Ê(20130101); F24J 2/4638Ê(20130101); F24J 2/523Ê(20130101); F24J 2/5233Ê(20130101); F24J 2002/467Ê(20130101); F24J 2002/5292Ê(20130101); F24J 2002/5441Ê(20130101); F24J 2002/5451Ê(20130101); F24J 2002/5458Ê(20130101); F24J 2002/5465Ê(20130101); F24J 2002/5468Ê(20130101); Y02B 10/20Ê(20130101); Y02E 10/47Ê(20130101); Y02E 10/52Ê(20130101)
pat0013,7158395,2007,Solar Inverter,Method and apparatus for tracking maximum power point for inverters  for example  in photovoltaic applications ,Dearborn  MI,MI,USA,http://patft.uspto.gov/netacgi/nph-Parser?Sect2=PTO1&Sect2=HITOFF&p=1&u=/netahtml/PTO/search-bool.html&r=1&f=G&l=50&d=PALL&RefSrch=yes&Query=PN/7158395,valid,G05F 1/67Ê(20130101); Y02E 10/58Ê(20130101)
pat0014,7161082,2007,Solar Inverter; Solar Monitoring,Photovoltaic power generation systems and methods of controlling photovoltaic power generation systems,Tokyo,,Japan,http://patft.uspto.gov/netacgi/nph-Parser?Sect2=PTO1&Sect2=HITOFF&p=1&u=/netahtml/PTO/search-bool.html&r=1&f=G&l=50&d=PALL&RefSrch=yes&Query=PN/7161082,valid,G08B 13/128Ê(20130101); H01L 31/02021Ê(20130101); H01L 31/048Ê(20130101); Y02E 10/50Ê(20130101)
pat0015,7187277,2007,Solar Monitoring,Monitoring terminal device,Tokyo,N/A,Japan,http://patft.uspto.gov/netacgi/nph-Parser?Sect1=PTO1&Sect2=HITOFF&d=PALL&p=1&u=%2Fnetahtml%2FPTO%2Fsrchnum.htm&r=1&f=G&l=50&s1=7187277.PN.&OS=PN/7187277&RS=PN/7187277,valid,G08B 13/00Ê(20130101); G08B 15/004Ê(20130101); G08B 17/00Ê(20130101); G08B 21/00Ê(20130101); G08B 23/00Ê(20130101); G08B 25/007Ê(20130101); G08B 25/10Ê(20130101); G08B 29/12Ê(20130101)
pat0016,7227278,2007,Solar Inverter,Multiple bi-directional input/output power control system ,Hauppauge  NY,NY,USA,http://patft.uspto.gov/netacgi/nph-Parser?Sect1=PTO2&Sect2=HITOFF&u=%2Fnetahtml%2FPTO%2Fsearch-adv.htm&r=133&f=G&l=50&d=PTXT&s1=%28inverter.CLTX.+or+inverter.DCTX.%29&s2=%28photovoltaic.CLTX.+or+photovoltaic.DCTX.%29&co1=AND&p=3&OS=ACLM/inverter+AND+ACLM/,valid,G01R 31/405Ê(20130101); G01R 31/02Ê(20130101); H01L 31/042Ê(20130101)
pat0017,7230532,2007,Solar Monitoring,Wireless sensor system ,Oberhaching,,Germany,http://patft.uspto.gov/netacgi/nph-Parser?Sect1=PTO1&Sect2=HITOFF&d=PALL&p=1&u=%2Fnetahtml%2FPTO%2Fsrchnum.htm&r=1&f=G&l=50&s1=7230532.PN.&OS=PN/7230532&RS=PN/7230532,valid,G01D 21/00Ê(20130101); G08C 17/02Ê(20130101); H05B 39/042Ê(20130101); Y02B 20/14Ê(20130101)
pat0018,7256566,2007,Solar Inverter,Method and apparatus for determining a maximum power point of photovoltaic cells,Dearborn  MI,MI,USA,http://patft.uspto.gov/netacgi/nph-Parser?Sect2=PTO1&Sect2=HITOFF&p=1&u=/netahtml/PTO/search-bool.html&r=1&f=G&l=50&d=PALL&RefSrch=yes&Query=PN/7256566,valid,G05F 1/67Ê(20130101); Y02E 10/58Ê(20130101)
pat0019,7260918,2007,Solar Mounting/Rack  ,Apparatus and method for positioning a module on an object,Albuquerque  NM,NM,USA,http://patft.uspto.gov/netacgi/nph-Parser?Sect1=PTO2&Sect2=HITOFF&p=1&u=%2Fnetahtml%2Fsearch-adv.htm&r=0&f=S&l=50&d=PALL&Query=ref/7260918,no abstract or claims,
pat0020,7274975,2007,Solar Monitoring,Optimized energy management system,Washington  DC,DC,USA,http://www.google.com/patents?id=J22EAAAAEBAJ&zoom=4&dq=%22solar%20inverter%22&pg=PA1#v=onepage&q=%22solar%20inverter%22&f=false,invalid url,
pat0021,7297866,2007,Solar Mounting/Rack  ,Ventilated photovoltaic module frame,San Jose  CA,CA,USA,http://patft.uspto.gov/netacgi/nph-Parser?Sect1=PTO2&Sect2=HITOFF&u=%2Fnetahtml%2FPTO%2Fsearch-adv.htm&r=110&f=G&l=50&d=PTXT&s1=%28mounting.CLTX.+or+mounting.DCTX.%29&s2=%28photovoltaic.CLTX.+or+photovoltaic.DCTX.%29&co1=AND&p=3&OS=ACLM/mounting+AND+ACLM/,invalid url,
pat0022,7305983,2007,Site Assessment,Assessment of solar energy potential on existing buildings in a region ,Honolulu  HI,HI, USA,http://patft.uspto.gov/netacgi/nph-Parser?Sect1=PTO2&Sect2=HITOFF&u=%2Fnetahtml%2FPTO%2Fsearch-adv.htm&r=505&f=G&l=50&d=PTXT&s1=%28%28%28solar.CLTX.+or+solar.DCTX.%29+OR+%28photovoltaic.CLTX.+or+photovoltaic.DCTX.%29%29+AND+%28%28%28%28%28%28%28%28%28mapping.CLTX.+or+mapping.DCTX.%29+OR+%28estimation.CLTX.+or+estimation.DCTX.%29%29+OR+%28obstruction.CLTX.+or+obstruction.DCTX.%29%29+OR+%28potential.CLTX.+or+potential.DCTX.%29%29+OR+%28site.CLTX.+or+site.DCTX.%29%29+OR+%28terrain.CLTX.+or+terrain.DCTX.%29%29+OR+%28access.CLTX.+or+access.DCTX.%29%29+OR+%28azimuth.CLTX.+or+azimuth.DCTX.%29%29+OR+%28survey.CLTX.+or+survey.DCTX.%29%29%29&p=11&OS=+%28%28ACLM/solar+OR+ACLM/photovoltaic%29+AND+%28%28%28%28%28%28%28%28ACLM/mapping+OR+ACLM/estimation%29+OR+ACLM/obstruction%29+OR+ACLM/potential%29+OR+ACLM/site%29+OR+ACLM/terrain%29+OR+ACLM/access%29+OR+ACLM/azimuth%29+OR+ACLM/survey%29%29&RS=%28%28ACLM/solar+OR+ACLM/photovoltaic%29+AND+%28%28%28%28%28%28%28%28ACLM/mapping+OR+ACLM/estimation%29+OR+ACLM/obstruction%29+OR+ACLM/potential%29+OR+ACLM/site%29+OR+ACLM/terrain%29+OR+ACLM/access%29+OR+ACLM/azimuth%29+OR+ACLM/survey%29%29,invalid url,
pat0023,7307209,2007,Solar Mounting/Rack  ,Photovoltaic array ,Perrysburg  OH,OH,USA,http://patft.uspto.gov/netacgi/nph-Parser?Sect1=PTO2&Sect2=HITOFF&u=%2Fnetahtml%2FPTO%2Fsearch-adv.htm&r=109&f=G&l=50&d=PTXT&s1=%28mounting.CLTX.+or+mounting.DCTX.%29&s2=%28photovoltaic.CLTX.+or+photovoltaic.DCTX.%29&co1=AND&p=3&OS=ACLM/mounting+AND+ACLM/,invalid url,
pat0024,7310052,2007,Solar Monitoring,Wireless meter-reading system and methods thereof ,Henderson  NV,NV,USA,http://patft.uspto.gov/netacgi/nph-Parser?Sect1=PTO1&Sect2=HITOFF&d=PALL&p=1&u=%2Fnetahtml%2FPTO%2Fsrchnum.htm&r=1&f=G&l=50&s1=7310052.PN.&OS=PN/7310052&RS=PN/7310052,valid,G01D 4/004Ê(20130101); H04Q 9/00Ê(20130101); Y02B 90/242Ê(20130101); Y04S 20/322Ê(20130101); Y04S 20/46Ê(20130101)
pat0025,7324361,2008,Solar Inverter,Solar array inverter with maximum power tracking,Torrance  CA,CA,USA,http://www.google.com/patents?id=H5WnAAAAEBAJ&zoom=4&dq=Solar%20Racking&pg=PA1#v=onepage&q&f=false,invalid url,
pat0026,7333916,2008,Solar Monitoring,Performance monitor for a photovoltaic supply ,Warrenville  IL,IL,USA,http://patft.uspto.gov/netacgi/nph-Parser?Sect1=PTO1&Sect2=HITOFF&d=PALL&p=1&u=%2Fnetahtml%2FPTO%2Fsrchnum.htm&r=1&f=G&l=50&s1=7333916.PN.&OS=PN/7333916&RS=PN/7333916,valid,G01R 31/405Ê(20130101)
pat0027,7336201,2008,Solar Monitoring,Remote access energy meter system and method,Mineola  NY,NY,USA,http://patft.uspto.gov/netacgi/nph-Parser?Sect1=PTO1&Sect2=HITOFF&d=PALL&p=1&u=%2Fnetahtml%2FPTO%2Fsrchnum.htm&r=1&f=G&l=50&s1=7336201.PN.&OS=PN/7336201&RS=PN/7336201,valid,G01D 4/004Ê(20130101); H04Q 9/00Ê(20130101); Y02B 90/242Ê(20130101); Y04S 20/322Ê(20130101)
pat0028,7338311,2008,Solar Inverter,Protective device for a load current carrying apparatus ,Niestetal,,Germany,http://patft.uspto.gov/netacgi/nph-Parser?Sect1=PTO2&Sect2=HITOFF&u=%2Fnetahtml%2FPTO%2Fsearch-adv.htm&r=129&f=G&l=50&d=PTXT&s1=%28inverter.CLTX.+or+inverter.DCTX.%29&s2=%28photovoltaic.CLTX.+or+photovoltaic.DCTX.%29&co1=AND&p=3&OS=ACLM/inverter+AND+ACLM/,valid,H01L 31/048Ê(20130101); H01L 31/0522Ê(20130101); H01L 27/1422Ê(20130101); H01L 31/02021Ê(20130101); Y02B 10/12Ê(20130101); Y02E 10/52Ê(20130101)
pat0029,7352549,2008,Solar Inverter,Method of automatically recognizing an electrical system,Niestetal,,Germany,http://patft.uspto.gov/netacgi/nph-Parser?Sect1=PTO2&Sect2=HITOFF&u=%2Fnetahtml%2FPTO%2Fsearch-adv.htm&r=128&f=G&l=50&d=PTXT&s1=%28inverter.CLTX.+or+inverter.DCTX.%29&s2=%28photovoltaic.CLTX.+or+photovoltaic.DCTX.%29&co1=AND&p=3&OS=ACLM/inverter+AND+ACLM/,valid,H02J 3/26Ê(20130101); Y02E 40/50Ê(20130101)
pat0030,7365266,2008,Solar Mounting/Rack  ,Method and system for mounting photovoltaic material,Auburn Hills  MI,MI,USA,http://patft.uspto.gov/netacgi/nph-Parser?Sect1=PTO2&Sect2=HITOFF&u=%2Fnetahtml%2FPTO%2Fsearch-adv.htm&r=106&f=G&l=50&d=PTXT&s1=%28mounting.CLTX.+or+mounting.DCTX.%29&s2=%28photovoltaic.CLTX.+or+photovoltaic.DCTX.%29&co1=AND&p=3&OS=ACLM/mounting+AND+ACLM/,invalid url,
pat0031,7372709,2008,Solar Inverter,Power conditioning system for energy sources,Chicago  IL,IL,USA,http://patft.uspto.gov/netacgi/nph-Parser?Sect1=PTO2&Sect2=HITOFF&p=1&u=%2Fnetahtml%2FPTO%2Fsearch-adv.htm&r=5&f=G&l=50&d=PALL&S1=7372709&OS=7372709&RS=7372709,valid,H02M 5/458Ê(20130101); H02M 7/5387Ê(20130101); H02M 2001/007Ê(20130101)
pat0032,7394237,2008,Solar Monitoring,Maximum power point tracking method and tracking device thereof for a solar power system ,Taipei Hsien,N/A,Taiwan,http://patft.uspto.gov/netacgi/nph-Parser?Sect1=PTO1&Sect2=HITOFF&d=PALL&p=1&u=%2Fnetahtml%2FPTO%2Fsrchnum.htm&r=1&f=G&l=50&s1=7394237.PN.&OS=PN/7394237&RS=PN/7394237,valid,G05F 1/67Ê(20130101); H02M 1/42Ê(20130101); H02M 3/157Ê(20130101); Y02B 70/12Ê(20130101)
pat0033,7397653,2008,Solar Inverter,Inverter design ,Bend  OR,OR,USA,http://patft.uspto.gov/netacgi/nph-Parser?Sect1=PTO2&Sect2=HITOFF&u=%2Fnetahtml%2FPTO%2Fsearch-adv.htm&r=125&f=G&l=50&d=PTXT&s1=%28inverter.CLTX.+or+inverter.DCTX.%29&s2=%28photovoltaic.CLTX.+or+photovoltaic.DCTX.%29&co1=AND&p=3&OS=ACLM/inverter+AND+ACLM/,valid,H01L 31/0485Ê(20130101); Y02E 10/50Ê(20130101)
pat0034,7406800,2008,Solar Mounting/Rack,Mounting system for a solar panel,Saratoga  CA,USA,USA,http://patft.uspto.gov/netacgi/nph-Parser?Sect2=PTO1&Sect2=HITOFF&p=1&u=/netahtml/PTO/search-bool.html&r=1&f=G&l=50&d=PALL&RefSrch=yes&Query=PN/7406800,valid,F24J 2/5211Ê(20130101); F24J 2/5262Ê(20130101); H01L 31/0422Ê(20130101); H01L 31/0482Ê(20130101); F24J 2/4638Ê(20130101); F24J 2002/5279Ê(20130101); Y02B 10/12Ê(20130101); Y02B 10/20Ê(20130101); Y02E 10/47Ê(20130101); Y02E 10/50Ê(20130101)
pat0035,7411802,2008,Solar Inverter,Method of converting a direct current voltage from a source of direct current voltage  more specifically from a photovoltaic source of direct current voltage  into a alternating current voltage ,Niestetal,,Germany,http://patft.uspto.gov/netacgi/nph-Parser?Sect1=PTO2&Sect2=HITOFF&u=%2Fnetahtml%2FPTO%2Fsearch-adv.htm&r=123&f=G&l=50&d=PTXT&s1=%28inverter.CLTX.+or+inverter.DCTX.%29&s2=%28photovoltaic.CLTX.+or+photovoltaic.DCTX.%29&co1=AND&p=3&OS=ACLM/inverter+AND+ACLM/,invalid url,
pat0036,7414870,2008,Solar Inverter,Inverter,Ludenscheid,,Germany,http://patft.uspto.gov/netacgi/nph-Parser?Sect1=PTO2&Sect2=HITOFF&u=%2Fnetahtml%2FPTO%2Fsearch-adv.htm&r=122&f=G&l=50&d=PTXT&s1=%28inverter.CLTX.+or+inverter.DCTX.%29&s2=%28photovoltaic.CLTX.+or+photovoltaic.DCTX.%29&co1=AND&p=3&OS=ACLM/inverter+AND+ACLM/,valid,F24J 2/36Ê(20130101); F24J 2/542Ê(20130101); H01L 31/0422Ê(20130101); H01L 31/045Ê(20130101); H01M 10/465Ê(20130101); H02J 7/355Ê(20130101); F24J 2/523Ê(20130101); F24J 2002/5489Ê(20130101); H01M 2/1016Ê(20130101); Y02B 10/14Ê(20130101); Y02B 10/20Ê(20130101); Y02E 10/47Ê(20130101); Y02E 10/50Ê(20130101); Y02E 60/12Ê(20130101)
pat0037,7432618,2008,Solar Inverter,Inverter Anti-Islanding Method,Bend OR,OR,USA,http://www.google.com/patents?id=gzCuAAAAEBAJ&zoom=4&dq=%22solar%20inverter%22&pg=PA1#v=onepage&q=%22solar%20inverter%22&f=false,invalid url,
pat0038,7433215,2008,Solar Inverter,Inverter startup algorithm ,Bend  OR,OR,USA,http://patft.uspto.gov/netacgi/nph-Parser?Sect1=PTO2&Sect2=HITOFF&u=%2Fnetahtml%2FPTO%2Fsearch-adv.htm&r=120&f=G&l=50&d=PTXT&s1=%28inverter.CLTX.+or+inverter.DCTX.%29&s2=%28photovoltaic.CLTX.+or+photovoltaic.DCTX.%29&co1=AND&p=3&OS=ACLM/inverter+AND+ACLM/,valid,H02J 3/382Ê(20130101); H02J 2003/388Ê(20130101); Y02E 10/563Ê(20130101)
pat0039,7434362,2008,Solar Mounting/Rack  ,System for removably and adjustably mounting a device on a surface,Albuquerque  NM,NM,USA,http://patft.uspto.gov/netacgi/nph-Parser?Sect1=PTO2&Sect2=HITOFF&u=%2Fnetahtml%2FPTO%2Fsearch-adv.htm&r=100&f=G&l=50&d=PTXT&s1=%28mounting.CLTX.+or+mounting.DCTX.%29&s2=%28photovoltaic.CLTX.+or+photovoltaic.DCTX.%29&co1=AND&p=2&OS=ACLM/mounting+AND+ACLM/,invalid url,
pat0040,7435134,2008,Solar Mounting/Rack  ,Photovoltaic module mounting clip with integral grounding,Richmond  CA,CA,USA,http://patft.uspto.gov/netacgi/nph-Parser?Sect1=PTO2&Sect2=HITOFF&u=%2Fnetahtml%2FPTO%2Fsearch-adv.htm&r=99&f=G&l=50&d=PTXT&s1=%28mounting.CLTX.+or+mounting.DCTX.%29&s2=%28photovoltaic.CLTX.+or+photovoltaic.DCTX.%29&co1=AND&p=2&OS=ACLM/mounting+AND+ACLM/p,invalid url,
pat0041,7435897,2008,Solar Mounting/Rack  ,Apparatus and method for mounting photovoltaic power generating systems on buildings ,Billerica  MA,MA,USA,http://patft.uspto.gov/netacgi/nph-Parser?Sect1=PTO2&Sect2=HITOFF&u=%2Fnetahtml%2FPTO%2Fsearch-adv.htm&r=98&f=G&l=50&d=PTXT&s1=%28mounting.CLTX.+or+mounting.DCTX.%29&s2=%28photovoltaic.CLTX.+or+photovoltaic.DCTX.%29&co1=AND&p=2&OS=ACLM/mounting+AND+ACLM/p,invalid url,
pat0042,7465872,2008,Solar Inverter,Photovoltaic power converter system with a controller configured to actively compensate load harmonics ,Niskayuna  NY,NY,USA,http://patft.uspto.gov/netacgi/nph-Parser?Sect2=PTO1&Sect2=HITOFF&p=1&u=/netahtml/PTO/search-bool.html&r=1&f=G&l=50&d=PALL&RefSrch=yes&Query=PN/7465872,valid,H02J 3/01Ê(20130101); H02J 3/382Ê(20130101); Y02B 10/14Ê(20130101); Y02E 10/563Ê(20130101); Y02E 40/40Ê(20130101)
pat0043,7471073,2008,Solar Inverter,Method of finding a maximum power of a photovoltaic generator ,Niestetal,,Germany,http://patft.uspto.gov/netacgi/nph-Parser?Sect1=PTO2&Sect2=HITOFF&u=%2Fnetahtml%2FPTO%2Fsearch-adv.htm&r=117&f=G&l=50&d=PTXT&s1=%28inverter.CLTX.+or+inverter.DCTX.%29&s2=%28photovoltaic.CLTX.+or+photovoltaic.DCTX.%29&co1=AND&p=3&OS=ACLM/inverter+AND+ACLM/,valid,G05F 1/67Ê(20130101); Y02B 10/14Ê(20130101)
pat0044,7476832,2009,Solar Mounting/Rack  ,Seasonally adjustable mounting system for solar panels having dual motor assembly ,Hoffman Estates  IL,IL,USA,http://patft.uspto.gov/netacgi/nph-Parser?Sect1=PTO2&Sect2=HITOFF&p=1&u=%2Fnetahtml%2FPTO%2Fsearch-bool.html&r=27&f=G&l=50&co1=AND&d=PTXT&s1=mounting.TI.&s2=solar.TI.&OS=TTL/mounting+AND+TTL/solar&RS=TTL/mounting+AND+TTL/solar,valid,F24J 2/045Ê(20130101); F24J 2/5211Ê(20130101); F24J 2/5245Ê(20130101); F24J 2/5264Ê(20130101); H01L 31/0422Ê(20130101); H01L 31/0482Ê(20130101); F24J 2002/4669Ê(20130101); Y02B 10/12Ê(20130101); Y02B 10/20Ê(20130101); Y02E 10/44Ê(20130101); Y02E 10/47Ê(20130101); Y02E 10/50Ê(20130101)
pat0045,7479774,2009,Solar Inverter,High-performance solar photovoltaic PV energy conversion system ,Taoyuan ,,Taiwan,http://patft.uspto.gov/netacgi/nph-Parser?Sect1=PTO2&Sect2=HITOFF&u=%2Fnetahtml%2FPTO%2Fsearch-adv.htm&r=115&f=G&l=50&d=PTXT&s1=%28inverter.CLTX.+or+inverter.DCTX.%29&s2=%28photovoltaic.CLTX.+or+photovoltaic.DCTX.%29&co1=AND&p=3&OS=ACLM/inverter+AND+ACLM/,valid,H02M 7/003Ê(20130101); Y02E 10/56Ê(20130101)
pat0046,7481211,2009,Solar Mounting/Rack,Solar panel mounting structure,New York  NY,NY,USA,http://patft.uspto.gov/netacgi/nph-Parser?Sect1=PTO2&Sect2=HITOFF&u=%2Fnetahtml%2FPTO%2Fsearch-adv.htm&r=26&f=G&l=50&d=PTXT&s1=mounting.TI.&s2=solar.TI.&co1=AND&p=1&OS=TTL/mounting+AND+TTL/solar&RS=TTL/mounting+AND+TTL/solar,valid,F24J 2/5233Ê(20130101); F24J 2/5239Ê(20130101); H01L 31/0422Ê(20130101); F24J 2/4636Ê(20130101); Y02E 10/47Ê(20130101); Y02E 10/50Ê(20130101)
pat0047,7484507,2009,Solar Mounting/Rack  ,Method and apparatus for mounting an array of solar collectors ,Vaughn ,,Canada,http://patft.uspto.gov/netacgi/nph-Parser?Sect1=PTO2&Sect2=HITOFF&u=%2Fnetahtml%2FPTO%2Fsearch-adv.htm&r=96&f=G&l=50&d=PTXT&s1=%28mounting.CLTX.+or+mounting.DCTX.%29&s2=%28photovoltaic.CLTX.+or+photovoltaic.DCTX.%29&co1=AND&p=2&OS=ACLM/mounting+AND+ACLM/p,invalid url,
pat0048,7498953,2009,Solar Monitoring,Smart transmitter for utility meters ,Ocala  FL,FL,USA,http://patft.uspto.gov/netacgi/nph-Parser?Sect1=PTO1&Sect2=HITOFF&d=PALL&p=1&u=%2Fnetahtml%2FPTO%2Fsrchnum.htm&r=1&f=G&l=50&s1=7498953.PN.&OS=PN/7498953&RS=PN/7498953,valid,H04Q 9/00Ê(20130101)
pat0049,7500391,2009,Site Assessment,System and method for identifying the solar potential of rooftops ,Boulder  CO,CO,USA,http://patft.uspto.gov/netacgi/nph-Parser?Sect1=PTO2&Sect2=HITOFF&u=%2Fnetahtml%2FPTO%2Fsearch-adv.htm&r=447&f=G&l=50&d=PTXT&s1=%28%28%28solar.CLTX.+or+solar.DCTX.%29+OR+%28photovoltaic.CLTX.+or+photovoltaic.DCTX.%29%29+AND+%28%28%28%28%28%28%28%28%28mapping.CLTX.+or+mapping.DCTX.%29+OR+%28estimation.CLTX.+or+estimation.DCTX.%29%29+OR+%28obstruction.CLTX.+or+obstruction.DCTX.%29%29+OR+%28potential.CLTX.+or+potential.DCTX.%29%29+OR+%28site.CLTX.+or+site.DCTX.%29%29+OR+%28terrain.CLTX.+or+terrain.DCTX.%29%29+OR+%28access.CLTX.+or+access.DCTX.%29%29+OR+%28azimuth.CLTX.+or+azimuth.DCTX.%29%29+OR+%28survey.CLTX.+or+survey.DCTX.%29%29%29&p=9&OS=+%28%28ACLM/solar+OR+ACLM/photovoltaic%29+AND+%28%28%28%28%28%28%28%28ACLM/mapping+OR+ACLM/estimation%29+OR+ACLM/obstruction%29+OR+ACLM/potential%29+OR+ACLM/site%29+OR+ACLM/terrain%29+OR+ACLM/access%29+OR+ACLM/azimuth%29+OR+ACLM/survey%29%29&RS=%28%28ACLM/solar+OR+ACLM/photovoltaic%29+AND+%28%28%28%28%28%28%28%28ACLM/mapping+OR+ACLM/estimation%29+OR+ACLM/obstruction%29+OR+ACLM/potential%29+OR+ACLM/site%29+OR+ACLM/terrain%29+OR+ACLM/access%29+OR+ACLM/azimuth%29+OR+ACLM/survey%29%29,invalid url,
pat0050,7502241,2009,Solar Inverter,Inverter startup algorithm ,Bend  OR,OR,USA,http://patft.uspto.gov/netacgi/nph-Parser?Sect1=PTO2&Sect2=HITOFF&u=%2Fnetahtml%2FPTO%2Fsearch-adv.htm&r=113&f=G&l=50&d=PTXT&s1=%28inverter.CLTX.+or+inverter.DCTX.%29&s2=%28photovoltaic.CLTX.+or+photovoltaic.DCTX.%29&co1=AND&p=3&OS=ACLM/inverter+AND+ACLM/,invalid url,
pat0051,7516557,2009,Site Assessment,Solar site selection apparatus and method ,Linden  TN,TN,USA,http://patft.uspto.gov/netacgi/nph-Parser?Sect2=PTO1&Sect2=HITOFF&p=1&u=/netahtml/PTO/search-bool.html&r=1&f=G&l=50&d=PALL&RefSrch=yes&Query=PN/7516557,valid,G01W 1/12Ê(20130101)
pat0052,7519503,2009,Solar Monitoring,Data handling system ,Bergen,N/A,Norway,http://patft.uspto.gov/netacgi/nph-Parser?Sect1=PTO1&Sect2=HITOFF&d=PALL&p=1&u=%2Fnetahtml%2FPTO%2Fsrchnum.htm&r=1&f=G&l=50&s1=7519503.PN.&OS=PN/7519503&RS=PN/7519503,valid,G06Q 10/06Ê(20130101); Y04S 10/60Ê(20130101)
pat0053,7531741,2009,Solar Mounting/Rack; ,Tracking solar shelter ,Albuquerque  NM,NM,USA,http://patft.uspto.gov/netacgi/nph-Parser?Sect1=PTO2&Sect2=HITOFF&u=%2Fnetahtml%2FPTO%2Fsearch-adv.htm&r=108&f=G&l=50&d=PTXT&s1=%28inverter.CLTX.+or+inverter.DCTX.%29&s2=%28photovoltaic.CLTX.+or+photovoltaic.DCTX.%29&co1=AND&p=3&OS=ACLM/inverter+AND+ACLM/,invalid url,
pat0054,7557292,2009,Solar Mounting/Rack  ,Modular shade system with solar tracking panels,Richmond  CA,CA,USA,http://patft.uspto.gov/netacgi/nph-Parser?Sect1=PTO2&Sect2=HITOFF&u=%2Fnetahtml%2FPTO%2Fsearch-adv.htm&r=93&f=G&l=50&d=PTXT&s1=%28mounting.CLTX.+or+mounting.DCTX.%29&s2=%28photovoltaic.CLTX.+or+photovoltaic.DCTX.%29&co1=AND&p=2&OS=ACLM/mounting+AND+ACLM/p,invalid url,
pat0055,7564013,2009,Solar Inverter,Method for matching the power of a photovoltaic system to a working point at which the system produces maximum power ,Niestetal,,Germany,http://patft.uspto.gov/netacgi/nph-Parser?Sect1=PTO2&Sect2=HITOFF&u=%2Fnetahtml%2FPTO%2Fsearch-adv.htm&r=102&f=G&l=50&d=PTXT&s1=%28inverter.CLTX.+or+inverter.DCTX.%29&s2=%28photovoltaic.CLTX.+or+photovoltaic.DCTX.%29&co1=AND&p=3&OS=ACLM/inverter+AND+ACLM/,valid,H02M 7/53873Ê(20130101); H02J 3/38Ê(20130101); H02M 1/44Ê(20130101); H02M 2001/0048Ê(20130101); H02M 2001/007Ê(20130101); Y02B 70/1491Ê(20130101); Y02E 10/56Ê(20130101)
pat0056,7574842,2009,Solar Mounting/Rack  ,Apparatus for mounting photovoltaic power generating systems on buildings ,Billerica  MA,MA,USA,http://patft.uspto.gov/netacgi/nph-Parser?Sect1=PTO2&Sect2=HITOFF&u=%2Fnetahtml%2FPTO%2Fsearch-adv.htm&r=91&f=G&l=50&d=PTXT&s1=%28mounting.CLTX.+or+mounting.DCTX.%29&s2=%28photovoltaic.CLTX.+or+photovoltaic.DCTX.%29&co1=AND&p=2&OS=ACLM/mounting+AND+ACLM/p,invalid url,
pat0057,7576282,2009,Solar Mounting/Rack; ,Photovoltaic Awning structures,Sharon Center  OH,OH,USA,http://patft.uspto.gov/netacgi/nph-Parser?Sect2=PTO1&Sect2=HITOFF&p=1&u=/netahtml/PTO/search-bool.html&r=1&f=G&l=50&d=PALL&RefSrch=yes&Query=PN/7576282,valid,E04F 10/06Ê(20130101); E04F 10/0662Ê(20130101); H01L 31/042Ê(20130101); H01L 31/045Ê(20130101); E04F 10/0644Ê(20130101); Y02E 10/50Ê(20130101)
pat0058,7592537,2009,Solar Mounting/Rack  ,Method and apparatus for mounting photovoltaic modules ,San Rafael  CA,CA,USA,http://patft.uspto.gov/netacgi/nph-Parser?Sect1=PTO2&Sect2=HITOFF&u=%2Fnetahtml%2FPTO%2Fsearch-adv.htm&r=89&f=G&l=50&d=PTXT&s1=%28mounting.CLTX.+or+mounting.DCTX.%29&s2=%28photovoltaic.CLTX.+or+photovoltaic.DCTX.%29&co1=AND&p=2&OS=ACLM/mounting+AND+ACLM/p,invalid url,
pat0059,7600349,2009,Solar Mounting/Rack  ,Low profile mounting system,Albuquerque  NM,NM,USA,http://patft.uspto.gov/netacgi/nph-Parser?Sect1=PTO2&Sect2=HITOFF&u=%2Fnetahtml%2FPTO%2Fsearch-adv.htm&r=88&f=G&l=50&d=PTXT&s1=%28mounting.CLTX.+or+mounting.DCTX.%29&s2=%28photovoltaic.CLTX.+or+photovoltaic.DCTX.%29&co1=AND&p=2&OS=ACLM/mounting+AND+ACLM/p,invalid url,
pat0060,7605498,2009,Solar Inverter,Highly efficient solar power systems,Fort Collins  CO,CO,USA,http://patft.uspto.gov/netacgi/nph-Parser?Sect2=PTO1&Sect2=HITOFF&p=1&u=/netahtml/PTO/search-bool.html&r=1&f=G&l=50&d=PALL&RefSrch=yes&Query=PN/7605498,no abstract or claims,H02J 3/382Ê(20130101); H02M 2001/0077Ê(20130101); Y02B 10/14Ê(20130101); Y02E 10/563Ê(20130101); Y02E 10/58Ê(20130101)
pat0061,7610174,2009,Solar Inverter; Solar Monitoring,System for assured reliability in DC to AC power converters ,Santa Clara  CA,CA,USA,http://patft.uspto.gov/netacgi/nph-Parser?Sect2=PTO1&Sect2=HITOFF&p=1&u=/netahtml/PTO/search-bool.html&r=1&f=G&l=50&d=PALL&RefSrch=yes&Query=PN/7610174,valid,G01R 31/42Ê(20130101)
pat0062,7619200,2009,Solar Inverter; Solar Mounting/Rack,Device system and method for coupling multiple photovoltaic arrays,Fort Collins  CO,CO,USA,http://patft.uspto.gov/netacgi/nph-Parser?Sect2=PTO1&Sect2=HITOFF&p=1&u=/netahtml/PTO/search-bool.html&r=1&f=G&l=50&d=PALL&RefSrch=yes&Query=PN/7619200,valid,G05F 5/00Ê(20130101)
pat0063,7622666,2009,Solar Mounting/Rack; Solar Monitoring,Photovoltaic concentrator modules and systems having a heat dissipating element located within a volume in which light rays converge from an optical concentrating element towards a photovoltaic receiver ,Monrovia  CA,CA,USA,http://patft.uspto.gov/netacgi/nph-Parser?Sect1=PTO2&Sect2=HITOFF&u=%2Fnetahtml%2FPTO%2Fsearch-adv.htm&r=86&f=G&l=50&d=PTXT&s1=%28mounting.CLTX.+or+mounting.DCTX.%29&s2=%28photovoltaic.CLTX.+or+photovoltaic.DCTX.%29&co1=AND&p=2&OS=ACLM/mounting+AND+ACLM/p,invalid url,
pat0064,7622912,2009,Solar Monitoring,Method for enabling monitoring of power consumption ,San Jose  CA,CA,USA,http://patft.uspto.gov/netacgi/nph-Parser?Sect1=PTO1&Sect2=HITOFF&d=PALL&p=1&u=%2Fnetahtml%2FPTO%2Fsrchnum.htm&r=1&f=G&l=50&s1=7622912.PN.&OS=PN/7622912&RS=PN/7622912,valid,G01R 21/133Ê(20130101); G01R 21/06Ê(20130101)
pat0065,7632109,2009,Solar Mounting/Rack,Electrical connecting apparatus for flat conductors ,Detmold,,Germany,http://patft.uspto.gov/netacgi/nph-Parser?Sect1=PTO2&Sect2=HITOFF&u=%2Fnetahtml%2FPTO%2Fsearch-adv.htm&r=85&f=G&l=50&d=PTXT&s1=%28mounting.CLTX.+or+mounting.DCTX.%29&s2=%28photovoltaic.CLTX.+or+photovoltaic.DCTX.%29&co1=AND&p=2&OS=ACLM/mounting+AND+ACLM/p,invalid url,
pat0066,7648371,2010,Solar Mounting/Rack,Electrical connector arrangement for knife contacts,Detmold,,Germany,http://patft.uspto.gov/netacgi/nph-Parser?Sect1=PTO2&Sect2=HITOFF&u=%2Fnetahtml%2FPTO%2Fsearch-adv.htm&r=81&f=G&l=50&d=PTXT&s1=%28mounting.CLTX.+or+mounting.DCTX.%29&s2=%28photovoltaic.CLTX.+or+photovoltaic.DCTX.%29&co1=AND&p=2&OS=ACLM/mounting+AND+ACLM/p,invalid url,
pat0069,7667963,2010,Solar Inverter,Mount module for an inverter and inverter having a plurality of mount modules ,Wagen ,,Germany,http://patft.uspto.gov/netacgi/nph-Parser?Sect2=PTO1&Sect2=HITOFF&p=1&u=/netahtml/PTO/search-bool.html&r=1&f=G&l=50&d=PALL&RefSrch=yes&Query=PN/7667963,valid,H02M 7/003Ê(20130101); H05K 7/1432Ê(20130101); Y02E 10/56Ê(20130101)
pat0070,7672149,2010,Solar Inverter,Device for feeding electrical energy from an energy source ,Niestetal,,Germany,http://patft.uspto.gov/netacgi/nph-Parser?Sect1=PTO2&Sect2=HITOFF&u=%2Fnetahtml%2FPTO%2Fsearch-adv.htm&r=91&f=G&l=50&d=PTXT&s1=%28inverter.CLTX.+or+inverter.DCTX.%29&s2=%28photovoltaic.CLTX.+or+photovoltaic.DCTX.%29&co1=AND&p=2&OS=ACLM/inverter+AND+ACLM/p,valid,H02J 3/14Ê(20130101); H02J 13/0075Ê(20130101); Y02B 70/3225Ê(20130101); Y04S 20/222Ê(20130101); Y04S 20/224Ê(20130101)
pat0071,7678991,2010,Solar Mounting/Rack  ,Rigid integrated photovoltaic roofing membrane and related methods of manufacturing same ,Dallas  TX,TX,USA,http://patft.uspto.gov/netacgi/nph-Parser?Sect2=PTO1&Sect2=HITOFF&p=1&u=/netahtml/PTO/search-bool.html&r=1&f=G&l=50&d=PALL&RefSrch=yes&Query=PN/7678991,valid,E04D 1/26Ê(20130101); H01L 31/048Ê(20130101); H01L 31/0482Ê(20130101); H01L 31/05Ê(20130101); E04D 2001/308Ê(20130101); Y02B 10/12Ê(20130101); Y02E 10/50Ê(20130101)
pat0072,7690123,2010,Site Assessment,A skyline imaging system includes an image sensor and an inclination reference coupled to the image sensor. The inclination reference provides a righting moment for the image sensor and establishes a predetermined orientation for the image sensor relative to the Earth's gravity vector. A heading reference determines an azimuth heading for the image sensor. ,Sebastopol  CA,CA,USA,http://patft.uspto.gov/netacgi/nph-Parser?Sect1=PTO2&Sect2=HITOFF&u=%2Fnetahtml%2FPTO%2Fsearch-adv.htm&r=378&f=G&l=50&d=PTXT&s1=%28%28%28solar.CLTX.+or+solar.DCTX.%29+OR+%28photovoltaic.CLTX.+or+photovoltaic.DCTX.%29%29+AND+%28%28%28%28%28%28%28%28%28mapping.CLTX.+or+mapping.DCTX.%29+OR+%28estimation.CLTX.+or+estimation.DCTX.%29%29+OR+%28obstruction.CLTX.+or+obstruction.DCTX.%29%29+OR+%28potential.CLTX.+or+potential.DCTX.%29%29+OR+%28site.CLTX.+or+site.DCTX.%29%29+OR+%28terrain.CLTX.+or+terrain.DCTX.%29%29+OR+%28access.CLTX.+or+access.DCTX.%29%29+OR+%28azimuth.CLTX.+or+azimuth.DCTX.%29%29+OR+%28survey.CLTX.+or+survey.DCTX.%29%29%29&p=8&OS=+%28%28ACLM/solar+OR+ACLM/photovoltaic%29+AND+%28%28%28%28%28%28%28%28ACLM/mapping+OR+ACLM/estimation%29+OR+ACLM/obstruction%29+OR+ACLM/potential%29+OR+ACLM/site%29+OR+ACLM/terrain%29+OR+ACLM/access%29+OR+ACLM/azimuth%29+OR+ACLM/survey%29%29&RS=%28%28ACLM/solar+OR+ACLM/photovoltaic%29+AND+%28%28%28%28%28%28%28%28ACLM/mapping+OR+ACLM/estimation%29+OR+ACLM/obstruction%29+OR+ACLM/potential%29+OR+ACLM/site%29+OR+ACLM/terrain%29+OR+ACLM/access%29+OR+ACLM/azimuth%29+OR+ACLM/survey%29%29,invalid url,
pat0073,7692091,2010,Solar Mounting/Rack,Shape memory alloy motor as incorporated into solar tracking mechanism,Harrisonburg  VA  ,VA,USA,http://patft.uspto.gov/netacgi/nph-Parser?Sect1=PTO2&Sect2=HITOFF&u=%2Fnetahtml%2FPTO%2Fsearch-adv.htm&r=76&f=G&l=50&d=PTXT&s1=%28mounting.CLTX.+or+mounting.DCTX.%29&s2=%28photovoltaic.CLTX.+or+photovoltaic.DCTX.%29&co1=AND&p=2&OS=ACLM/mounting+AND+ACLM/p,invalid url,
pat0074,7703246,2010,Solar Mounting/Rack  ,Solar panel mounting structure,Antioch  CA,CA,USA,http://patft.uspto.gov/netacgi/nph-Parser?Sect2=PTO1&Sect2=HITOFF&p=1&u=/netahtml/PTO/search-bool.html&r=1&f=G&l=50&d=PALL&RefSrch=yes&Query=PN/7703246,valid,F24J 2/541Ê(20130101); H01L 31/0422Ê(20130101); F24J 2002/5462Ê(20130101); Y02E 10/47Ê(20130101); Y02E 10/50Ê(20130101)
pat0076,7706990,2010,Solar Monitoring,SYSTEMS AND METHODS FOR MEASURING UTILIZED GENERATION OF AT-PREMISE RENEWABLE POWER SYSTEMS ,Cold Spring  NY,NY,USA,http://patft.uspto.gov/netacgi/nph-Parser?Sect2=PTO1&Sect2=HITOFF&p=1&u=/netahtml/PTO/search-bool.html&r=1&f=G&l=50&d=PALL&RefSrch=yes&Query=PN/7706990,valid,G01D 4/004Ê(20130101); G06Q 20/102Ê(20130101); H04W 40/22Ê(20130101)
pat0077,7719140,2010,Solar Inverter,Systems for boundary controlled solar power conversion ,Fort Collins  CO,CO,USA,http://patft.uspto.gov/netacgi/nph-Parser?Sect2=PTO1&Sect2=HITOFF&p=1&u=/netahtml/PTO/search-bool.html&r=1&f=G&l=50&d=PALL&RefSrch=yes&Query=PN/7719140,no abstract or claims,H02J 3/382Ê(20130101); H02M 2001/0077Ê(20130101); Y02B 10/14Ê(20130101); Y02E 10/563Ê(20130101); Y02E 10/58Ê(20130101)
pat0078,7732949,2010,Solar Monitoring,System for method of predicting power events in an intermittent power environment and dispatching computational operations of an integrated circuit accordingly ,Armonk  NY,NY,USA,http://patft.uspto.gov/netacgi/nph-Parser?Sect1=PTO1&Sect2=HITOFF&d=PALL&p=1&u=%2Fnetahtml%2FPTO%2Fsrchnum.htm&r=1&f=G&l=50&s1=7732949.PN.&OS=PN/7732949&RS=PN/7732949,valid,C09K 11/77Ê(20130101); G06F 1/3203Ê(20130101)
pat0079,7733679,2010,Solar Inverter,Method for setting switching times  in particular idle times  of an inverter based on detected power and inverter,Pettenbach,,Austria,http://www.google.com/patents?id=GHLRAAAAEBAJ&zoom=4&dq=%22Solar%20inverter!%22&pg=PA1#v=onepage&q=%22Solar%20inverter!%22&f=false,invalid url,
pat0080,7738228,2010,Solar Inverter; Solar Monitoring,Inverter thermal protection ,Bend  OR,OR,USA,http://patft.uspto.gov/netacgi/nph-Parser?Sect1=PTO2&Sect2=HITOFF&u=%2Fnetahtml%2FPTO%2Fsearch-adv.htm&r=85&f=G&l=50&d=PTXT&s1=%28inverter.CLTX.+or+inverter.DCTX.%29&s2=%28photovoltaic.CLTX.+or+photovoltaic.DCTX.%29&co1=AND&p=2&OS=ACLM/inverter+AND+ACLM/p,valid,H02M 3/33523Ê(20130101); H02M 2007/4815Ê(20130101); Y02B 70/1433Ê(20130101); Y02B 70/1441Ê(20130101); Y02E 10/56Ê(20130101)
pat0081,7742897,2010,Solar Mounting/Rack,SYSTEMS AND METHODS FOR MONITORING AND DIAGNOSING THE POWER GENERATED BY RENEWABLE POWER SYSTEMS ,Cold Spring  NY,NY,USA,http://patft.uspto.gov/netacgi/nph-Parser?Sect1=PTO1&Sect2=HITOFF&d=PALL&p=1&u=%2Fnetahtml%2FPTO%2Fsrchnum.htm&r=1&f=G&l=50&s1=7742897.PN.&OS=PN/7742897&RS=PN/7742897,valid,H02J 13/0062Ê(20130101); H02J 3/382Ê(20130101); Y02E 40/72Ê(20130101); Y04S 10/123Ê(20130101); Y04S 40/124Ê(20130101)
pat0082,7745722,2010,Solar Mounting/Rack  ,System for mounting a solar module on a roof or the like and method of installing ,Warrenville  IL,IL,USA,http://patft.uspto.gov/netacgi/nph-Parser?Sect2=PTO1&Sect2=HITOFF&p=1&u=/netahtml/PTO/search-bool.html&r=1&f=G&l=50&d=PALL&RefSrch=yes&Query=PN/7745722,valid,F24J 2/045Ê(20130101); F24J 2/5211Ê(20130101); F24J 2/5245Ê(20130101); F24J 2/5264Ê(20130101); H01L 31/0422Ê(20130101); H01L 31/0482Ê(20130101); F24J 2002/4669Ê(20130101); Y02B 10/12Ê(20130101); Y02B 10/20Ê(20130101); Y02E 10/44Ê(20130101); Y02E 10/47Ê(20130101); Y02E 10/50Ê(20130101)
pat0083,7748175,2010,Solar Mounting/Rack  ,Method of manufacturing and installing a low profile mounting system,Albuquerque  NM,NM,USA,http://patft.uspto.gov/netacgi/nph-Parser?Sect1=PTO1&Sect2=HITOFF&d=PALL&p=1&u=%2Fnetahtml%2FPTO%2Fsrchnum.htm&r=1&f=G&l=50&s1=7748175.PN.&OS=PN/7748175&RS=PN/7748175,valid,F24J 2/5207Ê(20130101); F24J 2/5211Ê(20130101); F24J 2/5245Ê(20130101); F24J 2/5258Ê(20130101); F24J 2/526Ê(20130101); F24J 2/5264Ê(20130101); H01L 31/0422Ê(20130101); H01L 31/0482Ê(20130101); F24J 2002/5226Ê(20130101); Y02B 10/12Ê(20130101); Y02B 10/20Ê(20130101); Y02E 10/47Ê(20130101); Y02E 10/50Ê(20130101)
pat0084,7750502,2010,Solar Monitoring,Portable weather resistant flow meter system ,Stafford  TX,TX,USA,http://patft.uspto.gov/netacgi/nph-Parser?Sect1=PTO1&Sect2=HITOFF&d=PALL&p=1&u=%2Fnetahtml%2FPTO%2Fsrchnum.htm&r=1&f=G&l=50&s1=7750502.PN.&OS=PN/7750502&RS=PN/7750502,valid,G01D 11/24Ê(20130101); H02J 1/00Ê(20130101); H02J 7/355Ê(20130101); H02J 9/061Ê(20130101); Y02B 10/72Ê(20130101)
pat0085,7755916,2010,Solar Inverter; Solar Monitoring,Methods for minimizing double-frequency ripple power in single-phase power conditioners,Champagne IL,IL,USA,http://patft.uspto.gov/netacgi/nph-Parser?Sect1=PTO1&Sect2=HITOFF&d=PALL&p=1&u=%2Fnetahtml%2FPTO%2Fsrchnum.htm&r=1&f=G&l=50&s1=7755916.PN.&OS=PN/7755916&RS=PN/7755916,valid,H02J 3/1835Ê(20130101); H02J 3/1842Ê(20130101); H02J 3/382Ê(20130101); H02J 3/387Ê(20130101); H02J 2001/004Ê(20130101); Y02E 40/22Ê(20130101); Y02E 40/30Ê(20130101)
pat0086,7766292,2010,Solar Mounting/Rack  ,System for mounting a photovoltaic module to a surface,Albuquerque  NM,NM,USA,http://patft.uspto.gov/netacgi/nph-Parser?Sect1=PTO1&Sect2=HITOFF&d=PALL&p=1&u=%2Fnetahtml%2FPTO%2Fsrchnum.htm&r=1&f=G&l=50&s1=7766292.PN.&OS=PN/7766292&RS=PN/7766292,valid,F24J 2/5205Ê(20130101); F24J 2/5247Ê(20130101); F24J 2/5258Ê(20130101); F24J 2/526Ê(20130101); H01L 31/0422Ê(20130101); H01L 31/0482Ê(20130101); Y02B 10/12Ê(20130101); Y02B 10/20Ê(20130101); Y02E 10/47Ê(20130101); Y02E 10/50Ê(20130101)
pat0087,7768154,2010,Solar Inverter,Inverter bus structures and associated methods ,Bend  OR,OR,USA,http://patft.uspto.gov/netacgi/nph-Parser?Sect1=PTO2&Sect2=HITOFF&u=%2Fnetahtml%2FPTO%2Fsearch-adv.htm&r=83&f=G&l=50&d=PTXT&s1=%28inverter.CLTX.+or+inverter.DCTX.%29&s2=%28photovoltaic.CLTX.+or+photovoltaic.DCTX.%29&co1=AND&p=2&OS=ACLM/inverter+AND+ACLM/p,valid,G08B 13/1409Ê(20130101); G01R 31/405Ê(20130101)
pat0088,7768155,2010,Solar Inverter,Method and apparatus for improved burst mode during power conversion,Petaluma  CA,CA,USA,http://patft.uspto.gov/netacgi/nph-Parser?Sect2=PTO1&Sect2=HITOFF&p=1&u=/netahtml/PTO/search-bool.html&r=1&f=G&l=50&d=PALL&RefSrch=yes&Query=PN/7768155,valid,G05F 1/67Ê(20130101); H02J 3/382Ê(20130101); H02J 3/385Ê(20130101)
pat0089,7768751,2010,Solar Inverter ,System and method for ground fault detection and interruption,Fort Collins  CO,CO,USA,http://patft.uspto.gov/netacgi/nph-Parser?Sect2=PTO1&Sect2=HITOFF&p=1&u=/netahtml/PTO/search-bool.html&r=1&f=G&l=50&d=PALL&RefSrch=yes&Query=PN/7768751,valid,H02H 3/16Ê(20130101); H02H 7/1222Ê(20130101); H02H 7/20Ê(20130101)
pat0090,7772716,2010,Solar Inverter,Distributed maximum power point tracking system  structure and process,Menlo Park  CA,CA,USA,http://www.google.com/patents?id=xObSAAAAEBAJ&zoom=4&dq=%22Solar%20Inverter%22&pg=PA1#v=onepage&q=%22Solar%20Inverter%22&f=false,invalid url,
pat0091,7774998,2010,Solar Mounting/Rack  ,Ventilated photovoltaic module frame,Palo Alto  CA,CA,USA,http://patft.uspto.gov/netacgi/nph-Parser?Sect1=PTO1&Sect2=HITOFF&d=PALL&p=1&u=%2Fnetahtml%2FPTO%2Fsrchnum.htm&r=1&f=G&l=50&s1=7774998.PN.&OS=PN/7774998&RS=PN/7774998,valid,F24J 2/5211Ê(20130101); F24J 2/5245Ê(20130101); F24J 2/5262Ê(20130101); H01L 31/0482Ê(20130101); H01L 31/052Ê(20130101); F24J 2002/4665Ê(20130101); Y02B 10/12Ê(20130101); Y02B 10/20Ê(20130101); Y02E 10/47Ê(20130101); Y02E 10/50Ê(20130101)
pat0092,7779290,2010,Solar Monitoring,Computer implemented systems and methods for pre-emptive service and improved use of service resources ,San Jose  CA,CA,USA,http://patft.uspto.gov/netacgi/nph-Parser?Sect1=PTO1&Sect2=HITOFF&d=PALL&p=1&u=%2Fnetahtml%2FPTO%2Fsrchnum.htm&r=1&f=G&l=50&s1=7779290.PN.&OS=PN/7779290&RS=PN/7779290,valid,G06Q 10/0637Ê(20130101); G06Q 10/06393Ê(20130101); G06Q 10/10Ê(20130101); G06Q 10/20Ê(20130101); G06Q 50/06Ê(20130101); Y02E 40/76Ê(20130101); Y04S 10/54Ê(20130101); Y04S 10/545Ê(20130101); Y04S 10/56Ê(20130101); Y04S 10/58Ê(20130101)
pat0093,7786716,2010,Solar Monitoring,Nanosatellite solar cell regulator ,El Segundo,CA,USA,http://patft.uspto.gov/netacgi/nph-Parser?Sect1=PTO1&Sect2=HITOFF&d=PALL&p=1&u=%2Fnetahtml%2FPTO%2Fsrchnum.htm&r=1&f=G&l=50&s1=7786716.PN.&OS=PN/7786716&RS=PN/7786716,valid,B64G 1/428Ê(20130101); B64G 1/443Ê(20130101); H02J 4/00Ê(20130101); H02J 7/35Ê(20130101)
pat0094,7795837,2010,Solar Monitoring,Portable solar power supply trailer with a security containment area and multiple power interfaces ,Stafford  TX,TX,USA,http://patft.uspto.gov/netacgi/nph-Parser?Sect1=PTO1&Sect2=HITOFF&d=PALL&p=1&u=%2Fnetahtml%2FPTO%2Fsrchnum.htm&r=1&f=G&l=50&s1=7795837.PN.&OS=PN/7795837&RS=PN/7795837,valid,H01L 31/042Ê(20130101); H01M 10/441Ê(20130101); H01M 10/465Ê(20130101); H01M 14/005Ê(20130101); Y02E 10/50Ê(20130101); Y02E 60/12Ê(20130101)
pat0095,7797883,2010,Solar Mounting/Rack,Roof support apparatus for solar panels,Foster City  CA,CA,USA,http://www.google.com/patents/US7797883?dq=SolarCity&ei=CvjhT4nwBOfo2gXG05SyCw,invalid url,
pat0096,7799987,2010,Solar Mounting/Rack,Solar Tracker,Glendale  CA,CA,USA,http://www.google.com/patents?id=sUnWAAAAEBAJ&zoom=4&dq=Solar%20Racking&pg=PA1#v=onepage&q=Solar%20Racking&f=false,invalid url,
pat0097,7806377,2010,Solar Mounting/Rack  ,Modular solar panel mounting system ,Hopewell  NJ,NJ,USA,http://patft.uspto.gov/netacgi/nph-Parser?Sect1=PTO2&Sect2=HITOFF&p=1&u=%2Fnetahtml%2FPTO%2Fsearch-bool.html&r=21&f=G&l=50&co1=AND&d=PTXT&s1=mounting.TI.&s2=solar.TI.&OS=TTL/mounting+AND+TTL/solar&RS=TTL/mounting+AND+TTL/solar,valid,F24J 2/5207Ê(20130101); F24J 2/5211Ê(20130101); F24J 2/5232Ê(20130101); F24J 2/5258Ê(20130101); H01L 31/0422Ê(20130101); H01L 31/0482Ê(20130101); H01L 31/058Ê(20130101); F24J 2002/0092Ê(20130101); F24J 2002/5486Ê(20130101); Y02B 10/10Ê(20130101); Y02B 10/20Ê(20130101); Y02B 10/70Ê(20130101); Y02E 10/47Ê(20130101); Y02E 10/50Ê(20130101); Y02E 10/60Ê(20130101)
pat0098,7807918,2010,Solar Mounting/Rack  ,Modular shade system,Richmond  CA,CA,USA,http://patft.uspto.gov/netacgi/nph-Parser?Sect1=PTO1&Sect2=HITOFF&d=PALL&p=1&u=%2Fnetahtml%2FPTO%2Fsrchnum.htm&r=1&f=G&l=50&s1=7807918.PN.&OS=PN/7807918&RS=PN/7807918,valid,F24J 2/04Ê(20130101); F24J 2/045Ê(20130101); F24J 2/541Ê(20130101); F24J 2/523Ê(20130101); F24J 2002/5468Ê(20130101); Y02B 10/12Ê(20130101); Y02B 10/14Ê(20130101); Y02B 10/20Ê(20130101); Y02E 10/44Ê(20130101); Y02E 10/47Ê(20130101)
pat0099,7807919,2010,Solar Inverter; Solar Monitoring,Apparatuses and methods to reduce safety risks associated with photovoltaic systems,Los Gatos  CA,CA,USA,http://www.google.com/patents?id=Ew_XAAAAEBAJ&zoom=4&dq=tigo%20energy&pg=PA9#v=onepage&q=tigo%20energy&f=false,invalid url,
pat0100,7808127,2010,Solar Monitoring,Multile input channel power control circuit ,Richardson  TX,TX,USA,http://patft.uspto.gov/netacgi/nph-Parser?Sect1=PTO1&Sect2=HITOFF&d=PALL&p=1&u=%2Fnetahtml%2FPTO%2Fsrchnum.htm&r=1&f=G&l=50&s1=7808127.PN.&OS=PN/7808127&RS=PN/7808127,valid,H02J 7/0055Ê(20130101)
pat0101,7812247,2010,Solar Mounting/Rack,Flexible photovoltaic array with integrated wiring and control circuitry  and associated methods ,Littleton  CO,CO,USA,http://patft.uspto.gov/netacgi/nph-Parser?Sect1=PTO1&Sect2=HITOFF&d=PALL&p=1&u=%2Fnetahtml%2FPTO%2Fsrchnum.htm&r=1&f=G&l=50&s1=7812247.PN.&OS=PN/7812247&RS=PN/7812247,valid,H01L 31/02008Ê(20130101); H01L 31/048Ê(20130101); Y02E 10/50Ê(20130101)
pat0102,7812592,2010,Solar Monitoring,Method of monitoring a photovoltaic generator ,Niestetal,,Germany,http://patft.uspto.gov/netacgi/nph-Parser?Sect1=PTO1&Sect2=HITOFF&d=PALL&p=1&u=%2Fnetahtml%2FPTO%2Fsrchnum.htm&r=1&f=G&l=50&s1=7812592.PN.&OS=PN/7812592&RS=PN/7812592,valid,G01R 31/405Ê(20130101); G01R 31/02Ê(20130101); H01L 31/042Ê(20130101)
pat0103,7813153,2010,Solar Inverter,Inverter,Niestetal,,Germany,http://www.google.com/patents?id=AGzXAAAAEBAJ&zoom=4&dq=solar%20inverter&pg=PA1#v=onepage&q=solar%20inverter&f=false,invalid url,
pat0104,7814899,2010,Solar Mounting/Rack  ,Solar panel mounting systems ,Los Angeles  CA,CA,USA,http://patft.uspto.gov/netacgi/nph-Parser?Sect1=PTO2&Sect2=HITOFF&p=1&u=%2Fnetahtml%2FPTO%2Fsearch-bool.html&r=20&f=G&l=50&co1=AND&d=PTXT&s1=mounting.TI.&s2=solar.TI.&OS=TTL/mounting+AND+TTL/solar&RS=TTL/mounting+AND+TTL/solar,valid,F24J 2/5211Ê(20130101); F24J 2/5262Ê(20130101); H01L 31/0422Ê(20130101); H01L 31/0482Ê(20130101); F24J 2/4638Ê(20130101); F24J 2002/5279Ê(20130101); Y02B 10/12Ê(20130101); Y02B 10/20Ê(20130101); Y02E 10/47Ê(20130101); Y02E 10/50Ê(20130101)
pat0105,7817419,2010,Solar Inverter,Solar inverter assembly,Wagen,,Germany,http://patft.uspto.gov/netacgi/nph-Parser?Sect2=PTO1&Sect2=HITOFF&p=1&u=/netahtml/PTO/search-bool.html&r=1&f=G&l=50&d=PALL&RefSrch=yes&Query=PN/7817419,valid,H02J 7/35Ê(20130101)
pat0106,7819114,2010,Solar Mounting/Rack; Solar Inverter ,Plug and play solar panel assembly,Sunnyvale  CA,CA,USA,http://www.google.com/patents?id=61PYAAAAEBAJ&zoom=4&dq=solar%20inverter&pg=PA1#v=onepage&q=solar%20inverter&f=false,invalid url,
pat0107,7819913,2010,Solar Monitoring,UPS having solar powered battery charger ,Taipei Hsien,N/A,Taiwan,http://patft.uspto.gov/netacgi/nph-Parser?Sect1=PTO1&Sect2=HITOFF&d=PALL&p=1&u=%2Fnetahtml%2FPTO%2Fsrchnum.htm&r=1&f=G&l=50&s1=7781913.PN.&OS=PN/7781913&RS=PN/7781913,valid,H02J 7/35Ê(20130101); H02J 9/062Ê(20130101); Y02B 10/72Ê(20130101)
pat0109,7823583,2010,Solar Mounting/Rack  ,Solar collector mounting array,Pasadena  CA,CA,USA,http://patft.uspto.gov/netacgi/nph-Parser?Sect1=PTO2&Sect2=HITOFF&p=1&u=%2Fnetahtml%2FPTO%2Fsearch-bool.html&r=19&f=G&l=50&co1=AND&d=PTXT&s1=mounting.TI.&s2=solar.TI.&OS=TTL/mounting+AND+TTL/solar&RS=TTL/mounting+AND+TTL/solar,valid,F24J 2/5207Ê(20130101); F24J 2/5211Ê(20130101); F24J 2/5245Ê(20130101); F24J 2/5254Ê(20130101); F24J 2/5262Ê(20130101); H01L 31/0422Ê(20130101); F24J 2002/4661Ê(20130101); F24J 2002/5215Ê(20130101); Y02B 10/12Ê(20130101); Y02E 10/47Ê(20130101); Y02E 10/50Ê(20130101)
pat0110,7824189,2010,Solar Mounting/Rack;  ,Junction box for photovoltaic modules,Berwyn  PA,PA,USA,http://patft.uspto.gov/netacgi/nph-Parser?Sect1=PTO1&Sect2=HITOFF&d=PALL&p=1&u=%2Fnetahtml%2FPTO%2Fsrchnum.htm&r=1&f=G&l=50&s1=7824189.PN.&OS=PN/7824189&RS=PN/7824189,valid,H01L 31/0485Ê(20130101); Y02E 10/50Ê(20130101)
pat0111,7824191,2010,Solar Inverter,Connector with conductor piercing prongs for a solar panel,Roanoke  TX,TX,USA,http://www.google.com/patents?id=uoDYAAAAEBAJ&zoom=4&dq=solar%20inverter&pg=PA1#v=onepage&q=solar%20inverter&f=false,invalid url,
pat0112,7832157,2010,Solar Mounting/Rack,MOUNTING SYSTEM FOR A SOLAR PANEL,Los Gatos  CA,CA,USA,http://patft.uspto.gov/netacgi/nph-Parser?Sect2=PTO1&Sect2=HITOFF&p=1&u=/netahtml/PTO/search-bool.html&r=1&f=G&l=50&d=PALL&RefSrch=yes&Query=PN/7832157,valid,F24J 2/5211Ê(20130101); F24J 2/5262Ê(20130101); H01L 31/0422Ê(20130101); H01L 31/0482Ê(20130101); F24J 2/4638Ê(20130101); F24J 2002/5279Ê(20130101); Y02B 10/12Ê(20130101); Y02B 10/20Ê(20130101); Y02E 10/47Ê(20130101); Y02E 10/50Ê(20130101)
pat0113,7832267,2010,Site Assessment,Method for determining temporal solar irradiance values ,Boulder  CO,CO,USA,http://patft.uspto.gov/netacgi/nph-Parser?Sect1=PTO1&Sect2=HITOFF&d=PALL&p=1&u=%2Fnetahtml%2FPTO%2Fsrchnum.htm&r=1&f=G&l=50&s1=7832267.PN.&OS=PN/7832267&RS=PN/7832267,valid,G06F 17/5004Ê(20130101); G06F 17/5009Ê(20130101); F24J 2/461Ê(20130101); F24J 2200/04Ê(20130101); G06F 2217/78Ê(20130101); Y02B 10/20Ê(20130101)
pat0114,7834471,2010,Solar Monitoring,Spring powered electric energy storage system ,Waterford  MI,MI,USA,http://patft.uspto.gov/netacgi/nph-Parser?Sect1=PTO1&Sect2=HITOFF&d=PALL&p=1&u=%2Fnetahtml%2FPTO%2Fsrchnum.htm&r=1&f=G&l=50&s1=7834471.PN.&OS=PN/7834471&RS=PN/7834471,valid,F03G 1/02Ê(20130101); F03G 6/001Ê(20130101); H02P 9/04Ê(20130101); Y02B 10/20Ê(20130101); Y02B 10/30Ê(20130101); Y02B 10/70Ê(20130101); Y02E 10/38Ê(20130101); Y02E 10/46Ê(20130101); Y02E 10/725Ê(20130101)
pat0115,7834580,2010,Solar Monitoring,Solar powered apparatus ,West Kingston  RI,RI,USA,patft.uspto.gov/netacgi/nph-Parser?Sect1=PTO1&Sect2=HITOFF&d=PALL&p=1&u=%2Fnetahtml%2FPTO%2Fsrchnum.htm&r=1&f=G&l=50&s1=7834580.PN.&OS=PN/7834580&RS=PN/7834580,invalid url,
pat0116,7843085,2010,Solar Inverter,Systems for highly efficient solar power,Fort Collins  CO,CO,USA,http://patft.uspto.gov/netacgi/nph-Parser?Sect2=PTO1&Sect2=HITOFF&p=1&u=/netahtml/PTO/search-bool.html&r=1&f=G&l=50&d=PALL&RefSrch=yes&Query=PN/7843085,no abstract or claims,H02J 3/382Ê(20130101); H02M 2001/0077Ê(20130101); Y02B 10/14Ê(20130101); Y02E 10/563Ê(20130101); Y02E 10/58Ê(20130101)
pat0117,7843714,2010,Solar Inverter,Inverter  more specifically for photovoltaic plants ,Niestetal,,Germany,http://patft.uspto.gov/netacgi/nph-Parser?Sect1=PTO2&Sect2=HITOFF&u=%2Fnetahtml%2FPTO%2Fsearch-adv.htm&r=71&f=G&l=50&d=PTXT&s1=%28inverter.CLTX.+or+inverter.DCTX.%29&s2=%28photovoltaic.CLTX.+or+photovoltaic.DCTX.%29&co1=AND&p=2&OS=ACLM/inverter+AND+ACLM/p,invalid url,
pat0118,7844568,2010,Solar Monitoring,System and method for data processing and transferring in a multi computer environment for energy reporting and forecasting,Wilmington  DE,DE,USA,http://patft.uspto.gov/netacgi/nph-Parser?Sect2=PTO1&Sect2=HITOFF&p=1&u=/netahtml/PTO/search-bool.html&r=1&f=G&l=50&d=PALL&RefSrch=yes&Query=PN/7844568,valid,G01R 21/01Ê(20130101); G01R 21/133Ê(20130101); G01R 21/1338Ê(20130101)
pat0119,7845128,2010,Solar Mounting/Rack  ,Unitized building integrated photovoltaic conversion module,Alameda  CA,CA,USA,http://patft.uspto.gov/netacgi/nph-Parser?Sect2=PTO1&Sect2=HITOFF&p=1&u=/netahtml/PTO/search-bool.html&r=1&f=G&l=50&d=PALL&RefSrch=yes&Query=PN/7845128,valid,E04B 2/88Ê(20130101); H01L 31/02021Ê(20130101); H01L 31/0422Ê(20130101); H01L 31/0428Ê(20130101); Y02B 10/12Ê(20130101); Y02B 10/14Ê(20130101); Y02E 10/52Ê(20130101)
pat0120,7847181,2010,Solar Mounting/Rack  ,Building integrated photovoltaic conversion system implemented with integrated control management units ,Alameda  CA,CA,USA,http://patft.uspto.gov/netacgi/nph-Parser?Sect2=PTO1&Sect2=HITOFF&p=1&u=/netahtml/PTO/search-bool.html&r=1&f=G&l=50&d=PALL&RefSrch=yes&Query=PN/7847181,valid,E04B 2/88Ê(20130101); H01L 31/02021Ê(20130101); H01L 31/0422Ê(20130101); H01L 31/0428Ê(20130101); Y02B 10/12Ê(20130101); Y02B 10/14Ê(20130101); Y02E 10/52Ê(20130101)
pat0121,7847436,2010,Solar Monitoring,Modular power supply ,Milpitas  CA,CA,USA,http://patft.uspto.gov/netacgi/nph-Parser?Sect2=PTO1&Sect2=HITOFF&p=1&u=/netahtml/PTO/search-bool.html&r=1&f=G&l=50&d=PALL&RefSrch=yes&Query=PN/7847436,valid,H02M 7/49Ê(20130101)
pat0122,7849849,2010,Solar Mounting/Rack  ,Frame assembly for mounting solar modules ,Rangsdorf,,Germany,http://patft.uspto.gov/netacgi/nph-Parser?Sect1=PTO2&Sect2=HITOFF&p=1&u=%2Fnetahtml%2FPTO%2Fsearch-bool.html&r=17&f=G&l=50&co1=AND&d=PTXT&s1=mounting.TI.&s2=solar.TI.&OS=TTL/mounting+AND+TTL/solar&RS=TTL/mounting+AND+TTL/solar,invalid url,
pat0123,7855473,2010,Solar Inverter,Apparatus for phase rotation for a three-phase AC circuit ,Petaluma  CA,CA,USA,http://patft.uspto.gov/netacgi/nph-Parser?Sect2=PTO1&Sect2=HITOFF&p=1&u=/netahtml/PTO/search-bool.html&r=1&f=G&l=50&d=PALL&RefSrch=yes&Query=PN/7855473,valid,H02J 3/26Ê(20130101); Y02E 40/50Ê(20130101)
pat0124,7856769,2010,Solar Mounting/Rack  ,Rack assembly for mounting solar modules,Berkeley  CA,CA,USA,http://patft.uspto.gov/netacgi/nph-Parser?Sect1=PTO2&Sect2=HITOFF&u=%2Fnetahtml%2FPTO%2Fsearch-adv.htm&r=16&f=G&l=50&d=PTXT&s1=mounting.TI.&s2=solar.TI.&co1=AND&p=1&OS=TTL/mounting+AND+TTL/solar&RS=TTL/mounting+AND+TTL/solar,invalid url,
pat0125,7858874,2010,Solar Mounting/Rack  ,Continuous circuit overlay solar shingles,Kensington  MD,MD,USA,http://patft.uspto.gov/netacgi/nph-Parser?Sect1=PTO1&Sect2=HITOFF&d=PALL&p=1&u=%2Fnetahtml%2FPTO%2Fsrchnum.htm&r=1&f=G&l=50&s1=7858874.PN.&OS=PN/7858874&RS=PN/7858874,valid,E04D 1/26Ê(20130101); E04D 1/34Ê(20130101); H01L 31/0482Ê(20130101); H01L 31/0483Ê(20130101); H01L 31/05Ê(20130101); E04D 2001/3429Ê(20130101); H01R 4/58Ê(20130101); Y02B 10/12Ê(20130101); Y02E 10/50Ê(20130101)
pat0126,7861422,2011,Site Assessment,Skyline imaging system for solar access determination ,Sebastopol  CA,CA,USA,http://patft.uspto.gov/netacgi/nph-Parser?Sect1=PTO2&Sect2=HITOFF&u=%2Fnetahtml%2FPTO%2Fsearch-adv.htm&r=306&f=G&l=50&d=PTXT&s1=%28%28%28solar.CLTX.+or+solar.DCTX.%29+OR+%28photovoltaic.CLTX.+or+photovoltaic.DCTX.%29%29+AND+%28%28%28%28%28%28%28%28%28mapping.CLTX.+or+mapping.DCTX.%29+OR+%28estimation.CLTX.+or+estimation.DCTX.%29%29+OR+%28obstruction.CLTX.+or+obstruction.DCTX.%29%29+OR+%28potential.CLTX.+or+potential.DCTX.%29%29+OR+%28site.CLTX.+or+site.DCTX.%29%29+OR+%28terrain.CLTX.+or+terrain.DCTX.%29%29+OR+%28access.CLTX.+or+access.DCTX.%29%29+OR+%28azimuth.CLTX.+or+azimuth.DCTX.%29%29+OR+%28survey.CLTX.+or+survey.DCTX.%29%29%29&p=7&OS=+%28%28ACLM/solar+OR+ACLM/photovoltaic%29+AND+%28%28%28%28%28%28%28%28ACLM/mapping+OR+ACLM/estimation%29+OR+ACLM/obstruction%29+OR+ACLM/potential%29+OR+ACLM/site%29+OR+ACLM/terrain%29+OR+ACLM/access%29+OR+ACLM/azimuth%29+OR+ACLM/survey%29%29&RS=%28%28ACLM/solar+OR+ACLM/photovoltaic%29+AND+%28%28%28%28%28%28%28%28ACLM/mapping+OR+ACLM/estimation%29+OR+ACLM/obstruction%29+OR+ACLM/potential%29+OR+ACLM/site%29+OR+ACLM/terrain%29+OR+ACLM/access%29+OR+ACLM/azimuth%29+OR+ACLM/survey%29%29,invalid url,
pat0127,7866098,2011,Solar Mounting/Rack,MOUNTING SYSTEM FOR A SOLAR PANEL,Saratoga  CA,CA,USA,http://patft.uspto.gov/netacgi/nph-Parser?Sect2=PTO1&Sect2=HITOFF&p=1&u=/netahtml/PTO/search-bool.html&r=1&f=G&l=50&d=PALL&RefSrch=yes&Query=PN/7866098,valid,F24J 2/5211Ê(20130101); F24J 2/5262Ê(20130101); H01L 31/0422Ê(20130101); H01L 31/0482Ê(20130101); F24J 2/4638Ê(20130101); F24J 2002/5279Ê(20130101); Y02B 10/12Ê(20130101); Y02B 10/20Ê(20130101); Y02E 10/47Ê(20130101); Y02E 10/50Ê(20130101)
pat0128,7866099,2011,Solar Mounting/Rack  ,Mounting structure of solar cell module,Osaka-shi,,Japan,http://patft.uspto.gov/netacgi/nph-Parser?Sect1=PTO2&Sect2=HITOFF&p=1&u=%2Fnetahtml%2FPTO%2Fsearch-bool.html&r=14&f=G&l=50&co1=AND&d=PTXT&s1=mounting.TI.&s2=solar.TI.&OS=TTL/mounting+AND+TTL/solar&RS=TTL/mounting+AND+TTL/solar,valid,F24J 2/5211Ê(20130101); F24J 2/5262Ê(20130101); H01L 31/0422Ê(20130101); H01L 31/0482Ê(20130101); F24J 2/4638Ê(20130101); F24J 2002/5279Ê(20130101); Y02B 10/12Ê(20130101); Y02B 10/20Ê(20130101); Y02E 10/47Ê(20130101); Y02E 10/50Ê(20130101)
pat0131,7872375,2011,Solar Monitoring,Multiple bi-directional input/output power control system ,Detroit  MI,MI,USA,http://patft.uspto.gov/netacgi/nph-Parser?Sect1=PTO2&Sect2=HITOFF&u=%2Fnetahtml%2FPTO%2Fsearch-adv.htm&r=188&f=G&l=50&d=PTXT&s1=solar.CLTX.+or+solar.DCTX.+AND+monitor.CLTX.+or+monitor.DCTX.+OR+monitoring.CLTX.+or+monitoring.DCTX.+OR+photovoltaic.CLTX.+or+photovoltaic.DCTX.+AND+monitor.CLTX.+or+monitor.DCTX.+OR+monitoring.CLTX.+or+monitoring.DCTX.&p=4&OS=+ACLM/solar+AND+ACLM/monitor+OR+ACLM/monitoring+OR+ACLM/photovoltaic+AND+ACLM/monitor+OR+ACLM/monitoring&RS=ACLM/solar+AND+ACLM/monitor+OR+ACLM/monitoring+OR+ACLM/photovoltaic+AND+ACLM/monitor+OR+ACLM/monitoring,invalid url,
pat0132,7873490,2011,Site Assessment,Solar access measurement device ,Sebastopol  CA,CA,USA,http://patft.uspto.gov/netacgi/nph-Parser?Sect1=PTO2&Sect2=HITOFF&u=%2Fnetahtml%2FPTO%2Fsearch-adv.htm&r=299&f=G&l=50&d=PTXT&s1=%28%28%28solar.CLTX.+or+solar.DCTX.%29+OR+%28photovoltaic.CLTX.+or+photovoltaic.DCTX.%29%29+AND+%28%28%28%28%28%28%28%28%28mapping.CLTX.+or+mapping.DCTX.%29+OR+%28estimation.CLTX.+or+estimation.DCTX.%29%29+OR+%28obstruction.CLTX.+or+obstruction.DCTX.%29%29+OR+%28potential.CLTX.+or+potential.DCTX.%29%29+OR+%28site.CLTX.+or+site.DCTX.%29%29+OR+%28terrain.CLTX.+or+terrain.DCTX.%29%29+OR+%28access.CLTX.+or+access.DCTX.%29%29+OR+%28azimuth.CLTX.+or+azimuth.DCTX.%29%29+OR+%28survey.CLTX.+or+survey.DCTX.%29%29%29&p=6&OS=+%28%28ACLM/solar+OR+ACLM/photovoltaic%29+AND+%28%28%28%28%28%28%28%28ACLM/mapping+OR+ACLM/estimation%29+OR+ACLM/obstruction%29+OR+ACLM/potential%29+OR+ACLM/site%29+OR+ACLM/terrain%29+OR+ACLM/access%29+OR+ACLM/azimuth%29+OR+ACLM/survey%29%29&RS=%28%28ACLM/solar+OR+ACLM/photovoltaic%29+AND+%28%28%28%28%28%28%28%28ACLM/mapping+OR+ACLM/estimation%29+OR+ACLM/obstruction%29+OR+ACLM/potential%29+OR+ACLM/site%29+OR+ACLM/terrain%29+OR+ACLM/access%29+OR+ACLM/azimuth%29+OR+ACLM/survey%29%29,invalid url,
pat0133,7884278,2011,Solar Inverter; Solar Monitoring,Apparatuses and methods to reduce safety risks associated with photovoltaic systems ,Los Gatos  CA,CA,USA,http://patft.uspto.gov/netacgi/nph-Parser?Sect1=PTO2&Sect2=HITOFF&p=2&u=%2Fnetahtml%2FPTO%2Fsearch-bool.html&r=66&f=G&l=50&co1=AND&d=PTXT&s1=%28inverter.CLTX.+or+inverter.DCTX.%29&s2=%28photovoltaic.CLTX.+or+photovoltaic.DCTX.%29&OS=ACLM/inverter+AND+ACLM,valid,H01L 31/02021Ê(20130101); H02J 3/383Ê(20130101); Y02E 10/563Ê(20130101)
pat0134,7884500,2011,Solar Inverter,High voltage array converter,Sunnyvale  CA,CA,USA,http://patft.uspto.gov/netacgi/nph-Parser?Sect2=PTO1&Sect2=HITOFF&p=1&u=/netahtml/PTO/search-bool.html&r=1&f=G&l=50&d=PALL&RefSrch=yes&Query=PN/7884500,valid,H01L 31/02021Ê(20130101); H02J 3/382Ê(20130101); H02M 7/48Ê(20130101); Y02E 10/50Ê(20130101)
pat0135,7888584,2011,Solar Mounting/Rack  ,Solar cell  module  array  network  and power grid ,Aloha  OR,OR,USA,http://patft.uspto.gov/netacgi/nph-Parser?Sect1=PTO1&Sect2=HITOFF&d=PALL&p=1&u=%2Fnetahtml%2FPTO%2Fsrchnum.htm&r=1&f=G&l=50&s1=7888584.PN.&OS=PN/7888584&RS=PN/7888584,valid,H01L 31/042Ê(20130101); H01L 31/0422Ê(20130101); H02J 7/355Ê(20130101); Y02E 10/50Ê(20130101)
pat0136,7888587,2011,Solar Mounting/Rack  ,Modular shade system with solar tracking panels,Richmond  CA,WA,USA,http://patft.uspto.gov/netacgi/nph-Parser?Sect1=PTO1&Sect2=HITOFF&d=PALL&p=1&u=%2Fnetahtml%2FPTO%2Fsrchnum.htm&r=1&f=G&l=50&s1=7888587.PN.&OS=PN/7888587&RS=PN/7888587,valid,F24J 2/04Ê(20130101); F24J 2/045Ê(20130101); F24J 2/541Ê(20130101); F24J 2/523Ê(20130101); F24J 2002/5468Ê(20130101); Y02B 10/12Ê(20130101); Y02B 10/14Ê(20130101); Y02B 10/20Ê(20130101); Y02E 10/44Ê(20130101); Y02E 10/47Ê(20130101)
pat0137,7890217,2011,Solar Monitoring,Integrated real-time power and solar farm control system ,Schenectady  NY,NY,USA,http://patft.uspto.gov/netacgi/nph-Parser?Sect1=PTO2&Sect2=HITOFF&u=%2Fnetahtml%2FPTO%2Fsearch-adv.htm&r=179&f=G&l=50&d=PTXT&s1=solar.CLTX.+or+solar.DCTX.+AND+monitor.CLTX.+or+monitor.DCTX.+OR+monitoring.CLTX.+or+monitoring.DCTX.+OR+photovoltaic.CLTX.+or+photovoltaic.DCTX.+AND+monitor.CLTX.+or+monitor.DCTX.+OR+monitoring.CLTX.+or+monitoring.DCTX.&p=4&OS=+ACLM/solar+AND+ACLM/monitor+OR+ACLM/monitoring+OR+ACLM/photovoltaic+AND+ACLM/monitor+OR+ACLM/monitoring&RS=ACLM/solar+AND+ACLM/monitor+OR+ACLM/monitoring+OR+ACLM/photovoltaic+AND+ACLM/monitor+OR+ACLM/monitoring,invalid url,
pat0138,7893346,2011,Solar Inverter;  ,Integrated voltaic energy system ,Glen Mills  PA,PA,USA,http://patft.uspto.gov/netacgi/nph-Parser?Sect1=PTO1&Sect2=HITOFF&d=PALL&p=1&u=%2Fnetahtml%2FPTO%2Fsrchnum.htm&r=1&f=G&l=50&s1=7893346.PN.&OS=PN/7893346&RS=PN/7893346,valid,H01L 31/042Ê(20130101); H02J 3/382Ê(20130101); Y02E 10/563Ê(20130101)
pat0139,7896000,2011,Solar Mounting/Rack  ,Integrated thermal and photovoltaic solar collector and method for operation and mounting an array of solar collectors ,Vaughn ,,Canada,http://patft.uspto.gov/netacgi/nph-Parser?Sect1=PTO2&Sect2=HITOFF&p=1&u=%2Fnetahtml%2FPTO%2Fsearch-bool.html&r=13&f=G&l=50&co1=AND&d=PTXT&s1=mounting.TI.&s2=solar.TI.&OS=TTL/mounting+AND+TTL/solar&RS=TTL/mounting+AND+TTL/solar,no CPC,
pat0140,7898112,2011,Solar Monitoring,Apparatuses and methods to connect power sources to an electric power system,Los Gatos  CA,CA,USA,http://patft.uspto.gov/netacgi/nph-Parser?Sect1=PTO2&Sect2=HITOFF&u=%2Fnetahtml%2FPTO%2Fsearch-adv.htm&r=178&f=G&l=50&d=PTXT&s1=solar.CLTX.+or+solar.DCTX.+AND+monitor.CLTX.+or+monitor.DCTX.+OR+monitoring.CLTX.+or+monitoring.DCTX.+OR+photovoltaic.CLTX.+or+photovoltaic.DCTX.+AND+monitor.CLTX.+or+monitor.DCTX.+OR+monitoring.CLTX.+or+monitoring.DCTX.&p=4&OS=+ACLM/solar+AND+ACLM/monitor+OR+ACLM/monitoring+OR+ACLM/photovoltaic+AND+ACLM/monitor+OR+ACLM/monitoring&RS=ACLM/solar+AND+ACLM/monitor+OR+ACLM/monitoring+OR+ACLM/photovoltaic+AND+ACLM/monitor+OR+ACLM/monitoring,invalid url,
pat0141,7899035,2011,Solar Inverter,Communication structure for solar inverters,Vienna  Austria - Siemens NJ office,,Austria,http://www.google.com/patents?id=yA8dAQAAEBAJ&zoom=4&dq=%22Solar%20inverter!%22&pg=PA1#v=onepage&q=%22Solar%20inverter!%22&f=false,invalid url,
pat0142,7900361,2011,Solar Inverter; Solar Monitoring,Current bypass for distributed power harvesting systems using DC power sources,Herzelia,,Israel,http://patft.uspto.gov/netacgi/nph-Parser?Sect1=PTO1&Sect2=HITOFF&d=PALL&p=1&u=%2Fnetahtml%2FPTO%2Fsrchnum.htm&r=1&f=G&l=50&s1=7900361.PN.&OS=PN/7900361&RS=PN/7900361,valid,H02J 1/12Ê(20130101); H02J 3/382Ê(20130101); H02M 3/1584Ê(20130101); H02M 2001/007Ê(20130101)
pat0143,7900407,2008,Solar Mounting/Rack,Interconnected solar module design and system,Berkley CA,CA,USA,http://www.google.com/patents?id=DxEuAQAAEBAJ&zoom=4&dq=Solar%20Racking&pg=PA1#v=onepage&q=Solar%20Racking&f=false,invalid url,
pat0144,7906870,2011,Solar Inverter,System and method for anti-islanding  such as anti-islanding for a grid-connected photovoltaic inverter ,Bend  OR,OR,USA,http://patft.uspto.gov/netacgi/nph-Parser?Sect1=PTO2&Sect2=HITOFF&p=2&u=%2Fnetahtml%2FPTO%2Fsearch-bool.html&r=61&f=G&l=50&co1=AND&d=PTXT&s1=%28inverter.CLTX.+or+inverter.DCTX.%29&s2=%28photovoltaic.CLTX.+or+photovoltaic.DCTX.%29&OS=ACLM/inverter+AND+ACLM,valid,H02J 7/35Ê(20130101); H02J 9/062Ê(20130101); Y02B 10/72Ê(20130101)
pat0145,7908348,2011,Solar Mounting/Rack,Dynamic installation and uninstallation system of renewable energy farm hardware,Schenectady  NY,NY,USA,http://www.google.com/patents?id=D8lQAQAAEBAJ&zoom=4&dq=%22solar%20inverter%22&pg=PA1#v=onepage&q=%22solar%20inverter%22&f=false,invalid url,
pat0146,7913181,2011,Solar Monitoring,Method and Apparatus for Monitoring a Power System,Schenectady  NY,NY,USA,http://appft1.uspto.gov/netacgi/nph-Parser?Sect1=PTO2&Sect2=HITOFF&u=%2Fnetahtml%2FPTO%2Fsearch-adv.html&r=698&p=14&f=G&l=50&d=PG01&S1=%28%28solar.CLM.+AND+%28monitor.CLM.+OR+monitoring.CLM.%29%29+OR+%28photovoltaic.CLM.+AND+%28monitor.CLM.+OR+monitoring.CLM.%29%29%29&OS=+%28aclm/solar+and+%28aclm/monitor+or+aclm/monitoring%29%29+or+%28aclm/photovoltaic+and+%28aclm/monitor+or+aclm/monitoring%29%29&RS=%28%28ACLM/solar+AND+%28ACLM/monitor+OR+ACLM/monitoring%29%29+OR+%28ACLM/photovoltaic+AND+%28ACLM/monitor+OR+ACLM/monitoring%29%29%29,valid,F24J 2/38 20130101; F24J 2002/0084 20130101; G01S 3/7861 20130101; H01L 31/0422 20130101; Y02E 10/47 20130101
pat0147,7919953,2011,Solar Inverter,Solar power capacitor alternative switch circuitry system for enhanced capacitor life,Fort Collins  CO,CO,USA,http://patft.uspto.gov/netacgi/nph-Parser?Sect2=PTO1&Sect2=HITOFF&p=1&u=/netahtml/PTO/search-bool.html&r=1&f=G&l=50&d=PALL&RefSrch=yes&Query=PN/7919953,valid,G05F 5/00Ê(20130101)
pat0148,7921607,2011,Solar Mounting/Rack  ,Apparatus for mounting a solar panel or other article to a roof or other structure ,Novato  CA,CA,USA,http://patft.uspto.gov/netacgi/nph-Parser?Sect1=PTO2&Sect2=HITOFF&p=1&u=%2Fnetahtml%2FPTO%2Fsearch-bool.html&r=12&f=G&l=50&co1=AND&d=PTXT&s1=mounting.TI.&s2=solar.TI.&OS=TTL/mounting+AND+TTL/solar&RS=TTL/mounting+AND+TTL/solar,invalid url,
pat0149,7924582,2011,Solar Inverter,Switching device and method  in particular for photovoltaic generators ,Niestetal,,Germany,http://patft.uspto.gov/netacgi/nph-Parser?Sect1=PTO2&Sect2=HITOFF&p=2&u=%2Fnetahtml%2FPTO%2Fsearch-bool.html&r=60&f=G&l=50&co1=AND&d=PTXT&s1=%28inverter.CLTX.+or+inverter.DCTX.%29&s2=%28photovoltaic.CLTX.+or+photovoltaic.DCTX.%29&OS=ACLM/inverter+AND+ACLM,valid,H02J 3/383Ê(20130101)
pat0150,7925552,2011,Solar Monitoring,RENEWABLE ENERGY SYSTEM MONITOR ,Foster City  CA,CA,USA,http://patft.uspto.gov/netacgi/nph-Parser?Sect1=PTO2&Sect2=HITOFF&u=%2Fnetahtml%2FPTO%2Fsearch-adv.htm&r=167&f=G&l=50&d=PTXT&s1=solar.CLTX.+or+solar.DCTX.+AND+monitor.CLTX.+or+monitor.DCTX.+OR+monitoring.CLTX.+or+monitoring.DCTX.+OR+photovoltaic.CLTX.+or+photovoltaic.DCTX.+AND+monitor.CLTX.+or+monitor.DCTX.+OR+monitoring.CLTX.+or+monitoring.DCTX.&p=4&OS=+ACLM/solar+AND+ACLM/monitor+OR+ACLM/monitoring+OR+ACLM/photovoltaic+AND+ACLM/monitor+OR+ACLM/monitoring&RS=ACLM/solar+AND+ACLM/monitor+OR+ACLM/monitoring+OR+ACLM/photovoltaic+AND+ACLM/monitor+OR+ACLM/monitoring,invalid url,
pat0151,7929324,2011,Solar Inverter,Blade architecture array converter ,Sunnyvale  CA,CA,USA,http://patft.uspto.gov/netacgi/nph-Parser?Sect1=PTO1&Sect2=HITOFF&d=PALL&p=1&u=%2Fnetahtml%2FPTO%2Fsrchnum.htm&r=1&f=G&l=50&s1=7929324.PN.&OS=PN/7929324&RS=PN/7929324,valid,H02J 3/382Ê(20130101); H02M 7/493Ê(20130101); H02M 2001/0064Ê(20130101); H02M 2003/1586Ê(20130101)
pat0152,7929325,2011,Solar Inverter,High efficiency  multi-source photovoltaic inverter ,Niskayuna  NY,NY,USA,http://patft.uspto.gov/netacgi/nph-Parser?Sect2=PTO1&Sect2=HITOFF&p=1&u=/netahtml/PTO/search-bool.html&r=1&f=G&l=50&d=PALL&RefSrch=yes&Query=PN/7929325,valid,H02M 3/1588Ê(20130101); H02M 3/3374Ê(20130101); H02M 2001/007Ê(20130101); Y02B 70/1425Ê(20130101); Y02B 70/1433Ê(20130101); Y02B 70/1466Ê(20130101); Y02E 10/56Ê(20130101)
pat0153,7929326,2011,Solar Inverter,Distributed multiphase converters,Sunnyvale  CA,CA,USA,http://patft.uspto.gov/netacgi/nph-Parser?Sect1=PTO1&Sect2=HITOFF&d=PALL&p=1&u=%2Fnetahtml%2FPTO%2Fsrchnum.htm&r=1&f=G&l=50&s1=7929326.PN.&OS=PN/7929326&RS=PN/7929326,valid,H02M 3/155Ê(20130101); H02M 3/158Ê(20130101)
pat0154,7931488,2011,Solar Mounting/Rack ,Connection and junction box for a solar module,Blomberg,,Germany,http://patft.uspto.gov/netacgi/nph-Parser?Sect1=PTO2&Sect2=HITOFF&u=%2Fnetahtml%2FPTO%2Fsearch-adv.htm&r=52&f=G&l=50&d=PTXT&s1=%28mounting.CLTX.+or+mounting.DCTX.%29&s2=%28photovoltaic.CLTX.+or+photovoltaic.DCTX.%29&co1=AND&p=2&OS=ACLM/mounting+AND+ACLM/p,invalid url,
pat0155,7938661,2011,Solar Mounting/Rack;   ,Photovoltaic module connector assembly,Berwyn  PA,PA,USA,http://patft.uspto.gov/netacgi/nph-Parser?Sect1=PTO2&Sect2=HITOFF&u=%2Fnetahtml%2FPTO%2Fsearch-adv.htm&r=51&f=G&l=50&d=PTXT&s1=%28mounting.CLTX.+or+mounting.DCTX.%29&s2=%28photovoltaic.CLTX.+or+photovoltaic.DCTX.%29&co1=AND&p=2&OS=ACLM/mounting+AND+ACLM/p,invalid url,
pat0156,7940032,2011,Solar Inverter,Power supply having maximum power point tracking function ,Gyunggi-do  Korea,,Korea,http://patft.uspto.gov/netacgi/nph-Parser?Sect1=PTO2&Sect2=HITOFF&p=2&u=%2Fnetahtml%2FPTO%2Fsearch-bool.html&r=58&f=G&l=50&co1=AND&d=PTXT&s1=%28inverter.CLTX.+or+inverter.DCTX.%29&s2=%28photovoltaic.CLTX.+or+photovoltaic.DCTX.%29&OS=ACLM/inverter+AND+ACLM,invalid url,
pat0157,7952897,2011,Solar Inverter; Solar Monitoring,System for producing electric power from renewable sources and a control method thereof ,Arezzo,,Italy,http://patft.uspto.gov/netacgi/nph-Parser?Sect1=PTO2&Sect2=HITOFF&p=2&u=%2Fnetahtml%2FPTO%2Fsearch-bool.html&r=57&f=G&l=50&co1=AND&d=PTXT&s1=%28inverter.CLTX.+or+inverter.DCTX.%29&s2=%28photovoltaic.CLTX.+or+photovoltaic.DCTX.%29&OS=ACLM/inverter+AND+ACLM,valid,H05K 7/20945Ê(20130101)
pat0158,7955134,2011,Solar Inverter,Photovoltaic inverter,Niestetal,,Germany,http://www.google.com/patents?id=KejmAQAAEBAJ&zoom=4&dq=solar%20inverter&pg=PA1#v=onepage&q=solar%20inverter&f=false,invalid url,
pat0159,7960863,2011,Solar Inverter; Solar Monitoring,System and method of determining maximum power point tracking for a solar power inverter ,Bend  OR,OR,USA,http://patft.uspto.gov/netacgi/nph-Parser?Sect1=PTO2&Sect2=HITOFF&p=2&u=%2Fnetahtml%2FPTO%2Fsearch-bool.html&r=55&f=G&l=50&co1=AND&d=PTXT&s1=%28inverter.CLTX.+or+inverter.DCTX.%29&s2=%28photovoltaic.CLTX.+or+photovoltaic.DCTX.%29&OS=ACLM/inverter+AND+ACLM,valid,G01R 31/028Ê(20130101); H02H 7/16Ê(20130101)
pat0160,7962247,2011,Solar Monitoring,Computer implemented systems and methods for start-up  calibration and troubleshooting of an installed renewable energy system ,Camarillo  CA,CA,USA,http://patft.uspto.gov/netacgi/nph-Parser?Sect1=PTO2&Sect2=HITOFF&u=%2Fnetahtml%2FPTO%2Fsearch-adv.htm&r=153&f=G&l=50&d=PTXT&s1=solar.CLTX.+or+solar.DCTX.+AND+monitor.CLTX.+or+monitor.DCTX.+OR+monitoring.CLTX.+or+monitoring.DCTX.+OR+photovoltaic.CLTX.+or+photovoltaic.DCTX.+AND+monitor.CLTX.+or+monitor.DCTX.+OR+monitoring.CLTX.+or+monitoring.DCTX.&p=4&OS=+ACLM/solar+AND+ACLM/monitor+OR+ACLM/monitoring+OR+ACLM/photovoltaic+AND+ACLM/monitor+OR+ACLM/monitoring&RS=ACLM/solar+AND+ACLM/monitor+OR+ACLM/monitoring+OR+ACLM/photovoltaic+AND+ACLM/monitor+OR+ACLM/monitoring,invalid url,
pat0161,7962249,2011,Solar Monitoring,Method and system for providing central control in an energy generating system ,Santa Clara  CA,CA,USA,http://patft.uspto.gov/netacgi/nph-Parser?Sect1=PTO2&Sect2=HITOFF&u=%2Fnetahtml%2FPTO%2Fsearch-adv.htm&r=152&f=G&l=50&d=PTXT&s1=solar.CLTX.+or+solar.DCTX.+AND+monitor.CLTX.+or+monitor.DCTX.+OR+monitoring.CLTX.+or+monitoring.DCTX.+OR+photovoltaic.CLTX.+or+photovoltaic.DCTX.+AND+monitor.CLTX.+or+monitor.DCTX.+OR+monitoring.CLTX.+or+monitoring.DCTX.&p=4&OS=+ACLM/solar+AND+ACLM/monitor+OR+ACLM/monitoring+OR+ACLM/photovoltaic+AND+ACLM/monitor+OR+ACLM/monitoring&RS=ACLM/solar+AND+ACLM/monitor+OR+ACLM/monitoring+OR+ACLM/photovoltaic+AND+ACLM/monitor+OR+ACLM/monitoring,invalid url,
pat0162,7964837,2011,Solar Inverter; Solar Mounting/Rack,Photovoltaic inverter interface device  system  and method ,Fort Collins  CO,CO,USA,http://patft.uspto.gov/netacgi/nph-Parser?Sect1=PTO2&Sect2=HITOFF&p=2&u=%2Fnetahtml%2FPTO%2Fsearch-bool.html&r=54&f=G&l=50&co1=AND&d=PTXT&s1=%28inverter.CLTX.+or+inverter.DCTX.%29&s2=%28photovoltaic.CLTX.+or+photovoltaic.DCTX.%29&OS=ACLM/inverter+AND+ACLM,valid,H01R 12/592Ê(20130101)
pat0163,7969757,2011,Solar Inverter,Apparatus providing bias to solar cells ,Sunnyvale  CA,CA,USA,http://patft.uspto.gov/netacgi/nph-Parser?Sect1=PTO1&Sect2=HITOFF&d=PALL&p=1&u=%2Fnetahtml%2FPTO%2Fsrchnum.htm&r=1&f=G&l=50&s1=7969757.PN.&OS=PN/7969757&RS=PN/7969757,valid,H01L 31/02021Ê(20130101); H01L 31/0296Ê(20130101); H02J 3/382Ê(20130101); Y02E 10/50Ê(20130101)
