Y02E,H05K,H02M,

H01L,Y02E,Y02B,
F24J,Y02E,H01L,

H02H,

F24J,Y02E,E06B,
Y02E,H01L,
F01K,
Y02E,H02M,Y02E,

F24J,Y02E,H01L,
Y02E,G05F,
H01L,Y02E,G08B,
G08B,
G01R,H01L,
G01D,H05B,G08C,
Y02E,G05F,





Y04S,G01D,H04Q,

G01R,
G01D,H04Q,Y04S,
H01L,Y02E,Y02B,
Y02E,H02J,

H02M,
H02M,Y02B,G05F,
Y02E,H01L,
F24J,Y02E,H01L,

F24J,Y02E,H01L,

H02J,Y02E,



Y02E,H02J,Y02E,
Y02B,G05F,
F24J,Y02E,H01L,
Y02E,H02M,
F24J,Y02E,H01L,

H04Q,


G01W,
G06Q,Y04S,


H02M,Y02E,Y02B,

E04F,H01L,Y02E,


Y02E,Y02B,H02M,
G01R,
G05F,

G01R,


Y02E,H05K,H02M,
Y04S,H02J,Y04S,
H01L,E04D,Y02E,


Y02E,F24J,Y02E,
G01D,G06Q,H04W,
Y02E,Y02B,H02M,
C09K,G06F,

Y02B,H02M,Y02B,
Y04S,H02J,Y04S,
F24J,Y02E,H01L,
F24J,Y02E,H01L,
H02J,G01D,Y02B,
H02J,Y02E,
F24J,Y02E,H01L,
G01R,G08B,
H02J,G05F,
H02H,

F24J,Y02E,H01L,
G06Q,Y04S,Y02E,
B64G,H02J,
H01M,Y02E,H01L,


F24J,Y02E,H01L,
F24J,Y02B,Y02E,

H02J,
H01L,Y02E,
G01R,H01L,

F24J,Y02E,H01L,
H02J,

H02J,Y02B,
F24J,Y02E,H01L,
Y02E,H01L,

F24J,Y02E,H01L,
G06F,F24J,Y02B,
Y02E,Y02B,Y02E,

Y02E,Y02B,H02M,

G01R,
H01L,Y02B,Y02E,
H01L,Y02B,Y02E,
H02M,

Y02E,H02J,

E04D,H01L,E04D,

F24J,Y02E,H01L,
F24J,Y02E,H01L,


Y02E,H01L,H02J,
Y02E,H01L,H02M,
H01L,Y02E,H02J,
F24J,Y02B,Y02E,

Y02E,H01L,H02J,



H02M,H02J,

H02J,Y02B,

F24J,Y02E,G01S,
G05F,

H02J,

H02M,H02J,
Y02B,H02M,Y02B,
H02M,



H05K,

G01R,H02H,


H01R,
H01L,Y02E,H02J,
H02M,H02J,
F24J,Y02E,Y02B,
Y02E,Y02B,Y02E,
G05F,
F24J,Y02E,H01L,
G05B,F24J,H04L,
H02J,
Y02E,Y02B,H02M,
E21B,
Y02E,H02H,H02J,




H02J,
Y02E,H01L,
H02M,Y02E,Y02B,
H04Q,
H04L,G08B,

H02J,G05F,
H02J,
Y02E,H01H,H02J,
H02J,
G01S,F24J,G01S,
H02M,Y02E,G05F,


Y02E,H01L,Y02B,
H02J,
Y02T,H01M,Y02T,

F24J,Y02E,Y02B,

Y02E,Y02B,H02M,

H02M,Y02E,Y02B,

F24J,F16B,F24J,


Y02E,H02H,
G05F,
H02J,Y02B,

H01R,H01L,H01R,



H02M,
H02H,


F24J,Y02E,H01L,
Y02E,H01L,
G01R,Y04S,Y02B,
Y02B,H02M,Y02B,
H02M,H02J,
G06Q,Y04S,
Y02E,Y02B,Y02E,
G01R,G08B,


Y02E,H01L,
G01W,
G01R,H02S,G06Q,
H02J,
H02M,
H01L,Y02B,Y02E,

H02J,
F24J,F16B,H01L,











H01L,Y02E,H02J,

Y02E,H01L,Y04S,
F17D,G08B,
H01L,Y02B,H01L,
Y02E,H02M,H02J,
Y02E,H01L,H02J,
F24J,Y02E,H01L,
H02M,H02J,H02M,
H02M,H02J,Y02E,
H01H,
H02M,Y02E,
H02M,Y02B,


Y02E,H02J,


Y02E,H01L,H02J,

H02J,


Y02E,Y02B,H02M,
H04Q,
H02J,Y02E,Y04S,



Y02B,F02D,
Y02E,H02J,

G01W,
G01R,H02S,G06Q,
Y02E,H02J,
Y02E,H02J,

G08C,H04Q,H04B,
Y02E,Y02C,F02B,








G06T,G01W,
G01N,
B65B,
G11C,H01L,
A61F,A61M,A61B,
G06T,F24J,

H01L,

G05F,
H02M,
Y02E,H02J,

Y02E,Y02B,H02M,
H02M,H02J,
E04D,Y02B,E04D,
G01R,H01L,

H01L,Y02B,H01L,


H02H,H02J,
H05K,F28D,
Y02E,Y02B,H02M,
G01R,H02H,
F05B,H02J,F05B,

G01R,H02H,


Y02B,Y02E,H02M,
F24J,Y02E,H01L,
Y02E,G05F,H02M,

H02J,
H02J,
H02J,
H01H,
H02M,H02J,Y02E,
H01L,Y02E,Y02B,
H02J,Y02B,
H02M,


G01J,Y02E,
Y02E,H02J,
G01R,Y02E,H01L,
H02M,Y02E,G05F,
Y02E,H02H,H02J,
H02M,

G01R,
H01L,
F03D,
G01R,H01L,H02J,
H02M,
H02M,H03K,H02J,


H01L,Y02E,
F05B,H02J,F05B,
H02J,
H01L,Y02E,

Y02E,H02J,Y02E,
Y02B,H01L,Y02E,
H02J,Y02B,
H01L,
H01L,

H01L,

H02M,H03K,H02J,
Y02E,H02J,H02M,
Y02E,H02J,

H02J,Y02E,H01L,
G01R,
Y02E,H02M,Y02E,

F24F,Y02B,F24F,
H01L,Y02E,

H02M,Y02E,

B60W,Y02T,B60K,

H02J,
Y02B,H01L,
F24J,Y02E,H01L,
H01L,G02F,Y02E,
H05K,H02M,H02J,
H02M,H02J,
H02M,

G01R,
H02M,
Y02E,H02M,H02J,
G01R,H02H,




H02J,H01L,




H02J,
H02J,

F24J,Y02E,H01L,
H02J,
H02J,

G01R,Y02E,H01L,
H02M,H02J,

H02J,



H02J,
H01F,H05B,
C09K,G21H,

H02M,Y02E,Y02B,
H01L,Y02E,
Y02E,G05F,
H02M,Y02B,
H05B,Y02B,
Y02E,H01L,H02J,
Y02E,H02J,Y02E,


G01R,
Y02E,Y02B,Y02E,
H02J,

Y02E,H02J,

Y02E,Y02B,H02M,
G01R,
H02M,Y02E,F24J,
Y02E,H02J,
H01L,H02H,H02M,
H02H,H01L,
E04D,Y02B,E04D,
G05F,
H01L,Y02E,


Y02E,H02J,
Y02E,G05F,


E21B,B01D,



H01L,Y02E,
F24J,Y02E,H01L,
H02J,
H02M,H02J,
H02J,
Y02T,G08G,B64C,














H02J,
G06K,
Y02E,F24J,C01B,
G06Q,
H02J,H01L,
F24J,Y02E,
Y02E,G05B,F03G,
Y02E,H01L,G05F,
H02J,Y02B,Y02E,


H01L,
H04B,
G01R,Y04S,Y02B,



G05B,H04L,
H02H,H02J,

E05F,E05Y,H04W,

G06F,H04M,H04W,
G01R,



H02J,
G09F,F21V,H05B,
G01R,
H05B,
B60L,H02J,
H02J,
B01L,F25B,
Y02E,G05F,
H04N,G08G,

G01R,
B64C,B64B,H04B,
H05B,Y02B,H05B,

H05B,Y02B,
H04L,
G01R,
G01D,H04Q,G01M,
H04L,
H01M,Y02E,
H02J,H05B,
H02H,H01L,



H01L,B22F,Y02E,
Y02E,H02J,

G01R,H04Q,H01L,
G01N,C01B,
G09B,
H04Q,
H02J,G05F,
H01L,Y02B,
E04D,H01L,E04D,
Y02E,H02M,H02J,
H02J,G05F,
H01L,Y02E,G02F,
H01L,
H02H,Y02B,H02J,
H02H,Y02E,
H01L,Y02E,F24J,
H02J,Y02E,H01L,


F24J,H01L,

F24J,F16C,H01L,
F24J,H01L,F24J,
Y02E,B32B,H01L,
F24J,Y02E,H01L,
Y02E,Y04S,H02J,
G08B,
F24J,H01L,Y02E,
H01L,Y02E,
F24J,H01L,Y02E,

F24J,Y02E,H01L,

F24J,F16B,Y02E,
F24J,Y02E,H01L,
H01L,Y02E,Y02B,
F24J,Y02E,Y02B,
H01L,Y02B,Y02E,
H01L,Y02B,Y02E,
H01L,Y02B,Y02E,
H01L,Y02E,
Y02E,H02J,
F24J,Y02E,E04D,
F24J,Y02E,E04D,
F24J,Y02E,Y02B,
H01L,Y02E,Y02B,
Y02E,F24J,H01L,
F24J,Y02B,

F24J,Y02E,H01L,
H01L,Y02B,H01L,

F24J,Y02E,H01L,
F24J,Y02E,H01L,
F24J,F16B,Y02E,
G02B,Y02E,H01L,
F24J,H01L,Y02B,
F24J,H01L,F24J,

Y02E,H01L,
Y02E,F24J,Y02B,
Y02E,F24J,Y02B,
Y02E,F24J,Y02B,
Y02E,F24J,Y02B,
H01L,Y02B,
F24J,Y02E,H01L,

Y02E,H01L,Y02E,
F24J,Y02B,

F24J,E04B,

F24J,Y02B,
H01L,Y02E,

F24J,Y02E,H01L,
H01L,Y02B,
E04F,F24J,Y02B,

F24J,F16B,F24J,
F24J,Y02E,H01L,

F24J,
H01L,Y02B,
F24J,Y02E,H01L,
F24J,F16B,H01L,
F24J,Y02E,H01L,
Y02E,F24J,Y02E,
H01R,H01L,Y02B,
F24J,H01L,F24J,
F24J,H01L,F24J,
F24J,Y02E,Y02B,
F24J,Y02B,
E04D,Y02B,E04D,
Y02E,F24J,Y02E,
H01L,


F24J,F16B,
F24J,F16B,H01L,
F24J,H01L,
Y02E,H01L,
Y02E,H01L,Y02B,
F24J,H01L,F24J,
F24J,H01L,Y02B,
Y02E,F24J,Y02E,

H01L,F24J,Y02E,
H01L,F24J,Y02E,
F24J,Y02E,H01L,
H01L,Y02E,B82Y,
Y02E,H01L,Y02B,
F24J,Y02E,H01L,
Y02E,H01L,
F24J,F16C,H01L,
F24J,Y02E,H01L,
F24J,H01L,
Y02E,F24J,Y02E,
F24J,H01L,
H05K,H01L,Y02E,
Y02B,Y02E,H01L,
Y02E,H01L,
Y02E,F24J,H01L,
H01L,Y02E,

F24J,Y02E,H01L,


F24J,H01L,Y02B,
F24J,Y02E,Y02B,
F24J,Y02E,
Y02B,Y02E,F24J,
F24J,H01L,Y02B,
H01L,

F24J,H01L,Y02B,


F24J,Y02E,H01L,
F24J,Y02E,H01L,
H01L,Y02B,H01L,
H01L,
Y02E,F24J,Y02B,
H01L,Y02B,Y02E,
H01L,Y02E,
C12M,

B63B,Y02E,F03D,


F24J,
H01L,
H01L,Y02E,
B23K,H01L,B23K,
F24J,H01L,Y02E,
F24J,H01L,F24J,
H01L,Y02E,F24J,
F24J,Y02E,Y02B,
F24J,Y02E,Y02B,
F24J,Y02E,H01L,


F24J,H01L,Y02E,
F24J,E04H,Y02B,

H01L,Y02E,
H05K,H01L,Y02E,
H01R,Y02E,H01L,
F24J,Y02E,H01L,
F24J,H01R,Y02E,
Y02E,H02J,
