6882063,Solar Inverter,Calgary,,Canada,http://patft.uspto.gov/netacgi/nph-Parser?Sect1=PTO2&Sect2=HITOFF&u=%2Fnetahtml%2FPTO%2Fsearch-adv.htm&r=150&f=G&l=50&d=PTXT&s1=%28inverter.CLTX.+or+inverter.DCTX.%29&s2=%28photovoltaic.CLTX.+or+photovoltaic.DCTX.%29&co1=AND&p=3&OS=ACLM/inverter+AND+ACLM/
6914418,Solar Monitoring,Taipei,,Taiwan,http://patft.uspto.gov/netacgi/nph-Parser?Sect1=PTO2&Sect2=HITOFF&u=%2Fnetahtml%2FPTO%2Fsearch-adv.htm&r=503&p=11&f=G&l=50&d=PTXT&S1=%28%28%28solar.CLTX.+or+solar.DCTX.%29+AND+%28%28monitor.CLTX.+or+monitor.DCTX.%29+OR+%28monitoring.CLTX.+or+monitoring.DCTX.%29%29%29+OR+%28%28photovoltaic.CLTX.+or+photovoltaic.DCTX.%29+AND+%28%28monitor.CLTX.+or+monitor.DCTX.%29+OR+%28monitoring.CLTX.+or+monitoring.DCTX.%29%29%29%29&OS=+%28ACLM/solar+AND+%28ACLM/monitor+OR+ACLM/monitoring%29%29+OR+%28ACLM/photovoltaic+AND+%28ACLM/monitor+OR+ACLM/monitoring%29%29&RS=%28%28ACLM/solar+AND+%28ACLM/monitor+OR+ACLM/monitoring%29%29+OR+%28ACLM/photovoltaic+AND+%28ACLM/monitor+OR+ACLM/monitoring%29%29%29
6928775,Solar Mounting/Rack,"(Tucson, AZ)",AZ,USA,http://patft.uspto.gov/netacgi/nph-Parser?Sect1=PTO2&Sect2=HITOFF&u=%2Fnetahtml%2FPTO%2Fsearch-adv.htm&r=147&f=G&l=50&d=PTXT&s1=%28inverter.CLTX.+or+inverter.DCTX.%29&s2=%28photovoltaic.CLTX.+or+photovoltaic.DCTX.%29&co1=AND&p=3&OS=ACLM/inverter+AND+ACLM/
6930238,Solar Mounting/Rack,Tokyo,,Japan,http://patft.uspto.gov/netacgi/nph-Parser?Sect2=PTO1&Sect2=HITOFF&p=1&u=/netahtml/PTO/search-bool.html&r=1&f=G&l=50&d=PALL&RefSrch=yes&Query=PN/6930238
6940735,Solar Inverter,"Dearborn, MI",MI,USA,http://patft.uspto.gov/netacgi/nph-Parser?Sect1=PTO2&Sect2=HITOFF&u=%2Fnetahtml%2FPTO%2Fsearch-adv.htm&r=145&f=G&l=50&d=PTXT&s1=%28inverter.CLTX.+or+inverter.DCTX.%29&s2=%28photovoltaic.CLTX.+or+photovoltaic.DCTX.%29&co1=AND&p=3&OS=ACLM/inverter+AND+ACLM/
6949843,Solar Inverter,"Columbia, MD",MD,USA,http://patft.uspto.gov/netacgi/nph-Parser?Sect1=PTO2&Sect2=HITOFF&u=%2Fnetahtml%2FPTO%2Fsearch-adv.htm&r=144&f=G&l=50&d=PTXT&s1=%28inverter.CLTX.+or+inverter.DCTX.%29&s2=%28photovoltaic.CLTX.+or+photovoltaic.DCTX.%29&co1=AND&p=3&OS=ACLM/inverter+AND+ACLM/
6956500,Solar Monitoring,"Ormond Beach, FL",FL,USA,http://patft.uspto.gov/netacgi/nph-Parser?Sect1=PTO2&Sect2=HITOFF&u=%2Fnetahtml%2FPTO%2Fsearch-adv.htm&r=490&p=10&f=G&l=50&d=PTXT&S1=%28%28%28solar.CLTX.+or+solar.DCTX.%29+AND+%28%28monitor.CLTX.+or+monitor.DCTX.%29+OR+%28monitoring.CLTX.+or+monitoring.DCTX.%29%29%29+OR+%28%28photovoltaic.CLTX.+or+photovoltaic.DCTX.%29+AND+%28%28monitor.CLTX.+or+monitor.DCTX.%29+OR+%28monitoring.CLTX.+or+monitoring.DCTX.%29%29%29%29&OS=+%28ACLM/solar+AND+%28ACLM/monitor+OR+ACLM/monitoring%29%29+OR+%28ACLM/photovoltaic+AND+%28ACLM/monitor+OR+ACLM/monitoring%29%29&RS=%28%28ACLM/solar+AND+%28ACLM/monitor+OR+ACLM/monitoring%29%29+OR+%28ACLM/photovoltaic+AND+%28ACLM/monitor+OR+ACLM/monitoring%29%29%29
6959517,Solar Mounting/Rack,"Perrysburg, OH",OH,USA,http://patft.uspto.gov/netacgi/nph-Parser?Sect1=PTO1&Sect2=HITOFF&d=PALL&p=1&u=%2Fnetahtml%2FPTO%2Fsrchnum.htm&r=1&f=G&l=50&s1=6959517.PN.&OS=PN/6959517&RS=PN/6959517
6966184,Solar Inverter,Tokyo,,Japan,http://patft.uspto.gov/netacgi/nph-Parser?Sect2=PTO1&Sect2=HITOFF&p=1&u=/netahtml/PTO/search-bool.html&r=1&f=G&l=50&d=PALL&RefSrch=yes&Query=PN/6966184
7000395,Solar Monitoring; Solar Inverter,Jhongli ,,Taiwan,http://patft.uspto.gov/netacgi/nph-Parser?Sect1=PTO1&Sect2=HITOFF&d=PALL&p=1&u=%2Fnetahtml%2FPTO%2Fsrchnum.htm&r=1&f=G&l=50&s1=7000395.PN.&OS=PN/7000395&RS=PN/7000395
7126294,Solar Inverter,Tokyo,,Japan,http://patft.uspto.gov/netacgi/nph-Parser?Sect2=PTO1&Sect2=HITOFF&p=1&u=/netahtml/PTO/search-bool.html&r=1&f=G&l=50&d=PALL&RefSrch=yes&Query=PN/7126294
7155870,Solar Mounting/Rack ,"Berkeley, CA",CA,USA,http://patft.uspto.gov/netacgi/nph-Parser?Sect1=PTO2&Sect2=HITOFF&u=%2Fnetahtml%2FPTO%2Fsearch-adv.htm&r=116&f=G&l=50&d=PTXT&s1=%28mounting.CLTX.+or+mounting.DCTX.%29&s2=%28photovoltaic.CLTX.+or+photovoltaic.DCTX.%29&co1=AND&p=3&OS=ACLM/mounting+AND+ACLM/
7156088,Solar Mounting/Rack  ,"Pasadena, CA",CA,USA,http://patft.uspto.gov/netacgi/nph-Parser?Sect1=PTO1&Sect2=HITOFF&d=PALL&p=1&u=%2Fnetahtml%2FPTO%2Fsrchnum.htm&r=1&f=G&l=50&s1=7156088.PN.&OS=PN/7156088&RS=PN/7156088
7158395,Solar Inverter,"Dearborn, MI",MI,USA,http://patft.uspto.gov/netacgi/nph-Parser?Sect2=PTO1&Sect2=HITOFF&p=1&u=/netahtml/PTO/search-bool.html&r=1&f=G&l=50&d=PALL&RefSrch=yes&Query=PN/7158395
7161082,Solar Inverter; Solar Monitoring,Tokyo,,Japan,http://patft.uspto.gov/netacgi/nph-Parser?Sect2=PTO1&Sect2=HITOFF&p=1&u=/netahtml/PTO/search-bool.html&r=1&f=G&l=50&d=PALL&RefSrch=yes&Query=PN/7161082
7187277,Solar Monitoring,Tokyo,N/A,Japan,http://patft.uspto.gov/netacgi/nph-Parser?Sect1=PTO1&Sect2=HITOFF&d=PALL&p=1&u=%2Fnetahtml%2FPTO%2Fsrchnum.htm&r=1&f=G&l=50&s1=7187277.PN.&OS=PN/7187277&RS=PN/7187277
7227278,Solar Inverter,"Hauppauge, NY",NY,USA,http://patft.uspto.gov/netacgi/nph-Parser?Sect1=PTO2&Sect2=HITOFF&u=%2Fnetahtml%2FPTO%2Fsearch-adv.htm&r=133&f=G&l=50&d=PTXT&s1=%28inverter.CLTX.+or+inverter.DCTX.%29&s2=%28photovoltaic.CLTX.+or+photovoltaic.DCTX.%29&co1=AND&p=3&OS=ACLM/inverter+AND+ACLM/
7230532,Solar Monitoring,Oberhaching,,Germany,http://patft.uspto.gov/netacgi/nph-Parser?Sect1=PTO1&Sect2=HITOFF&d=PALL&p=1&u=%2Fnetahtml%2FPTO%2Fsrchnum.htm&r=1&f=G&l=50&s1=7230532.PN.&OS=PN/7230532&RS=PN/7230532
7256566,Solar Inverter,"Dearborn, MI",MI,USA,http://patft.uspto.gov/netacgi/nph-Parser?Sect2=PTO1&Sect2=HITOFF&p=1&u=/netahtml/PTO/search-bool.html&r=1&f=G&l=50&d=PALL&RefSrch=yes&Query=PN/7256566
7260918,Solar Mounting/Rack  ,"Albuquerque, NM",NM,USA,http://patft.uspto.gov/netacgi/nph-Parser?Sect1=PTO2&Sect2=HITOFF&p=1&u=%2Fnetahtml%2Fsearch-adv.htm&r=0&f=S&l=50&d=PALL&Query=ref/7260918
7274975,Solar Monitoring,"Washington, DC",DC,USA,http://www.google.com/patents?id=J22EAAAAEBAJ&zoom=4&dq=%22solar%20inverter%22&pg=PA1#v=onepage&q=%22solar%20inverter%22&f=false
7297866,Solar Mounting/Rack  ,"San Jose, CA",CA,USA,http://patft.uspto.gov/netacgi/nph-Parser?Sect1=PTO2&Sect2=HITOFF&u=%2Fnetahtml%2FPTO%2Fsearch-adv.htm&r=110&f=G&l=50&d=PTXT&s1=%28mounting.CLTX.+or+mounting.DCTX.%29&s2=%28photovoltaic.CLTX.+or+photovoltaic.DCTX.%29&co1=AND&p=3&OS=ACLM/mounting+AND+ACLM/
7305983,Site Assessment,"Honolulu, HI",HI, USA,http://patft.uspto.gov/netacgi/nph-Parser?Sect1=PTO2&Sect2=HITOFF&u=%2Fnetahtml%2FPTO%2Fsearch-adv.htm&r=505&f=G&l=50&d=PTXT&s1=%28%28%28solar.CLTX.+or+solar.DCTX.%29+OR+%28photovoltaic.CLTX.+or+photovoltaic.DCTX.%29%29+AND+%28%28%28%28%28%28%28%28%28mapping.CLTX.+or+mapping.DCTX.%29+OR+%28estimation.CLTX.+or+estimation.DCTX.%29%29+OR+%28obstruction.CLTX.+or+obstruction.DCTX.%29%29+OR+%28potential.CLTX.+or+potential.DCTX.%29%29+OR+%28site.CLTX.+or+site.DCTX.%29%29+OR+%28terrain.CLTX.+or+terrain.DCTX.%29%29+OR+%28access.CLTX.+or+access.DCTX.%29%29+OR+%28azimuth.CLTX.+or+azimuth.DCTX.%29%29+OR+%28survey.CLTX.+or+survey.DCTX.%29%29%29&p=11&OS=+%28%28ACLM/solar+OR+ACLM/photovoltaic%29+AND+%28%28%28%28%28%28%28%28ACLM/mapping+OR+ACLM/estimation%29+OR+ACLM/obstruction%29+OR+ACLM/potential%29+OR+ACLM/site%29+OR+ACLM/terrain%29+OR+ACLM/access%29+OR+ACLM/azimuth%29+OR+ACLM/survey%29%29&RS=%28%28ACLM/solar+OR+ACLM/photovoltaic%29+AND+%28%28%28%28%28%28%28%28ACLM/mapping+OR+ACLM/estimation%29+OR+ACLM/obstruction%29+OR+ACLM/potential%29+OR+ACLM/site%29+OR+ACLM/terrain%29+OR+ACLM/access%29+OR+ACLM/azimuth%29+OR+ACLM/survey%29%29
7307209,Solar Mounting/Rack  ,"Perrysburg, OH",OH,USA,http://patft.uspto.gov/netacgi/nph-Parser?Sect1=PTO2&Sect2=HITOFF&u=%2Fnetahtml%2FPTO%2Fsearch-adv.htm&r=109&f=G&l=50&d=PTXT&s1=%28mounting.CLTX.+or+mounting.DCTX.%29&s2=%28photovoltaic.CLTX.+or+photovoltaic.DCTX.%29&co1=AND&p=3&OS=ACLM/mounting+AND+ACLM/
7310052,Solar Monitoring,"(Henderson, NV)",NV,USA,http://patft.uspto.gov/netacgi/nph-Parser?Sect1=PTO1&Sect2=HITOFF&d=PALL&p=1&u=%2Fnetahtml%2FPTO%2Fsrchnum.htm&r=1&f=G&l=50&s1=7310052.PN.&OS=PN/7310052&RS=PN/7310052
7324361,Solar Inverter,"Torrance, CA",CA,USA,http://www.google.com/patents?id=H5WnAAAAEBAJ&zoom=4&dq=Solar%20Racking&pg=PA1#v=onepage&q&f=false
7333916,Solar Monitoring,"Warrenville, IL",IL,USA,http://patft.uspto.gov/netacgi/nph-Parser?Sect1=PTO1&Sect2=HITOFF&d=PALL&p=1&u=%2Fnetahtml%2FPTO%2Fsrchnum.htm&r=1&f=G&l=50&s1=7333916.PN.&OS=PN/7333916&RS=PN/7333916
7336201,Solar Monitoring,"Mineola, NY",NY,USA,http://patft.uspto.gov/netacgi/nph-Parser?Sect1=PTO1&Sect2=HITOFF&d=PALL&p=1&u=%2Fnetahtml%2FPTO%2Fsrchnum.htm&r=1&f=G&l=50&s1=7336201.PN.&OS=PN/7336201&RS=PN/7336201
7338311,Solar Inverter,Niestetal,,Germany,http://patft.uspto.gov/netacgi/nph-Parser?Sect1=PTO2&Sect2=HITOFF&u=%2Fnetahtml%2FPTO%2Fsearch-adv.htm&r=129&f=G&l=50&d=PTXT&s1=%28inverter.CLTX.+or+inverter.DCTX.%29&s2=%28photovoltaic.CLTX.+or+photovoltaic.DCTX.%29&co1=AND&p=3&OS=ACLM/inverter+AND+ACLM/
7352549,Solar Inverter,Niestetal,,Germany,http://patft.uspto.gov/netacgi/nph-Parser?Sect1=PTO2&Sect2=HITOFF&u=%2Fnetahtml%2FPTO%2Fsearch-adv.htm&r=128&f=G&l=50&d=PTXT&s1=%28inverter.CLTX.+or+inverter.DCTX.%29&s2=%28photovoltaic.CLTX.+or+photovoltaic.DCTX.%29&co1=AND&p=3&OS=ACLM/inverter+AND+ACLM/
7365266,Solar Mounting/Rack  ,"Auburn Hills, MI",MI,USA,http://patft.uspto.gov/netacgi/nph-Parser?Sect1=PTO2&Sect2=HITOFF&u=%2Fnetahtml%2FPTO%2Fsearch-adv.htm&r=106&f=G&l=50&d=PTXT&s1=%28mounting.CLTX.+or+mounting.DCTX.%29&s2=%28photovoltaic.CLTX.+or+photovoltaic.DCTX.%29&co1=AND&p=3&OS=ACLM/mounting+AND+ACLM/
7372709,Solar Inverter,"Chicago, IL",IL,USA,http://patft.uspto.gov/netacgi/nph-Parser?Sect1=PTO2&Sect2=HITOFF&p=1&u=%2Fnetahtml%2FPTO%2Fsearch-adv.htm&r=5&f=G&l=50&d=PALL&S1=7372709&OS=7372709&RS=7372709
7394237,Solar Monitoring,Taipei Hsien,N/A,Taiwan,http://patft.uspto.gov/netacgi/nph-Parser?Sect1=PTO1&Sect2=HITOFF&d=PALL&p=1&u=%2Fnetahtml%2FPTO%2Fsrchnum.htm&r=1&f=G&l=50&s1=7394237.PN.&OS=PN/7394237&RS=PN/7394237
7397653,Solar Inverter,"Bend, OR",OR,USA,http://patft.uspto.gov/netacgi/nph-Parser?Sect1=PTO2&Sect2=HITOFF&u=%2Fnetahtml%2FPTO%2Fsearch-adv.htm&r=125&f=G&l=50&d=PTXT&s1=%28inverter.CLTX.+or+inverter.DCTX.%29&s2=%28photovoltaic.CLTX.+or+photovoltaic.DCTX.%29&co1=AND&p=3&OS=ACLM/inverter+AND+ACLM/
7406800,Solar Mounting/Rack,"Saratoga, CA",USA,USA,http://patft.uspto.gov/netacgi/nph-Parser?Sect2=PTO1&Sect2=HITOFF&p=1&u=/netahtml/PTO/search-bool.html&r=1&f=G&l=50&d=PALL&RefSrch=yes&Query=PN/7406800
7411802,Solar Inverter,Niestetal,,Germany,http://patft.uspto.gov/netacgi/nph-Parser?Sect1=PTO2&Sect2=HITOFF&u=%2Fnetahtml%2FPTO%2Fsearch-adv.htm&r=123&f=G&l=50&d=PTXT&s1=%28inverter.CLTX.+or+inverter.DCTX.%29&s2=%28photovoltaic.CLTX.+or+photovoltaic.DCTX.%29&co1=AND&p=3&OS=ACLM/inverter+AND+ACLM/
7414870,Solar Inverter,Ludenscheid,,Germany,http://patft.uspto.gov/netacgi/nph-Parser?Sect1=PTO2&Sect2=HITOFF&u=%2Fnetahtml%2FPTO%2Fsearch-adv.htm&r=122&f=G&l=50&d=PTXT&s1=%28inverter.CLTX.+or+inverter.DCTX.%29&s2=%28photovoltaic.CLTX.+or+photovoltaic.DCTX.%29&co1=AND&p=3&OS=ACLM/inverter+AND+ACLM/
7432618,Solar Inverter,Bend OR,OR,USA,http://www.google.com/patents?id=gzCuAAAAEBAJ&zoom=4&dq=%22solar%20inverter%22&pg=PA1#v=onepage&q=%22solar%20inverter%22&f=false
7433215,Solar Inverter,"Bend, OR",OR,USA,http://patft.uspto.gov/netacgi/nph-Parser?Sect1=PTO2&Sect2=HITOFF&u=%2Fnetahtml%2FPTO%2Fsearch-adv.htm&r=120&f=G&l=50&d=PTXT&s1=%28inverter.CLTX.+or+inverter.DCTX.%29&s2=%28photovoltaic.CLTX.+or+photovoltaic.DCTX.%29&co1=AND&p=3&OS=ACLM/inverter+AND+ACLM/
7434362,Solar Mounting/Rack  ,"Albuquerque, NM",NM,USA,http://patft.uspto.gov/netacgi/nph-Parser?Sect1=PTO2&Sect2=HITOFF&u=%2Fnetahtml%2FPTO%2Fsearch-adv.htm&r=100&f=G&l=50&d=PTXT&s1=%28mounting.CLTX.+or+mounting.DCTX.%29&s2=%28photovoltaic.CLTX.+or+photovoltaic.DCTX.%29&co1=AND&p=2&OS=ACLM/mounting+AND+ACLM/
7435134,Solar Mounting/Rack  ,"Richmond, CA",CA,USA,http://patft.uspto.gov/netacgi/nph-Parser?Sect1=PTO2&Sect2=HITOFF&u=%2Fnetahtml%2FPTO%2Fsearch-adv.htm&r=99&f=G&l=50&d=PTXT&s1=%28mounting.CLTX.+or+mounting.DCTX.%29&s2=%28photovoltaic.CLTX.+or+photovoltaic.DCTX.%29&co1=AND&p=2&OS=ACLM/mounting+AND+ACLM/p
7435897,Solar Mounting/Rack  ,"Billerica, MA",MA,USA,http://patft.uspto.gov/netacgi/nph-Parser?Sect1=PTO2&Sect2=HITOFF&u=%2Fnetahtml%2FPTO%2Fsearch-adv.htm&r=98&f=G&l=50&d=PTXT&s1=%28mounting.CLTX.+or+mounting.DCTX.%29&s2=%28photovoltaic.CLTX.+or+photovoltaic.DCTX.%29&co1=AND&p=2&OS=ACLM/mounting+AND+ACLM/p
7465872,Solar Inverter,"Niskayuna, NY",NY,USA,http://patft.uspto.gov/netacgi/nph-Parser?Sect2=PTO1&Sect2=HITOFF&p=1&u=/netahtml/PTO/search-bool.html&r=1&f=G&l=50&d=PALL&RefSrch=yes&Query=PN/7465872
7471073,Solar Inverter,Niestetal,,Germany,http://patft.uspto.gov/netacgi/nph-Parser?Sect1=PTO2&Sect2=HITOFF&u=%2Fnetahtml%2FPTO%2Fsearch-adv.htm&r=117&f=G&l=50&d=PTXT&s1=%28inverter.CLTX.+or+inverter.DCTX.%29&s2=%28photovoltaic.CLTX.+or+photovoltaic.DCTX.%29&co1=AND&p=3&OS=ACLM/inverter+AND+ACLM/
7476832,Solar Mounting/Rack  ,"(Hoffman Estates, IL)",IL,USA,http://patft.uspto.gov/netacgi/nph-Parser?Sect1=PTO2&Sect2=HITOFF&p=1&u=%2Fnetahtml%2FPTO%2Fsearch-bool.html&r=27&f=G&l=50&co1=AND&d=PTXT&s1=mounting.TI.&s2=solar.TI.&OS=TTL/mounting+AND+TTL/solar&RS=TTL/mounting+AND+TTL/solar
7479774,Solar Inverter,Taoyuan ,,Taiwan,http://patft.uspto.gov/netacgi/nph-Parser?Sect1=PTO2&Sect2=HITOFF&u=%2Fnetahtml%2FPTO%2Fsearch-adv.htm&r=115&f=G&l=50&d=PTXT&s1=%28inverter.CLTX.+or+inverter.DCTX.%29&s2=%28photovoltaic.CLTX.+or+photovoltaic.DCTX.%29&co1=AND&p=3&OS=ACLM/inverter+AND+ACLM/
7481211,Solar Mounting/Rack,"New York, NY",NY,USA,http://patft.uspto.gov/netacgi/nph-Parser?Sect1=PTO2&Sect2=HITOFF&u=%2Fnetahtml%2FPTO%2Fsearch-adv.htm&r=26&f=G&l=50&d=PTXT&s1=mounting.TI.&s2=solar.TI.&co1=AND&p=1&OS=TTL/mounting+AND+TTL/solar&RS=TTL/mounting+AND+TTL/solar
7484507,Solar Mounting/Rack  ,Vaughn ,,Canada,http://patft.uspto.gov/netacgi/nph-Parser?Sect1=PTO2&Sect2=HITOFF&u=%2Fnetahtml%2FPTO%2Fsearch-adv.htm&r=96&f=G&l=50&d=PTXT&s1=%28mounting.CLTX.+or+mounting.DCTX.%29&s2=%28photovoltaic.CLTX.+or+photovoltaic.DCTX.%29&co1=AND&p=2&OS=ACLM/mounting+AND+ACLM/p
7498953,Solar Monitoring,"Ocala, FL",FL,USA,http://patft.uspto.gov/netacgi/nph-Parser?Sect1=PTO1&Sect2=HITOFF&d=PALL&p=1&u=%2Fnetahtml%2FPTO%2Fsrchnum.htm&r=1&f=G&l=50&s1=7498953.PN.&OS=PN/7498953&RS=PN/7498953
7500391,Site Assessment,"Boulder, CO",CO,USA,http://patft.uspto.gov/netacgi/nph-Parser?Sect1=PTO2&Sect2=HITOFF&u=%2Fnetahtml%2FPTO%2Fsearch-adv.htm&r=447&f=G&l=50&d=PTXT&s1=%28%28%28solar.CLTX.+or+solar.DCTX.%29+OR+%28photovoltaic.CLTX.+or+photovoltaic.DCTX.%29%29+AND+%28%28%28%28%28%28%28%28%28mapping.CLTX.+or+mapping.DCTX.%29+OR+%28estimation.CLTX.+or+estimation.DCTX.%29%29+OR+%28obstruction.CLTX.+or+obstruction.DCTX.%29%29+OR+%28potential.CLTX.+or+potential.DCTX.%29%29+OR+%28site.CLTX.+or+site.DCTX.%29%29+OR+%28terrain.CLTX.+or+terrain.DCTX.%29%29+OR+%28access.CLTX.+or+access.DCTX.%29%29+OR+%28azimuth.CLTX.+or+azimuth.DCTX.%29%29+OR+%28survey.CLTX.+or+survey.DCTX.%29%29%29&p=9&OS=+%28%28ACLM/solar+OR+ACLM/photovoltaic%29+AND+%28%28%28%28%28%28%28%28ACLM/mapping+OR+ACLM/estimation%29+OR+ACLM/obstruction%29+OR+ACLM/potential%29+OR+ACLM/site%29+OR+ACLM/terrain%29+OR+ACLM/access%29+OR+ACLM/azimuth%29+OR+ACLM/survey%29%29&RS=%28%28ACLM/solar+OR+ACLM/photovoltaic%29+AND+%28%28%28%28%28%28%28%28ACLM/mapping+OR+ACLM/estimation%29+OR+ACLM/obstruction%29+OR+ACLM/potential%29+OR+ACLM/site%29+OR+ACLM/terrain%29+OR+ACLM/access%29+OR+ACLM/azimuth%29+OR+ACLM/survey%29%29
7502241,Solar Inverter,"Bend, OR",OR,USA,http://patft.uspto.gov/netacgi/nph-Parser?Sect1=PTO2&Sect2=HITOFF&u=%2Fnetahtml%2FPTO%2Fsearch-adv.htm&r=113&f=G&l=50&d=PTXT&s1=%28inverter.CLTX.+or+inverter.DCTX.%29&s2=%28photovoltaic.CLTX.+or+photovoltaic.DCTX.%29&co1=AND&p=3&OS=ACLM/inverter+AND+ACLM/
7516557,Site Assessment,"(Linden, TN)",TN,USA,http://patft.uspto.gov/netacgi/nph-Parser?Sect2=PTO1&Sect2=HITOFF&p=1&u=/netahtml/PTO/search-bool.html&r=1&f=G&l=50&d=PALL&RefSrch=yes&Query=PN/7516557
7519503,Solar Monitoring,Bergen,N/A,Norway,http://patft.uspto.gov/netacgi/nph-Parser?Sect1=PTO1&Sect2=HITOFF&d=PALL&p=1&u=%2Fnetahtml%2FPTO%2Fsrchnum.htm&r=1&f=G&l=50&s1=7519503.PN.&OS=PN/7519503&RS=PN/7519503
7531741,Solar Mounting/Rack; ,"Albuquerque, NM",NM,USA,http://patft.uspto.gov/netacgi/nph-Parser?Sect1=PTO2&Sect2=HITOFF&u=%2Fnetahtml%2FPTO%2Fsearch-adv.htm&r=108&f=G&l=50&d=PTXT&s1=%28inverter.CLTX.+or+inverter.DCTX.%29&s2=%28photovoltaic.CLTX.+or+photovoltaic.DCTX.%29&co1=AND&p=3&OS=ACLM/inverter+AND+ACLM/
7557292,Solar Mounting/Rack  ,"Richmond, CA",CA,USA,http://patft.uspto.gov/netacgi/nph-Parser?Sect1=PTO2&Sect2=HITOFF&u=%2Fnetahtml%2FPTO%2Fsearch-adv.htm&r=93&f=G&l=50&d=PTXT&s1=%28mounting.CLTX.+or+mounting.DCTX.%29&s2=%28photovoltaic.CLTX.+or+photovoltaic.DCTX.%29&co1=AND&p=2&OS=ACLM/mounting+AND+ACLM/p
7564013,Solar Inverter,Niestetal,,Germany,http://patft.uspto.gov/netacgi/nph-Parser?Sect1=PTO2&Sect2=HITOFF&u=%2Fnetahtml%2FPTO%2Fsearch-adv.htm&r=102&f=G&l=50&d=PTXT&s1=%28inverter.CLTX.+or+inverter.DCTX.%29&s2=%28photovoltaic.CLTX.+or+photovoltaic.DCTX.%29&co1=AND&p=3&OS=ACLM/inverter+AND+ACLM/
7574842,Solar Mounting/Rack  ,"Billerica, MA",MA,USA,http://patft.uspto.gov/netacgi/nph-Parser?Sect1=PTO2&Sect2=HITOFF&u=%2Fnetahtml%2FPTO%2Fsearch-adv.htm&r=91&f=G&l=50&d=PTXT&s1=%28mounting.CLTX.+or+mounting.DCTX.%29&s2=%28photovoltaic.CLTX.+or+photovoltaic.DCTX.%29&co1=AND&p=2&OS=ACLM/mounting+AND+ACLM/p
7576282,Solar Mounting/Rack; ,"Sharon Center, OH",OH,USA,http://patft.uspto.gov/netacgi/nph-Parser?Sect2=PTO1&Sect2=HITOFF&p=1&u=/netahtml/PTO/search-bool.html&r=1&f=G&l=50&d=PALL&RefSrch=yes&Query=PN/7576282
7592537,Solar Mounting/Rack  ,"San Rafael, CA",CA,USA,http://patft.uspto.gov/netacgi/nph-Parser?Sect1=PTO2&Sect2=HITOFF&u=%2Fnetahtml%2FPTO%2Fsearch-adv.htm&r=89&f=G&l=50&d=PTXT&s1=%28mounting.CLTX.+or+mounting.DCTX.%29&s2=%28photovoltaic.CLTX.+or+photovoltaic.DCTX.%29&co1=AND&p=2&OS=ACLM/mounting+AND+ACLM/p
7600349,Solar Mounting/Rack  ,"Albuquerque, NM",NM,USA,http://patft.uspto.gov/netacgi/nph-Parser?Sect1=PTO2&Sect2=HITOFF&u=%2Fnetahtml%2FPTO%2Fsearch-adv.htm&r=88&f=G&l=50&d=PTXT&s1=%28mounting.CLTX.+or+mounting.DCTX.%29&s2=%28photovoltaic.CLTX.+or+photovoltaic.DCTX.%29&co1=AND&p=2&OS=ACLM/mounting+AND+ACLM/p
7605498,Solar Inverter,"Fort Collins, CO",CO,USA,http://patft.uspto.gov/netacgi/nph-Parser?Sect2=PTO1&Sect2=HITOFF&p=1&u=/netahtml/PTO/search-bool.html&r=1&f=G&l=50&d=PALL&RefSrch=yes&Query=PN/7605498
7610174,Solar Inverter; Solar Monitoring,"Santa Clara, CA",CA,USA,http://patft.uspto.gov/netacgi/nph-Parser?Sect2=PTO1&Sect2=HITOFF&p=1&u=/netahtml/PTO/search-bool.html&r=1&f=G&l=50&d=PALL&RefSrch=yes&Query=PN/7610174
7619200,Solar Inverter; Solar Mounting/Rack,"Fort Collins, CO",CO,USA,http://patft.uspto.gov/netacgi/nph-Parser?Sect2=PTO1&Sect2=HITOFF&p=1&u=/netahtml/PTO/search-bool.html&r=1&f=G&l=50&d=PALL&RefSrch=yes&Query=PN/7619200
7622666,Solar Mounting/Rack; Solar Monitoring,"Monrovia, CA",CA,USA,http://patft.uspto.gov/netacgi/nph-Parser?Sect1=PTO2&Sect2=HITOFF&u=%2Fnetahtml%2FPTO%2Fsearch-adv.htm&r=86&f=G&l=50&d=PTXT&s1=%28mounting.CLTX.+or+mounting.DCTX.%29&s2=%28photovoltaic.CLTX.+or+photovoltaic.DCTX.%29&co1=AND&p=2&OS=ACLM/mounting+AND+ACLM/p
7622912,Solar Monitoring,"San Jose, CA",CA,USA,http://patft.uspto.gov/netacgi/nph-Parser?Sect1=PTO1&Sect2=HITOFF&d=PALL&p=1&u=%2Fnetahtml%2FPTO%2Fsrchnum.htm&r=1&f=G&l=50&s1=7622912.PN.&OS=PN/7622912&RS=PN/7622912
7632109,Solar Mounting/Rack,Detmold,,Germany,http://patft.uspto.gov/netacgi/nph-Parser?Sect1=PTO2&Sect2=HITOFF&u=%2Fnetahtml%2FPTO%2Fsearch-adv.htm&r=85&f=G&l=50&d=PTXT&s1=%28mounting.CLTX.+or+mounting.DCTX.%29&s2=%28photovoltaic.CLTX.+or+photovoltaic.DCTX.%29&co1=AND&p=2&OS=ACLM/mounting+AND+ACLM/p
7648371,Solar Mounting/Rack,Detmold,,Germany,http://patft.uspto.gov/netacgi/nph-Parser?Sect1=PTO2&Sect2=HITOFF&u=%2Fnetahtml%2FPTO%2Fsearch-adv.htm&r=81&f=G&l=50&d=PTXT&s1=%28mounting.CLTX.+or+mounting.DCTX.%29&s2=%28photovoltaic.CLTX.+or+photovoltaic.DCTX.%29&co1=AND&p=2&OS=ACLM/mounting+AND+ACLM/p
7658356,Solar Mounting/Rack  ,"Wayne, MI",MI,USA,http://patft.uspto.gov/netacgi/nph-Parser?Sect1=PTO2&Sect2=HITOFF&u=%2Fnetahtml%2FPTO%2Fsearch-adv.htm&r=24&f=G&l=50&d=PTXT&s1=mounting.TI.&s2=solar.TI.&co1=AND&p=1&OS=TTL/mounting+AND+TTL/solar&RS=TTL/mounting+AND+TTL/solar
7667963,Solar Inverter,Wagen ,,Germany,http://patft.uspto.gov/netacgi/nph-Parser?Sect2=PTO1&Sect2=HITOFF&p=1&u=/netahtml/PTO/search-bool.html&r=1&f=G&l=50&d=PALL&RefSrch=yes&Query=PN/7667963
7672149,Solar Inverter,Niestetal,,Germany,http://patft.uspto.gov/netacgi/nph-Parser?Sect1=PTO2&Sect2=HITOFF&u=%2Fnetahtml%2FPTO%2Fsearch-adv.htm&r=91&f=G&l=50&d=PTXT&s1=%28inverter.CLTX.+or+inverter.DCTX.%29&s2=%28photovoltaic.CLTX.+or+photovoltaic.DCTX.%29&co1=AND&p=2&OS=ACLM/inverter+AND+ACLM/p
7678991,Solar Mounting/Rack  ,"Dallas, TX",TX,USA,http://patft.uspto.gov/netacgi/nph-Parser?Sect2=PTO1&Sect2=HITOFF&p=1&u=/netahtml/PTO/search-bool.html&r=1&f=G&l=50&d=PALL&RefSrch=yes&Query=PN/7678991
7690123,Site Assessment,"Sebastopol, CA",CA,USA,http://patft.uspto.gov/netacgi/nph-Parser?Sect1=PTO2&Sect2=HITOFF&u=%2Fnetahtml%2FPTO%2Fsearch-adv.htm&r=378&f=G&l=50&d=PTXT&s1=%28%28%28solar.CLTX.+or+solar.DCTX.%29+OR+%28photovoltaic.CLTX.+or+photovoltaic.DCTX.%29%29+AND+%28%28%28%28%28%28%28%28%28mapping.CLTX.+or+mapping.DCTX.%29+OR+%28estimation.CLTX.+or+estimation.DCTX.%29%29+OR+%28obstruction.CLTX.+or+obstruction.DCTX.%29%29+OR+%28potential.CLTX.+or+potential.DCTX.%29%29+OR+%28site.CLTX.+or+site.DCTX.%29%29+OR+%28terrain.CLTX.+or+terrain.DCTX.%29%29+OR+%28access.CLTX.+or+access.DCTX.%29%29+OR+%28azimuth.CLTX.+or+azimuth.DCTX.%29%29+OR+%28survey.CLTX.+or+survey.DCTX.%29%29%29&p=8&OS=+%28%28ACLM/solar+OR+ACLM/photovoltaic%29+AND+%28%28%28%28%28%28%28%28ACLM/mapping+OR+ACLM/estimation%29+OR+ACLM/obstruction%29+OR+ACLM/potential%29+OR+ACLM/site%29+OR+ACLM/terrain%29+OR+ACLM/access%29+OR+ACLM/azimuth%29+OR+ACLM/survey%29%29&RS=%28%28ACLM/solar+OR+ACLM/photovoltaic%29+AND+%28%28%28%28%28%28%28%28ACLM/mapping+OR+ACLM/estimation%29+OR+ACLM/obstruction%29+OR+ACLM/potential%29+OR+ACLM/site%29+OR+ACLM/terrain%29+OR+ACLM/access%29+OR+ACLM/azimuth%29+OR+ACLM/survey%29%29
7692091,Solar Mounting/Rack,"Harrisonburg, VA), ",VA,USA,http://patft.uspto.gov/netacgi/nph-Parser?Sect1=PTO2&Sect2=HITOFF&u=%2Fnetahtml%2FPTO%2Fsearch-adv.htm&r=76&f=G&l=50&d=PTXT&s1=%28mounting.CLTX.+or+mounting.DCTX.%29&s2=%28photovoltaic.CLTX.+or+photovoltaic.DCTX.%29&co1=AND&p=2&OS=ACLM/mounting+AND+ACLM/p
7703246,Solar Mounting/Rack  ,"Antioch, CA",CA,USA,http://patft.uspto.gov/netacgi/nph-Parser?Sect2=PTO1&Sect2=HITOFF&p=1&u=/netahtml/PTO/search-bool.html&r=1&f=G&l=50&d=PALL&RefSrch=yes&Query=PN/7703246
7705277,Solar Mounting/Rack,"San Diego, CA",CA,USA,"http://patft.uspto.gov/netacgi/nph-Parser?Sect1=PTO1&Sect2=HITOFF&d=PALL&p=1&u=%2Fnetahtml%2FPTO%2Fsrchnum.htm&r=1&f=G&l=50&s1=7,705,277.PN.&OS=PN/7,705,277&RS=PN/7,705,277"
7706990,Solar Monitoring,"Cold Spring, NY",NY,USA,http://patft.uspto.gov/netacgi/nph-Parser?Sect2=PTO1&Sect2=HITOFF&p=1&u=/netahtml/PTO/search-bool.html&r=1&f=G&l=50&d=PALL&RefSrch=yes&Query=PN/7706990
7719140,Solar Inverter,"Fort Collins, CO",CO,USA,http://patft.uspto.gov/netacgi/nph-Parser?Sect2=PTO1&Sect2=HITOFF&p=1&u=/netahtml/PTO/search-bool.html&r=1&f=G&l=50&d=PALL&RefSrch=yes&Query=PN/7719140
7732949,Solar Monitoring,"Armonk, NY",NY,USA,http://patft.uspto.gov/netacgi/nph-Parser?Sect1=PTO1&Sect2=HITOFF&d=PALL&p=1&u=%2Fnetahtml%2FPTO%2Fsrchnum.htm&r=1&f=G&l=50&s1=7732949.PN.&OS=PN/7732949&RS=PN/7732949
7733679,Solar Inverter,Pettenbach,,Austria,http://www.google.com/patents?id=GHLRAAAAEBAJ&zoom=4&dq=%22Solar%20inverter!%22&pg=PA1#v=onepage&q=%22Solar%20inverter!%22&f=false
7738228,Solar Inverter; Solar Monitoring,"Bend, OR",OR,USA,http://patft.uspto.gov/netacgi/nph-Parser?Sect1=PTO2&Sect2=HITOFF&u=%2Fnetahtml%2FPTO%2Fsearch-adv.htm&r=85&f=G&l=50&d=PTXT&s1=%28inverter.CLTX.+or+inverter.DCTX.%29&s2=%28photovoltaic.CLTX.+or+photovoltaic.DCTX.%29&co1=AND&p=2&OS=ACLM/inverter+AND+ACLM/p
7742897,Solar Mounting/Rack,"Cold Spring, NY",NY,USA,http://patft.uspto.gov/netacgi/nph-Parser?Sect1=PTO1&Sect2=HITOFF&d=PALL&p=1&u=%2Fnetahtml%2FPTO%2Fsrchnum.htm&r=1&f=G&l=50&s1=7742897.PN.&OS=PN/7742897&RS=PN/7742897
7745722,Solar Mounting/Rack  ,"Warrenville, IL",IL,USA,http://patft.uspto.gov/netacgi/nph-Parser?Sect2=PTO1&Sect2=HITOFF&p=1&u=/netahtml/PTO/search-bool.html&r=1&f=G&l=50&d=PALL&RefSrch=yes&Query=PN/7745722
7748175,Solar Mounting/Rack  ,"Albuquerque, NM",NM,USA,http://patft.uspto.gov/netacgi/nph-Parser?Sect1=PTO1&Sect2=HITOFF&d=PALL&p=1&u=%2Fnetahtml%2FPTO%2Fsrchnum.htm&r=1&f=G&l=50&s1=7748175.PN.&OS=PN/7748175&RS=PN/7748175
7750502,Solar Monitoring,"Stafford, TX",TX,USA,http://patft.uspto.gov/netacgi/nph-Parser?Sect1=PTO1&Sect2=HITOFF&d=PALL&p=1&u=%2Fnetahtml%2FPTO%2Fsrchnum.htm&r=1&f=G&l=50&s1=7750502.PN.&OS=PN/7750502&RS=PN/7750502
7755916,Solar Inverter; Solar Monitoring,Champagne IL,IL,USA,http://patft.uspto.gov/netacgi/nph-Parser?Sect1=PTO1&Sect2=HITOFF&d=PALL&p=1&u=%2Fnetahtml%2FPTO%2Fsrchnum.htm&r=1&f=G&l=50&s1=7755916.PN.&OS=PN/7755916&RS=PN/7755916
7766292,Solar Mounting/Rack  ,"Albuquerque, NM",NM,USA,http://patft.uspto.gov/netacgi/nph-Parser?Sect1=PTO1&Sect2=HITOFF&d=PALL&p=1&u=%2Fnetahtml%2FPTO%2Fsrchnum.htm&r=1&f=G&l=50&s1=7766292.PN.&OS=PN/7766292&RS=PN/7766292
7768154,Solar Inverter,"Bend, OR",OR,USA,http://patft.uspto.gov/netacgi/nph-Parser?Sect1=PTO2&Sect2=HITOFF&u=%2Fnetahtml%2FPTO%2Fsearch-adv.htm&r=83&f=G&l=50&d=PTXT&s1=%28inverter.CLTX.+or+inverter.DCTX.%29&s2=%28photovoltaic.CLTX.+or+photovoltaic.DCTX.%29&co1=AND&p=2&OS=ACLM/inverter+AND+ACLM/p
7768155,Solar Inverter,"Petaluma, CA",CA,USA,http://patft.uspto.gov/netacgi/nph-Parser?Sect2=PTO1&Sect2=HITOFF&p=1&u=/netahtml/PTO/search-bool.html&r=1&f=G&l=50&d=PALL&RefSrch=yes&Query=PN/7768155
7768751,Solar Inverter ,"Fort Collins, CO",CO,USA,http://patft.uspto.gov/netacgi/nph-Parser?Sect2=PTO1&Sect2=HITOFF&p=1&u=/netahtml/PTO/search-bool.html&r=1&f=G&l=50&d=PALL&RefSrch=yes&Query=PN/7768751
7772716,Solar Inverter,"Menlo Park, CA",CA,USA,http://www.google.com/patents?id=xObSAAAAEBAJ&zoom=4&dq=%22Solar%20Inverter%22&pg=PA1#v=onepage&q=%22Solar%20Inverter%22&f=false
7774998,Solar Mounting/Rack  ,"Palo Alto, CA",CA,USA,http://patft.uspto.gov/netacgi/nph-Parser?Sect1=PTO1&Sect2=HITOFF&d=PALL&p=1&u=%2Fnetahtml%2FPTO%2Fsrchnum.htm&r=1&f=G&l=50&s1=7774998.PN.&OS=PN/7774998&RS=PN/7774998
7779290,Solar Monitoring,"San Jose, CA",CA,USA,http://patft.uspto.gov/netacgi/nph-Parser?Sect1=PTO1&Sect2=HITOFF&d=PALL&p=1&u=%2Fnetahtml%2FPTO%2Fsrchnum.htm&r=1&f=G&l=50&s1=7779290.PN.&OS=PN/7779290&RS=PN/7779290
7786716,Solar Monitoring,El Segundo,CA,USA,http://patft.uspto.gov/netacgi/nph-Parser?Sect1=PTO1&Sect2=HITOFF&d=PALL&p=1&u=%2Fnetahtml%2FPTO%2Fsrchnum.htm&r=1&f=G&l=50&s1=7786716.PN.&OS=PN/7786716&RS=PN/7786716
7795837,Solar Monitoring,"Stafford, TX",TX,USA,http://patft.uspto.gov/netacgi/nph-Parser?Sect1=PTO1&Sect2=HITOFF&d=PALL&p=1&u=%2Fnetahtml%2FPTO%2Fsrchnum.htm&r=1&f=G&l=50&s1=7795837.PN.&OS=PN/7795837&RS=PN/7795837
7797883,Solar Mounting/Rack,"Foster City, CA",CA,USA,http://www.google.com/patents/US7797883?dq=SolarCity&ei=CvjhT4nwBOfo2gXG05SyCw
7799987,Solar Mounting/Rack,"Glendale, CA",CA,USA,http://www.google.com/patents?id=sUnWAAAAEBAJ&zoom=4&dq=Solar%20Racking&pg=PA1#v=onepage&q=Solar%20Racking&f=false
7806377,Solar Mounting/Rack  ,"Hopewell, NJ",NJ,USA,http://patft.uspto.gov/netacgi/nph-Parser?Sect1=PTO2&Sect2=HITOFF&p=1&u=%2Fnetahtml%2FPTO%2Fsearch-bool.html&r=21&f=G&l=50&co1=AND&d=PTXT&s1=mounting.TI.&s2=solar.TI.&OS=TTL/mounting+AND+TTL/solar&RS=TTL/mounting+AND+TTL/solar
7807918,Solar Mounting/Rack  ,"Richmond, CA",CA,USA,http://patft.uspto.gov/netacgi/nph-Parser?Sect1=PTO1&Sect2=HITOFF&d=PALL&p=1&u=%2Fnetahtml%2FPTO%2Fsrchnum.htm&r=1&f=G&l=50&s1=7807918.PN.&OS=PN/7807918&RS=PN/7807918
7807919,Solar Inverter; Solar Monitoring,"Los Gatos, CA",CA,USA,http://www.google.com/patents?id=Ew_XAAAAEBAJ&zoom=4&dq=tigo%20energy&pg=PA9#v=onepage&q=tigo%20energy&f=false
7808127,Solar Monitoring,"Richardson, TX",TX,USA,http://patft.uspto.gov/netacgi/nph-Parser?Sect1=PTO1&Sect2=HITOFF&d=PALL&p=1&u=%2Fnetahtml%2FPTO%2Fsrchnum.htm&r=1&f=G&l=50&s1=7808127.PN.&OS=PN/7808127&RS=PN/7808127
7812247,Solar Mounting/Rack,"Littleton, CO",CO,USA,http://patft.uspto.gov/netacgi/nph-Parser?Sect1=PTO1&Sect2=HITOFF&d=PALL&p=1&u=%2Fnetahtml%2FPTO%2Fsrchnum.htm&r=1&f=G&l=50&s1=7812247.PN.&OS=PN/7812247&RS=PN/7812247
7812592,Solar Monitoring,Niestetal,,Germany,http://patft.uspto.gov/netacgi/nph-Parser?Sect1=PTO1&Sect2=HITOFF&d=PALL&p=1&u=%2Fnetahtml%2FPTO%2Fsrchnum.htm&r=1&f=G&l=50&s1=7812592.PN.&OS=PN/7812592&RS=PN/7812592
7813153,Solar Inverter,Niestetal,,Germany,http://www.google.com/patents?id=AGzXAAAAEBAJ&zoom=4&dq=solar%20inverter&pg=PA1#v=onepage&q=solar%20inverter&f=false
7814899,Solar Mounting/Rack  ,"(Los Angeles, CA)",CA,USA,http://patft.uspto.gov/netacgi/nph-Parser?Sect1=PTO2&Sect2=HITOFF&p=1&u=%2Fnetahtml%2FPTO%2Fsearch-bool.html&r=20&f=G&l=50&co1=AND&d=PTXT&s1=mounting.TI.&s2=solar.TI.&OS=TTL/mounting+AND+TTL/solar&RS=TTL/mounting+AND+TTL/solar
7817419,Solar Inverter,Wagen,,Germany,http://patft.uspto.gov/netacgi/nph-Parser?Sect2=PTO1&Sect2=HITOFF&p=1&u=/netahtml/PTO/search-bool.html&r=1&f=G&l=50&d=PALL&RefSrch=yes&Query=PN/7817419
7819114,Solar Mounting/Rack; Solar Inverter ,"Sunnyvale, CA",CA,USA,http://www.google.com/patents?id=61PYAAAAEBAJ&zoom=4&dq=solar%20inverter&pg=PA1#v=onepage&q=solar%20inverter&f=false
7819913,Solar Monitoring,Taipei Hsien,N/A,Taiwan,http://patft.uspto.gov/netacgi/nph-Parser?Sect1=PTO1&Sect2=HITOFF&d=PALL&p=1&u=%2Fnetahtml%2FPTO%2Fsrchnum.htm&r=1&f=G&l=50&s1=7781913.PN.&OS=PN/7781913&RS=PN/7781913
7820906,Solar Mounting/Rack  ,"Mountain View, CA",CA,USA,"http://patft.uspto.gov/netacgi/nph-Parser?Sect1=PTO1&Sect2=HITOFF&d=PALL&p=1&u=%2Fnetahtml%2FPTO%2Fsrchnum.htm&r=1&f=G&l=50&s1=7,820,906.PN.&OS=PN/7,820,906&RS=PN/7,820,906"
7823583,Solar Mounting/Rack  ,"Pasadena, CA",CA,USA,http://patft.uspto.gov/netacgi/nph-Parser?Sect1=PTO2&Sect2=HITOFF&p=1&u=%2Fnetahtml%2FPTO%2Fsearch-bool.html&r=19&f=G&l=50&co1=AND&d=PTXT&s1=mounting.TI.&s2=solar.TI.&OS=TTL/mounting+AND+TTL/solar&RS=TTL/mounting+AND+TTL/solar
7824189,Solar Mounting/Rack;  ,"Berwyn, PA",PA,USA,http://patft.uspto.gov/netacgi/nph-Parser?Sect1=PTO1&Sect2=HITOFF&d=PALL&p=1&u=%2Fnetahtml%2FPTO%2Fsrchnum.htm&r=1&f=G&l=50&s1=7824189.PN.&OS=PN/7824189&RS=PN/7824189
7824191,Solar Inverter,"Roanoke, TX",TX,USA,http://www.google.com/patents?id=uoDYAAAAEBAJ&zoom=4&dq=solar%20inverter&pg=PA1#v=onepage&q=solar%20inverter&f=false
7832157,Solar Mounting/Rack,"Los Gatos, CA",CA,USA,http://patft.uspto.gov/netacgi/nph-Parser?Sect2=PTO1&Sect2=HITOFF&p=1&u=/netahtml/PTO/search-bool.html&r=1&f=G&l=50&d=PALL&RefSrch=yes&Query=PN/7832157
7832267,Site Assessment,"Boulder, CO",CO,USA,http://patft.uspto.gov/netacgi/nph-Parser?Sect1=PTO1&Sect2=HITOFF&d=PALL&p=1&u=%2Fnetahtml%2FPTO%2Fsrchnum.htm&r=1&f=G&l=50&s1=7832267.PN.&OS=PN/7832267&RS=PN/7832267
7834471,Solar Monitoring,"Waterford, MI",MI,USA,http://patft.uspto.gov/netacgi/nph-Parser?Sect1=PTO1&Sect2=HITOFF&d=PALL&p=1&u=%2Fnetahtml%2FPTO%2Fsrchnum.htm&r=1&f=G&l=50&s1=7834471.PN.&OS=PN/7834471&RS=PN/7834471
7834580,Solar Monitoring,"West Kingston, RI",RI,USA,patft.uspto.gov/netacgi/nph-Parser?Sect1=PTO1&Sect2=HITOFF&d=PALL&p=1&u=%2Fnetahtml%2FPTO%2Fsrchnum.htm&r=1&f=G&l=50&s1=7834580.PN.&OS=PN/7834580&RS=PN/7834580
7843085,Solar Inverter,"Fort Collins, CO",CO,USA,http://patft.uspto.gov/netacgi/nph-Parser?Sect2=PTO1&Sect2=HITOFF&p=1&u=/netahtml/PTO/search-bool.html&r=1&f=G&l=50&d=PALL&RefSrch=yes&Query=PN/7843085
7843714,Solar Inverter,Niestetal,,Germany,http://patft.uspto.gov/netacgi/nph-Parser?Sect1=PTO2&Sect2=HITOFF&u=%2Fnetahtml%2FPTO%2Fsearch-adv.htm&r=71&f=G&l=50&d=PTXT&s1=%28inverter.CLTX.+or+inverter.DCTX.%29&s2=%28photovoltaic.CLTX.+or+photovoltaic.DCTX.%29&co1=AND&p=2&OS=ACLM/inverter+AND+ACLM/p
7844568,Solar Monitoring,"Wilmington, DE",DE,USA,http://patft.uspto.gov/netacgi/nph-Parser?Sect2=PTO1&Sect2=HITOFF&p=1&u=/netahtml/PTO/search-bool.html&r=1&f=G&l=50&d=PALL&RefSrch=yes&Query=PN/7844568
7845128,Solar Mounting/Rack  ,"Alameda, CA",CA,USA,http://patft.uspto.gov/netacgi/nph-Parser?Sect2=PTO1&Sect2=HITOFF&p=1&u=/netahtml/PTO/search-bool.html&r=1&f=G&l=50&d=PALL&RefSrch=yes&Query=PN/7845128
7847181,Solar Mounting/Rack  ,"Alameda, CA",CA,USA,http://patft.uspto.gov/netacgi/nph-Parser?Sect2=PTO1&Sect2=HITOFF&p=1&u=/netahtml/PTO/search-bool.html&r=1&f=G&l=50&d=PALL&RefSrch=yes&Query=PN/7847181
7847436,Solar Monitoring,"(Milpitas, CA)",CA,USA,http://patft.uspto.gov/netacgi/nph-Parser?Sect2=PTO1&Sect2=HITOFF&p=1&u=/netahtml/PTO/search-bool.html&r=1&f=G&l=50&d=PALL&RefSrch=yes&Query=PN/7847436
7849849,Solar Mounting/Rack  ,Rangsdorf,,Germany,http://patft.uspto.gov/netacgi/nph-Parser?Sect1=PTO2&Sect2=HITOFF&p=1&u=%2Fnetahtml%2FPTO%2Fsearch-bool.html&r=17&f=G&l=50&co1=AND&d=PTXT&s1=mounting.TI.&s2=solar.TI.&OS=TTL/mounting+AND+TTL/solar&RS=TTL/mounting+AND+TTL/solar
7855473,Solar Inverter,"Petaluma, CA",CA,USA,http://patft.uspto.gov/netacgi/nph-Parser?Sect2=PTO1&Sect2=HITOFF&p=1&u=/netahtml/PTO/search-bool.html&r=1&f=G&l=50&d=PALL&RefSrch=yes&Query=PN/7855473
7856769,Solar Mounting/Rack  ,"Berkeley, CA",CA,USA,http://patft.uspto.gov/netacgi/nph-Parser?Sect1=PTO2&Sect2=HITOFF&u=%2Fnetahtml%2FPTO%2Fsearch-adv.htm&r=16&f=G&l=50&d=PTXT&s1=mounting.TI.&s2=solar.TI.&co1=AND&p=1&OS=TTL/mounting+AND+TTL/solar&RS=TTL/mounting+AND+TTL/solar
7858874,Solar Mounting/Rack  ,"(Kensington, MD)",MD,USA,http://patft.uspto.gov/netacgi/nph-Parser?Sect1=PTO1&Sect2=HITOFF&d=PALL&p=1&u=%2Fnetahtml%2FPTO%2Fsrchnum.htm&r=1&f=G&l=50&s1=7858874.PN.&OS=PN/7858874&RS=PN/7858874
7861422,Site Assessment,"Sebastopol, CA",CA,USA,http://patft.uspto.gov/netacgi/nph-Parser?Sect1=PTO2&Sect2=HITOFF&u=%2Fnetahtml%2FPTO%2Fsearch-adv.htm&r=306&f=G&l=50&d=PTXT&s1=%28%28%28solar.CLTX.+or+solar.DCTX.%29+OR+%28photovoltaic.CLTX.+or+photovoltaic.DCTX.%29%29+AND+%28%28%28%28%28%28%28%28%28mapping.CLTX.+or+mapping.DCTX.%29+OR+%28estimation.CLTX.+or+estimation.DCTX.%29%29+OR+%28obstruction.CLTX.+or+obstruction.DCTX.%29%29+OR+%28potential.CLTX.+or+potential.DCTX.%29%29+OR+%28site.CLTX.+or+site.DCTX.%29%29+OR+%28terrain.CLTX.+or+terrain.DCTX.%29%29+OR+%28access.CLTX.+or+access.DCTX.%29%29+OR+%28azimuth.CLTX.+or+azimuth.DCTX.%29%29+OR+%28survey.CLTX.+or+survey.DCTX.%29%29%29&p=7&OS=+%28%28ACLM/solar+OR+ACLM/photovoltaic%29+AND+%28%28%28%28%28%28%28%28ACLM/mapping+OR+ACLM/estimation%29+OR+ACLM/obstruction%29+OR+ACLM/potential%29+OR+ACLM/site%29+OR+ACLM/terrain%29+OR+ACLM/access%29+OR+ACLM/azimuth%29+OR+ACLM/survey%29%29&RS=%28%28ACLM/solar+OR+ACLM/photovoltaic%29+AND+%28%28%28%28%28%28%28%28ACLM/mapping+OR+ACLM/estimation%29+OR+ACLM/obstruction%29+OR+ACLM/potential%29+OR+ACLM/site%29+OR+ACLM/terrain%29+OR+ACLM/access%29+OR+ACLM/azimuth%29+OR+ACLM/survey%29%29
7866098,Solar Mounting/Rack,"Saratoga, CA",CA,USA,http://patft.uspto.gov/netacgi/nph-Parser?Sect2=PTO1&Sect2=HITOFF&p=1&u=/netahtml/PTO/search-bool.html&r=1&f=G&l=50&d=PALL&RefSrch=yes&Query=PN/7866098
7866099,Solar Mounting/Rack  ,Osaka-shi,,Japan,http://patft.uspto.gov/netacgi/nph-Parser?Sect1=PTO2&Sect2=HITOFF&p=1&u=%2Fnetahtml%2FPTO%2Fsearch-bool.html&r=14&f=G&l=50&co1=AND&d=PTXT&s1=mounting.TI.&s2=solar.TI.&OS=TTL/mounting+AND+TTL/solar&RS=TTL/mounting+AND+TTL/solar
7868482,Solar Inverter,"Ligonier, PA",PA,USA,http://patft.uspto.gov/netacgi/nph-Parser?Sect1=PTO2&Sect2=HITOFF&u=%2Fnetahtml%2FPTO%2Fsearch-adv.htm&r=190&f=G&l=50&d=PTXT&s1=(((solar.CLTX.+or+solar.DCTX.)+AND+((monitor.CLTX.+or+monitor.DCTX.)+OR+(monitoring.CLTX.+or+monitoring.DCTX.)))+OR+((photovoltaic.CLTX.+or+photovoltaic.DCTX.)+AND+((monitor.CLTX.+or+monitor.DCTX.)+OR+(monitoring.CLTX.+or+monitoring.DCTX.))))&p=4&OS=+(ACLM/solar+AND+(ACLM/monitor+OR+ACLM/monitoring))+OR+(ACLM/photovoltaic+AND+(ACLM/monitor+OR+ACLM/monitoring))&RS=((ACLM/solar+AND+(ACLM/monitor+OR+ACLM/monitoring))+OR+(ACLM/photovoltaic+AND+(ACLM/monitor+OR+ACLM/monitoring)))
7872375,Solar Monitoring,"Detroit, MI",MI,USA,http://patft.uspto.gov/netacgi/nph-Parser?Sect1=PTO2&Sect2=HITOFF&u=%2Fnetahtml%2FPTO%2Fsearch-adv.htm&r=188&f=G&l=50&d=PTXT&s1=(((solar.CLTX.+or+solar.DCTX.)+AND+((monitor.CLTX.+or+monitor.DCTX.)+OR+(monitoring.CLTX.+or+monitoring.DCTX.)))+OR+((photovoltaic.CLTX.+or+photovoltaic.DCTX.)+AND+((monitor.CLTX.+or+monitor.DCTX.)+OR+(monitoring.CLTX.+or+monitoring.DCTX.))))&p=4&OS=+(ACLM/solar+AND+(ACLM/monitor+OR+ACLM/monitoring))+OR+(ACLM/photovoltaic+AND+(ACLM/monitor+OR+ACLM/monitoring))&RS=((ACLM/solar+AND+(ACLM/monitor+OR+ACLM/monitoring))+OR+(ACLM/photovoltaic+AND+(ACLM/monitor+OR+ACLM/monitoring)))
7873490,Site Assessment,"Sebastopol, CA",CA,USA,http://patft.uspto.gov/netacgi/nph-Parser?Sect1=PTO2&Sect2=HITOFF&u=%2Fnetahtml%2FPTO%2Fsearch-adv.htm&r=299&f=G&l=50&d=PTXT&s1=%28%28%28solar.CLTX.+or+solar.DCTX.%29+OR+%28photovoltaic.CLTX.+or+photovoltaic.DCTX.%29%29+AND+%28%28%28%28%28%28%28%28%28mapping.CLTX.+or+mapping.DCTX.%29+OR+%28estimation.CLTX.+or+estimation.DCTX.%29%29+OR+%28obstruction.CLTX.+or+obstruction.DCTX.%29%29+OR+%28potential.CLTX.+or+potential.DCTX.%29%29+OR+%28site.CLTX.+or+site.DCTX.%29%29+OR+%28terrain.CLTX.+or+terrain.DCTX.%29%29+OR+%28access.CLTX.+or+access.DCTX.%29%29+OR+%28azimuth.CLTX.+or+azimuth.DCTX.%29%29+OR+%28survey.CLTX.+or+survey.DCTX.%29%29%29&p=6&OS=+%28%28ACLM/solar+OR+ACLM/photovoltaic%29+AND+%28%28%28%28%28%28%28%28ACLM/mapping+OR+ACLM/estimation%29+OR+ACLM/obstruction%29+OR+ACLM/potential%29+OR+ACLM/site%29+OR+ACLM/terrain%29+OR+ACLM/access%29+OR+ACLM/azimuth%29+OR+ACLM/survey%29%29&RS=%28%28ACLM/solar+OR+ACLM/photovoltaic%29+AND+%28%28%28%28%28%28%28%28ACLM/mapping+OR+ACLM/estimation%29+OR+ACLM/obstruction%29+OR+ACLM/potential%29+OR+ACLM/site%29+OR+ACLM/terrain%29+OR+ACLM/access%29+OR+ACLM/azimuth%29+OR+ACLM/survey%29%29
7884278,Solar Inverter; Solar Monitoring,"Los Gatos, CA",CA,USA,http://patft.uspto.gov/netacgi/nph-Parser?Sect1=PTO2&Sect2=HITOFF&p=2&u=%2Fnetahtml%2FPTO%2Fsearch-bool.html&r=66&f=G&l=50&co1=AND&d=PTXT&s1=%28inverter.CLTX.+or+inverter.DCTX.%29&s2=%28photovoltaic.CLTX.+or+photovoltaic.DCTX.%29&OS=ACLM/inverter+AND+ACLM
7884500,Solar Inverter,"Sunnyvale, CA",CA,USA,http://patft.uspto.gov/netacgi/nph-Parser?Sect2=PTO1&Sect2=HITOFF&p=1&u=/netahtml/PTO/search-bool.html&r=1&f=G&l=50&d=PALL&RefSrch=yes&Query=PN/7884500
7888584,Solar Mounting/Rack  ,"Aloha, OR",OR,USA,http://patft.uspto.gov/netacgi/nph-Parser?Sect1=PTO1&Sect2=HITOFF&d=PALL&p=1&u=%2Fnetahtml%2FPTO%2Fsrchnum.htm&r=1&f=G&l=50&s1=7888584.PN.&OS=PN/7888584&RS=PN/7888584
7888587,Solar Mounting/Rack  ,"Richmond, CA",WA,USA,http://patft.uspto.gov/netacgi/nph-Parser?Sect1=PTO1&Sect2=HITOFF&d=PALL&p=1&u=%2Fnetahtml%2FPTO%2Fsrchnum.htm&r=1&f=G&l=50&s1=7888587.PN.&OS=PN/7888587&RS=PN/7888587
7890217,Solar Monitoring,"Schenectady, NY",NY,USA,http://patft.uspto.gov/netacgi/nph-Parser?Sect1=PTO2&Sect2=HITOFF&u=%2Fnetahtml%2FPTO%2Fsearch-adv.htm&r=179&f=G&l=50&d=PTXT&s1=(((solar.CLTX.+or+solar.DCTX.)+AND+((monitor.CLTX.+or+monitor.DCTX.)+OR+(monitoring.CLTX.+or+monitoring.DCTX.)))+OR+((photovoltaic.CLTX.+or+photovoltaic.DCTX.)+AND+((monitor.CLTX.+or+monitor.DCTX.)+OR+(monitoring.CLTX.+or+monitoring.DCTX.))))&p=4&OS=+(ACLM/solar+AND+(ACLM/monitor+OR+ACLM/monitoring))+OR+(ACLM/photovoltaic+AND+(ACLM/monitor+OR+ACLM/monitoring))&RS=((ACLM/solar+AND+(ACLM/monitor+OR+ACLM/monitoring))+OR+(ACLM/photovoltaic+AND+(ACLM/monitor+OR+ACLM/monitoring)))
7893346,Solar Inverter;  ,"(Glen Mills, PA)",PA,USA,http://patft.uspto.gov/netacgi/nph-Parser?Sect1=PTO1&Sect2=HITOFF&d=PALL&p=1&u=%2Fnetahtml%2FPTO%2Fsrchnum.htm&r=1&f=G&l=50&s1=7893346.PN.&OS=PN/7893346&RS=PN/7893346
7896000,Solar Mounting/Rack  ,Vaughn ,,Canada,http://patft.uspto.gov/netacgi/nph-Parser?Sect1=PTO2&Sect2=HITOFF&p=1&u=%2Fnetahtml%2FPTO%2Fsearch-bool.html&r=13&f=G&l=50&co1=AND&d=PTXT&s1=mounting.TI.&s2=solar.TI.&OS=TTL/mounting+AND+TTL/solar&RS=TTL/mounting+AND+TTL/solar
7898112,Solar Monitoring,"Los Gatos, CA",CA,USA,http://patft.uspto.gov/netacgi/nph-Parser?Sect1=PTO2&Sect2=HITOFF&u=%2Fnetahtml%2FPTO%2Fsearch-adv.htm&r=178&f=G&l=50&d=PTXT&s1=(((solar.CLTX.+or+solar.DCTX.)+AND+((monitor.CLTX.+or+monitor.DCTX.)+OR+(monitoring.CLTX.+or+monitoring.DCTX.)))+OR+((photovoltaic.CLTX.+or+photovoltaic.DCTX.)+AND+((monitor.CLTX.+or+monitor.DCTX.)+OR+(monitoring.CLTX.+or+monitoring.DCTX.))))&p=4&OS=+(ACLM/solar+AND+(ACLM/monitor+OR+ACLM/monitoring))+OR+(ACLM/photovoltaic+AND+(ACLM/monitor+OR+ACLM/monitoring))&RS=((ACLM/solar+AND+(ACLM/monitor+OR+ACLM/monitoring))+OR+(ACLM/photovoltaic+AND+(ACLM/monitor+OR+ACLM/monitoring)))
7899035,Solar Inverter,"Vienna, Austria - Siemens NJ office",,Austria,http://www.google.com/patents?id=yA8dAQAAEBAJ&zoom=4&dq=%22Solar%20inverter!%22&pg=PA1#v=onepage&q=%22Solar%20inverter!%22&f=false
7900361,Solar Inverter; Solar Monitoring,Herzelia,,Israel,http://patft.uspto.gov/netacgi/nph-Parser?Sect1=PTO1&Sect2=HITOFF&d=PALL&p=1&u=%2Fnetahtml%2FPTO%2Fsrchnum.htm&r=1&f=G&l=50&s1=7900361.PN.&OS=PN/7900361&RS=PN/7900361
7900407,Solar Mounting/Rack,Berkley CA,CA,USA,http://www.google.com/patents?id=DxEuAQAAEBAJ&zoom=4&dq=Solar%20Racking&pg=PA1#v=onepage&q=Solar%20Racking&f=false
7906870,Solar Inverter,"Bend, OR",OR,USA,http://patft.uspto.gov/netacgi/nph-Parser?Sect1=PTO2&Sect2=HITOFF&p=2&u=%2Fnetahtml%2FPTO%2Fsearch-bool.html&r=61&f=G&l=50&co1=AND&d=PTXT&s1=%28inverter.CLTX.+or+inverter.DCTX.%29&s2=%28photovoltaic.CLTX.+or+photovoltaic.DCTX.%29&OS=ACLM/inverter+AND+ACLM
7908348,Solar Mounting/Rack,"Schenectady, NY",NY,USA,http://www.google.com/patents?id=D8lQAQAAEBAJ&zoom=4&dq=%22solar%20inverter%22&pg=PA1#v=onepage&q=%22solar%20inverter%22&f=false
7913181,Solar Monitoring,"Schenectady, NY",NY,USA,http://appft1.uspto.gov/netacgi/nph-Parser?Sect1=PTO2&Sect2=HITOFF&u=%2Fnetahtml%2FPTO%2Fsearch-adv.html&r=698&p=14&f=G&l=50&d=PG01&S1=%28%28solar.CLM.+AND+%28monitor.CLM.+OR+monitoring.CLM.%29%29+OR+%28photovoltaic.CLM.+AND+%28monitor.CLM.+OR+monitoring.CLM.%29%29%29&OS=+%28aclm/solar+and+%28aclm/monitor+or+aclm/monitoring%29%29+or+%28aclm/photovoltaic+and+%28aclm/monitor+or+aclm/monitoring%29%29&RS=%28%28ACLM/solar+AND+%28ACLM/monitor+OR+ACLM/monitoring%29%29+OR+%28ACLM/photovoltaic+AND+%28ACLM/monitor+OR+ACLM/monitoring%29%29%29
7919953,Solar Inverter,"Fort Collins, CO",CO,USA,http://patft.uspto.gov/netacgi/nph-Parser?Sect2=PTO1&Sect2=HITOFF&p=1&u=/netahtml/PTO/search-bool.html&r=1&f=G&l=50&d=PALL&RefSrch=yes&Query=PN/7919953
7921607,Solar Mounting/Rack  ,"Novato, CA",CA,USA,http://patft.uspto.gov/netacgi/nph-Parser?Sect1=PTO2&Sect2=HITOFF&p=1&u=%2Fnetahtml%2FPTO%2Fsearch-bool.html&r=12&f=G&l=50&co1=AND&d=PTXT&s1=mounting.TI.&s2=solar.TI.&OS=TTL/mounting+AND+TTL/solar&RS=TTL/mounting+AND+TTL/solar
7924582,Solar Inverter,Niestetal,,Germany,http://patft.uspto.gov/netacgi/nph-Parser?Sect1=PTO2&Sect2=HITOFF&p=2&u=%2Fnetahtml%2FPTO%2Fsearch-bool.html&r=60&f=G&l=50&co1=AND&d=PTXT&s1=%28inverter.CLTX.+or+inverter.DCTX.%29&s2=%28photovoltaic.CLTX.+or+photovoltaic.DCTX.%29&OS=ACLM/inverter+AND+ACLM
7925552,Solar Monitoring,"Foster City, CA",CA,USA,http://patft.uspto.gov/netacgi/nph-Parser?Sect1=PTO2&Sect2=HITOFF&u=%2Fnetahtml%2FPTO%2Fsearch-adv.htm&r=167&f=G&l=50&d=PTXT&s1=(((solar.CLTX.+or+solar.DCTX.)+AND+((monitor.CLTX.+or+monitor.DCTX.)+OR+(monitoring.CLTX.+or+monitoring.DCTX.)))+OR+((photovoltaic.CLTX.+or+photovoltaic.DCTX.)+AND+((monitor.CLTX.+or+monitor.DCTX.)+OR+(monitoring.CLTX.+or+monitoring.DCTX.))))&p=4&OS=+(ACLM/solar+AND+(ACLM/monitor+OR+ACLM/monitoring))+OR+(ACLM/photovoltaic+AND+(ACLM/monitor+OR+ACLM/monitoring))&RS=((ACLM/solar+AND+(ACLM/monitor+OR+ACLM/monitoring))+OR+(ACLM/photovoltaic+AND+(ACLM/monitor+OR+ACLM/monitoring)))
7929324,Solar Inverter,"Sunnyvale, CA",CA,USA,http://patft.uspto.gov/netacgi/nph-Parser?Sect1=PTO1&Sect2=HITOFF&d=PALL&p=1&u=%2Fnetahtml%2FPTO%2Fsrchnum.htm&r=1&f=G&l=50&s1=7929324.PN.&OS=PN/7929324&RS=PN/7929324
7929325,Solar Inverter,"Niskayuna, NY",NY,USA,http://patft.uspto.gov/netacgi/nph-Parser?Sect2=PTO1&Sect2=HITOFF&p=1&u=/netahtml/PTO/search-bool.html&r=1&f=G&l=50&d=PALL&RefSrch=yes&Query=PN/7929325
7929326,Solar Inverter,"Sunnyvale, CA",CA,USA,http://patft.uspto.gov/netacgi/nph-Parser?Sect1=PTO1&Sect2=HITOFF&d=PALL&p=1&u=%2Fnetahtml%2FPTO%2Fsrchnum.htm&r=1&f=G&l=50&s1=7929326.PN.&OS=PN/7929326&RS=PN/7929326
7931488,Solar Mounting/Rack ,Blomberg,,Germany,http://patft.uspto.gov/netacgi/nph-Parser?Sect1=PTO2&Sect2=HITOFF&u=%2Fnetahtml%2FPTO%2Fsearch-adv.htm&r=52&f=G&l=50&d=PTXT&s1=%28mounting.CLTX.+or+mounting.DCTX.%29&s2=%28photovoltaic.CLTX.+or+photovoltaic.DCTX.%29&co1=AND&p=2&OS=ACLM/mounting+AND+ACLM/p
7938661,Solar Mounting/Rack;   ,"Berwyn, PA",PA,USA,http://patft.uspto.gov/netacgi/nph-Parser?Sect1=PTO2&Sect2=HITOFF&u=%2Fnetahtml%2FPTO%2Fsearch-adv.htm&r=51&f=G&l=50&d=PTXT&s1=%28mounting.CLTX.+or+mounting.DCTX.%29&s2=%28photovoltaic.CLTX.+or+photovoltaic.DCTX.%29&co1=AND&p=2&OS=ACLM/mounting+AND+ACLM/p
7940032,Solar Inverter,"Gyunggi-do, Korea",,Korea,http://patft.uspto.gov/netacgi/nph-Parser?Sect1=PTO2&Sect2=HITOFF&p=2&u=%2Fnetahtml%2FPTO%2Fsearch-bool.html&r=58&f=G&l=50&co1=AND&d=PTXT&s1=%28inverter.CLTX.+or+inverter.DCTX.%29&s2=%28photovoltaic.CLTX.+or+photovoltaic.DCTX.%29&OS=ACLM/inverter+AND+ACLM
7952897,Solar Inverter; Solar Monitoring,Arezzo,,Italy,http://patft.uspto.gov/netacgi/nph-Parser?Sect1=PTO2&Sect2=HITOFF&p=2&u=%2Fnetahtml%2FPTO%2Fsearch-bool.html&r=57&f=G&l=50&co1=AND&d=PTXT&s1=%28inverter.CLTX.+or+inverter.DCTX.%29&s2=%28photovoltaic.CLTX.+or+photovoltaic.DCTX.%29&OS=ACLM/inverter+AND+ACLM
7955134,Solar Inverter,Niestetal,,Germany,http://www.google.com/patents?id=KejmAQAAEBAJ&zoom=4&dq=solar%20inverter&pg=PA1#v=onepage&q=solar%20inverter&f=false
7960863,Solar Inverter; Solar Monitoring,"Bend, OR",OR,USA,http://patft.uspto.gov/netacgi/nph-Parser?Sect1=PTO2&Sect2=HITOFF&p=2&u=%2Fnetahtml%2FPTO%2Fsearch-bool.html&r=55&f=G&l=50&co1=AND&d=PTXT&s1=%28inverter.CLTX.+or+inverter.DCTX.%29&s2=%28photovoltaic.CLTX.+or+photovoltaic.DCTX.%29&OS=ACLM/inverter+AND+ACLM
7962247,Solar Monitoring,"Camarillo, CA",CA,USA,http://patft.uspto.gov/netacgi/nph-Parser?Sect1=PTO2&Sect2=HITOFF&u=%2Fnetahtml%2FPTO%2Fsearch-adv.htm&r=153&f=G&l=50&d=PTXT&s1=(((solar.CLTX.+or+solar.DCTX.)+AND+((monitor.CLTX.+or+monitor.DCTX.)+OR+(monitoring.CLTX.+or+monitoring.DCTX.)))+OR+((photovoltaic.CLTX.+or+photovoltaic.DCTX.)+AND+((monitor.CLTX.+or+monitor.DCTX.)+OR+(monitoring.CLTX.+or+monitoring.DCTX.))))&p=4&OS=+(ACLM/solar+AND+(ACLM/monitor+OR+ACLM/monitoring))+OR+(ACLM/photovoltaic+AND+(ACLM/monitor+OR+ACLM/monitoring))&RS=((ACLM/solar+AND+(ACLM/monitor+OR+ACLM/monitoring))+OR+(ACLM/photovoltaic+AND+(ACLM/monitor+OR+ACLM/monitoring)))
7962249,Solar Monitoring,"Santa Clara, CA",CA,USA,http://patft.uspto.gov/netacgi/nph-Parser?Sect1=PTO2&Sect2=HITOFF&u=%2Fnetahtml%2FPTO%2Fsearch-adv.htm&r=152&f=G&l=50&d=PTXT&s1=(((solar.CLTX.+or+solar.DCTX.)+AND+((monitor.CLTX.+or+monitor.DCTX.)+OR+(monitoring.CLTX.+or+monitoring.DCTX.)))+OR+((photovoltaic.CLTX.+or+photovoltaic.DCTX.)+AND+((monitor.CLTX.+or+monitor.DCTX.)+OR+(monitoring.CLTX.+or+monitoring.DCTX.))))&p=4&OS=+(ACLM/solar+AND+(ACLM/monitor+OR+ACLM/monitoring))+OR+(ACLM/photovoltaic+AND+(ACLM/monitor+OR+ACLM/monitoring))&RS=((ACLM/solar+AND+(ACLM/monitor+OR+ACLM/monitoring))+OR+(ACLM/photovoltaic+AND+(ACLM/monitor+OR+ACLM/monitoring)))
7964837,Solar Inverter; Solar Mounting/Rack,"Fort Collins, CO",CO,USA,http://patft.uspto.gov/netacgi/nph-Parser?Sect1=PTO2&Sect2=HITOFF&p=2&u=%2Fnetahtml%2FPTO%2Fsearch-bool.html&r=54&f=G&l=50&co1=AND&d=PTXT&s1=%28inverter.CLTX.+or+inverter.DCTX.%29&s2=%28photovoltaic.CLTX.+or+photovoltaic.DCTX.%29&OS=ACLM/inverter+AND+ACLM
7969757,Solar Inverter,"Sunnyvale, CA",CA,USA,http://patft.uspto.gov/netacgi/nph-Parser?Sect1=PTO1&Sect2=HITOFF&d=PALL&p=1&u=%2Fnetahtml%2FPTO%2Fsrchnum.htm&r=1&f=G&l=50&s1=7969757.PN.&OS=PN/7969757&RS=PN/7969757
7971398,Solar Mounting/Rack  ,"(Santa Rose, CA)",CA,USA,http://patft.uspto.gov/netacgi/nph-Parser?Sect1=PTO2&Sect2=HITOFF&p=1&u=%2Fnetahtml%2FPTO%2Fsearch-bool.html&r=47&f=G&l=50&co1=AND&d=PTXT&s1=%28mounting.CLTX.+or+mounting.DCTX.%29&s2=%28photovoltaic.CLTX.+or+photovoltaic.DCTX.%29&OS=ACLM/mounting+AND+ACLM
7974079,Solar Mounting/Rack  ,"Armonk, NY",NY,USA,http://patft.uspto.gov/netacgi/nph-Parser?Sect1=PTO2&Sect2=HITOFF&p=1&u=%2Fnetahtml%2FPTO%2Fsearch-bool.html&r=46&f=G&l=50&co1=AND&d=PTXT&s1=%28mounting.CLTX.+or+mounting.DCTX.%29&s2=%28photovoltaic.CLTX.+or+photovoltaic.DCTX.%29&OS=ACLM/mounting+AND+ACLM
7977818,Solar Inverter; Solar Monitoring,"(New Castle, CO)",CO,USA,http://patft.uspto.gov/netacgi/nph-Parser?Sect1=PTO1&Sect2=HITOFF&d=PALL&p=1&u=%2Fnetahtml%2FPTO%2Fsrchnum.htm&r=1&f=G&l=50&s1=7977818.PN.&OS=PN/7977818&RS=PN/7977818
7986122,Solar Inverter,"Petaluma, CA",CA,USA,http://patft.uspto.gov/netacgi/nph-Parser?Sect2=PTO1&Sect2=HITOFF&p=1&u=/netahtml/PTO/search-bool.html&r=1&f=G&l=50&d=PALL&RefSrch=yes&Query=PN/7986122
7987641,Solar Mounting/Rack,"Saratoga, CA",CA,USA,http://patft.uspto.gov/netacgi/nph-Parser?Sect2=PTO1&Sect2=HITOFF&p=1&u=/netahtml/PTO/search-bool.html&r=1&f=G&l=50&d=PALL&RefSrch=yes&Query=PN/7987641
7990743,Solar Inverter; Solar Monitoring,"Schenectady, NY",NY,USA,http://patft.uspto.gov/netacgi/nph-Parser?Sect1=PTO2&Sect2=HITOFF&p=1&u=%2Fnetahtml%2FPTO%2Fsearch-bool.html&r=50&f=G&l=50&co1=AND&d=PTXT&s1=%28inverter.CLTX.+or+inverter.DCTX.%29&s2=%28photovoltaic.CLTX.+or+photovoltaic.DCTX.%29&OS=ACLM/inverter+AND+ACLM
8004113,Solar Monitoring,"Cupertino, CA",CA,USA,http://patft.uspto.gov/netacgi/nph-Parser?Sect2=PTO1&Sect2=HITOFF&p=1&u=/netahtml/PTO/search-bool.html&r=1&f=G&l=50&d=PALL&RefSrch=yes&Query=PN/8004113
8004116,Solar Inverter; Solar Monitoring,"Fort Collins, CO",CO,USA,http://patft.uspto.gov/netacgi/nph-Parser?Sect2=PTO1&Sect2=HITOFF&p=1&u=/netahtml/PTO/search-bool.html&r=1&f=G&l=50&d=PALL&RefSrch=yes&Query=PN/8004116
8004117,Solar Inverter; Solar Monitoring,Herzelia,,Israel,http://patft.uspto.gov/netacgi/nph-Parser?Sect1=PTO2&Sect2=HITOFF&p=1&u=%2Fnetahtml%2FPTO%2Fsearch-bool.html&r=48&f=G&l=50&co1=AND&d=PTXT&s1=%28inverter.CLTX.+or+inverter.DCTX.%29&s2=%28photovoltaic.CLTX.+or+photovoltaic.DCTX.%29&OS=ACLM/inverter+AND+ACLM
8004232,Solar Monitoring,"San Jose, CA",CA,USA,http://appft1.uspto.gov/netacgi/nph-Parser?Sect1=PTO2&Sect2=HITOFF&u=%2Fnetahtml%2FPTO%2Fsearch-adv.html&r=585&p=12&f=G&l=50&d=PG01&S1=%28%28solar.CLM.+AND+%28monitor.CLM.+OR+monitoring.CLM.%29%29+OR+%28photovoltaic.CLM.+AND+%28monitor.CLM.+OR+monitoring.CLM.%29%29%29&OS=+%28aclm/solar+and+%28aclm/monitor+or+aclm/monitoring%29%29+or+%28aclm/photovoltaic+and+%28aclm/monitor+or+aclm/monitoring%29%29&RS=%28%28ACLM/solar+AND+%28ACLM/monitor+OR+ACLM/monitoring%29%29+OR+%28ACLM/photovoltaic+AND+%28ACLM/monitor+OR+ACLM/monitoring%29%29%29
8013472,Solar Inverter,Herzelia,,Israel,http://portal.uspto.gov/external/portal/!ut/p/c5/04_SB8K8xLLM9MSSzPy8xBz9CP0os3hff1NDc1NLYwN3SzcDA08PwyD_YF8zINcYKB-JW97AiCLdBgR0h4Nci992vPIGEHkDHMDRQN_PIz83VT9SP8ocpylGZvqROanpicmV-gW5oREGmQEZgY6KigBnIW_S/dl3/d3/L0lJSklna21DU1EhIS9JRGpBQU15QUJFUkNKRXFnLzRGR2dzbzBWdnphOUlBOW9JQSEhLzdfTU81MTc1OTMwRzlGMDBJSDFST1NNNjMwMjYvU0ZoMF8zNTQwMDAyNC9zYS5nZXRCaWI!/
8013583,Solar Monitoring,"Novato, CA",CA,USA,http://portal.uspto.gov/external/portal/!ut/p/c5/04_SB8K8xLLM9MSSzPy8xBz9CP0os3hff1NDc1NLYwN3SzcDA08PwyD_YF8zINcYKB-JW97AiCLdBgR0h4Nci992vPIGEHkDHMDRQN_PIz83VT9SP8ocpylGZvqROanpicmV-gW5oREGmQEZgY6KigBnIW_S/dl3/d3/L0lJSklna21DU1EhIS9JRGpBQU15QUJFUkNKRXFnLzRGR2dzbzBWdnphOUlBOW9JQSEhLzdfTU81MTc1OTMwRzlGMDBJSDFST1NNNjMwMjYvYUZoMF8zNTQwMDAxNi9zYS5nZXRCaWI!/
8018748,Solar Inverter,"Niskayuna, NY",NY,USA,http://patft.uspto.gov/netacgi/nph-Parser?Sect1=PTO2&Sect2=HITOFF&p=1&u=%2Fnetahtml%2FPTO%2Fsearch-bool.html&r=45&f=G&l=50&co1=AND&d=PTXT&s1=%28inverter.CLTX.+or+inverter.DCTX.%29&s2=%28photovoltaic.CLTX.+or+photovoltaic.DCTX.%29&OS=ACLM/inverter+AND+ACLM
8019117,Site Assessment,"Tokyo, JP",,Japan,http://patft.uspto.gov/netacgi/nph-Parser?Sect1=PTO2&Sect2=HITOFF&u=%2Fnetahtml%2FPTO%2Fsearch-adv.htm&r=231&f=G&l=50&d=PTXT&s1=(((solar.CLTX.+or+solar.DCTX.)+OR+(photovoltaic.CLTX.+or+photovoltaic.DCTX.))+AND+(((((((((mapping.CLTX.+or+mapping.DCTX.)+OR+(estimation.CLTX.+or+estimation.DCTX.))+OR+(obstruction.CLTX.+or+obstruction.DCTX.))+OR+(potential.CLTX.+or+potential.DCTX.))+OR+(site.CLTX.+or+site.DCTX.))+OR+(terrain.CLTX.+or+terrain.DCTX.))+OR+(access.CLTX.+or+access.DCTX.))+OR+(azimuth.CLTX.+or+azimuth.DCTX.))+OR+(survey.CLTX.+or+survey.DCTX.)))&p=5&OS=+((ACLM/solar+OR+ACLM/photovoltaic)+AND+((((((((ACLM/mapping+OR+ACLM/estimation)+OR+ACLM/obstruction)+OR+ACLM/potential)+OR+ACLM/site)+OR+ACLM/terrain)+OR+ACLM/access)+OR+ACLM/azimuth)+OR+ACLM/survey))&RS=((ACLM/solar+OR+ACLM/photovoltaic)+AND+((((((((ACLM/mapping+OR+ACLM/estimation)+OR+ACLM/obstruction)+OR+ACLM/potential)+OR+ACLM/site)+OR+ACLM/terrain)+OR+ACLM/access)+OR+ACLM/azimuth)+OR+ACLM/survey))
8022571,Solar Monitoring,"Cupertino, CA",CA,USA,http://patft.uspto.gov/netacgi/nph-Parser?Sect2=PTO1&Sect2=HITOFF&p=1&u=/netahtml/PTO/search-bool.html&r=1&f=G&l=50&d=PALL&RefSrch=yes&Query=PN/8022571
8023266,Solar Inverter,"Westford, MA",MA,USA,http://patft.uspto.gov/netacgi/nph-Parser?Sect2=PTO1&Sect2=HITOFF&p=1&u=/netahtml/PTO/search-bool.html&r=1&f=G&l=50&d=PALL&RefSrch=yes&Query=PN/8023266
8023288,Solar Inverter,Niestetal,,Germany,http://patft.uspto.gov/netacgi/nph-Parser?Sect1=PTO1&Sect2=HITOFF&d=PALL&p=1&u=%2Fnetahtml%2FPTO%2Fsrchnum.htm&r=1&f=G&l=50&s1=8023288.PN.&OS=PN/8023288&RS=PN/8023288
8023297,Solar Inverter,"Niskayuna, NY",NY,USA,http://patft.uspto.gov/netacgi/nph-Parser?Sect1=PTO2&Sect2=HITOFF&p=1&u=%2Fnetahtml%2FPTO%2Fsearch-bool.html&r=43&f=G&l=50&co1=AND&d=PTXT&s1=%28inverter.CLTX.+or+inverter.DCTX.%29&s2=%28photovoltaic.CLTX.+or+photovoltaic.DCTX.%29&OS=ACLM/inverter+AND+ACLM
8024077,Solar Monitoring,"San Diego, CA",CA,USA,http://appft1.uspto.gov/netacgi/nph-Parser?Sect1=PTO2&Sect2=HITOFF&u=%2Fnetahtml%2FPTO%2Fsearch-adv.html&r=498&p=10&f=G&l=50&d=PG01&S1=%28%28solar.CLM.+AND+%28monitor.CLM.+OR+monitoring.CLM.%29%29+OR+%28photovoltaic.CLM.+AND+%28monitor.CLM.+OR+monitoring.CLM.%29%29%29&OS=+%28aclm/solar+and+%28aclm/monitor+or+aclm/monitoring%29%29+or+%28aclm/photovoltaic+and+%28aclm/monitor+or+aclm/monitoring%29%29&RS=%28%28ACLM/solar+AND+%28ACLM/monitor+OR+ACLM/monitoring%29%29+OR+%28ACLM/photovoltaic+AND+%28ACLM/monitor+OR+ACLM/monitoring%29%29%29
8033859,Solar Mounting/Rack,Blomberg,,Germany,http://patft.uspto.gov/netacgi/nph-Parser?Sect1=PTO2&Sect2=HITOFF&p=1&u=%2Fnetahtml%2FPTO%2Fsearch-bool.html&r=39&f=G&l=50&co1=AND&d=PTXT&s1=%28mounting.CLTX.+or+mounting.DCTX.%29&s2=%28photovoltaic.CLTX.+or+photovoltaic.DCTX.%29&OS=ACLM/mounting+AND+ACLM
8035257,Solar Inverter; ,"Petaluma, CA",CA,USA,http://patft.uspto.gov/netacgi/nph-Parser?Sect1=PTO1&Sect2=HITOFF&d=PALL&p=1&u=%2Fnetahtml%2FPTO%2Fsrchnum.htm&r=1&f=G&l=50&s1=8035257.PN.&OS=PN/8035257&RS=PN/8035257
8035369,Solar Inverter,Niestetal,,Germany,http://patft.uspto.gov/netacgi/nph-Parser?Sect1=PTO1&Sect2=HITOFF&d=PALL&p=1&u=%2Fnetahtml%2FPTO%2Fsrchnum.htm&r=1&f=G&l=50&s1=8035369.PN.&OS=PN/8035369&RS=PN/8035369
8036005,Solar Inverter,Niestetal,,Germany,http://patft.uspto.gov/netacgi/nph-Parser?Sect1=PTO1&Sect2=HITOFF&d=PALL&p=1&u=%2Fnetahtml%2FPTO%2Fsrchnum.htm&r=1&f=G&l=50&s1=8036005.PN.&OS=PN/8036005&RS=PN/8036005
8044533,Solar Inverter; Solar Monitoring,Ravensburg,,Germany,http://patft.uspto.gov/netacgi/nph-Parser?Sect2=PTO1&Sect2=HITOFF&p=1&u=/netahtml/PTO/search-bool.html&r=1&f=G&l=50&d=PALL&RefSrch=yes&Query=PN/8044533
8053930,Solar Inverter; ,Niestetal,,Germany,http://patft.uspto.gov/netacgi/nph-Parser?Sect1=PTO2&Sect2=HITOFF&p=1&u=%2Fnetahtml%2FPTO%2Fsearch-bool.html&r=38&f=G&l=50&co1=AND&d=PTXT&s1=%28inverter.CLTX.+or+inverter.DCTX.%29&s2=%28photovoltaic.CLTX.+or+photovoltaic.DCTX.%29&OS=ACLM/inverter+AND+ACLM
8058747,Solar Inverter,"Los Gatos, CA",CA,USA,"http://www.google.com/patents/US8058747?dq=inassignee:%22TIGO+ENERGY,+INC.%22&ei=HITmT5XgA6rs2QXZiYHaCQ"
8058752,Solar Inverter,"Santa Clara, CA",CA,USA,http://patft.uspto.gov/netacgi/nph-Parser?Sect1=PTO1&Sect2=HITOFF&d=PALL&p=1&u=%2Fnetahtml%2FPTO%2Fsrchnum.htm&r=1&f=G&l=50&s1=8058752.PN.&OS=PN/8058752&RS=PN/8058752
8061091,Solar Mounting/Rack  ,"San Jose, CA",CA,USA,http://patft.uspto.gov/netacgi/nph-Parser?Sect1=PTO2&Sect2=HITOFF&p=1&u=%2Fnetahtml%2FPTO%2Fsearch-bool.html&r=35&f=G&l=50&co1=AND&d=PTXT&s1=%28mounting.CLTX.+or+mounting.DCTX.%29&s2=%28photovoltaic.CLTX.+or+photovoltaic.DCTX.%29&OS=ACLM/mounting+AND+ACLM
8065844,Solar Mounting/Rack  ,"San Jose, CA",CA,USA,http://patft.uspto.gov/netacgi/nph-Parser?Sect1=PTO2&Sect2=HITOFF&p=1&u=%2Fnetahtml%2FPTO%2Fsearch-bool.html&r=33&f=G&l=50&co1=AND&d=PTXT&s1=%28mounting.CLTX.+or+mounting.DCTX.%29&s2=%28photovoltaic.CLTX.+or+photovoltaic.DCTX.%29&OS=ACLM/mounting+AND+ACLM
8067855,Solar Monitoring,"Cambridgeshire, GB",,GB,http://patft.uspto.gov/netacgi/nph-Parser?Sect1=PTO1&Sect2=HITOFF&d=PALL&p=1&u=%2Fnetahtml%2FPTO%2Fsrchnum.htm&r=1&f=G&l=50&s1=8067855.PN.&OS=PN/8067855&RS=PN/8067855
8068352,Solar Inverter; ,"Peoria, IL",IL,USA,http://patft.uspto.gov/netacgi/nph-Parser?Sect2=PTO1&Sect2=HITOFF&p=1&u=/netahtml/PTO/search-bool.html&r=1&f=G&l=50&d=PALL&RefSrch=yes&Query=PN/8068352
8076903,Solar Inverter,"Lisle, IL",IL,USA,http://patft.uspto.gov/netacgi/nph-Parser?Sect1=PTO1&Sect2=HITOFF&d=PALL&p=1&u=%2Fnetahtml%2FPTO%2Fsrchnum.htm&r=1&f=G&l=50&s1=8076903.PN.&OS=PN/8076903&RS=PN/8076903
8080899,Solar Inverter,North Andover MA,MA,USA,http://www.google.com/patents?id=2IH_AQAAEBAJ&zoom=4&dq=%22solar%20inverter%22&pg=PA1#v=onepage&q=%22solar%20inverter%22&f=false
8083540,Solar Mounting/Rack; Solar Monitoring,"Berwyn, PA",PA,USA,http://patft.uspto.gov/netacgi/nph-Parser?Sect1=PTO2&Sect2=HITOFF&p=1&u=%2Fnetahtml%2FPTO%2Fsearch-bool.html&r=31&f=G&l=50&co1=AND&d=PTXT&s1=%28mounting.CLTX.+or+mounting.DCTX.%29&s2=%28photovoltaic.CLTX.+or+photovoltaic.DCTX.%29&OS=ACLM/mounting+AND+ACLM
8085564,Solar Inverter,"Schenectady, NY",NY,USA,http://www.google.com/patents?id=wi4AAgAAEBAJ&zoom=4&dq=solar%20inverter&pg=PA1#v=onepage&q=solar%20inverter&f=false
8093756,Solar Inverter ,"Fort Collins, CO",CO,USA,http://patft.uspto.gov/netacgi/nph-Parser?Sect1=PTO1&Sect2=HITOFF&d=PALL&p=1&u=%2Fnetahtml%2FPTO%2Fsrchnum.htm&r=1&f=G&l=50&s1=8093756.PN.&OS=PN/8093756&RS=PN/8093756
8093757,Solar Inverter; ,"Los Gatos, CA",CA,USA,http://www.google.com/patents?id=zOwAAgAAEBAJ&zoom=4&dq=solar%20inverter&pg=PA1#v=onepage&q&f=false
8094475,Solar Inverter,Niestetal,,Germany,http://patft.uspto.gov/netacgi/nph-Parser?Sect1=PTO1&Sect2=HITOFF&d=PALL&p=1&u=%2Fnetahtml%2FPTO%2Fsrchnum.htm&r=1&f=G&l=50&s1=8094475.PN.&OS=PN/8094475&RS=PN/8094475
8097818,Solar Mounting/Rack ,Schalksmuhle,,Germany,http://patft.uspto.gov/netacgi/nph-Parser?Sect1=PTO2&Sect2=HITOFF&p=1&u=%2Fnetahtml%2FPTO%2Fsearch-bool.html&r=30&f=G&l=50&co1=AND&d=PTXT&s1=%28mounting.CLTX.+or+mounting.DCTX.%29&s2=%28photovoltaic.CLTX.+or+photovoltaic.DCTX.%29&OS=ACLM/mounting+AND+ACLM
8099922,Solar Mounting/Rack  ,"Mascoutah, IL",IL,USA,http://patft.uspto.gov/netacgi/nph-Parser?Sect2=PTO1&Sect2=HITOFF&p=1&u=/netahtml/PTO/search-bool.html&r=1&f=G&l=50&d=PALL&RefSrch=yes&Query=PN/8099922
8102074,Solar Inverter; Solar Monitoring,"Los Gatos, CA",CA,USA,http://www.google.com/patents?id=CE8CAgAAEBAJ&zoom=4&dq=solar%20inverter&pg=PA1#v=onepage&q=solar%20inverter&f=false
8103465,Solar Monitoring,"Branchburg, NJ",NJ,USA,http://patft.uspto.gov/netacgi/nph-Parser?Sect1=PTO2&Sect2=HITOFF&u=%2Fnetahtml%2FPTO%2Fsearch-adv.htm&r=87&f=G&l=50&d=PTXT&s1=(((solar.CLTX.+or+solar.DCTX.)+AND+((monitor.CLTX.+or+monitor.DCTX.)+OR+(monitoring.CLTX.+or+monitoring.DCTX.)))+OR+((photovoltaic.CLTX.+or+photovoltaic.DCTX.)+AND+((monitor.CLTX.+or+monitor.DCTX.)+OR+(monitoring.CLTX.+or+monitoring.DCTX.))))&p=2&OS=+(ACLM/solar+AND+(ACLM/monitor+OR+ACLM/monitoring))+OR+(ACLM/photovoltaic+AND+(ACLM/monitor+OR+ACLM/monitoring))&RS=((ACLM/solar+AND+(ACLM/monitor+OR+ACLM/monitoring))+OR+(ACLM/photovoltaic+AND+(ACLM/monitor+OR+ACLM/monitoring)))
8106537,Solar Inverter,"Boston, MA",MA,USA,http://patft.uspto.gov/netacgi/nph-Parser?Sect1=PTO2&Sect2=HITOFF&p=1&u=%2Fnetahtml%2FPTO%2Fsearch-bool.html&r=31&f=G&l=50&co1=AND&d=PTXT&s1=%28inverter.CLTX.+or+inverter.DCTX.%29&s2=%28photovoltaic.CLTX.+or+photovoltaic.DCTX.%29&OS=ACLM/inverter+AND+ACLM
8106543,Solar Inverter,"Taipei, Taiwan",,Taiwan,http://patft.uspto.gov/netacgi/nph-Parser?Sect2=PTO1&Sect2=HITOFF&p=1&u=/netahtml/PTO/search-bool.html&r=1&f=G&l=50&d=PALL&RefSrch=yes&Query=PN/8106543
8106765,Solar Monitoring,"Ben Lomond, CA",CA,USA,http://patft.uspto.gov/netacgi/nph-Parser?Sect2=PTO1&Sect2=HITOFF&p=1&u=/netahtml/PTO/search-bool.html&r=1&f=G&l=50&d=PALL&RefSrch=yes&Query=PN/8106765
8109048,Solar Mounting/Rack,"San Rafael, CA",CA,USA,http://www.google.com/patents?id=uR8DAgAAEBAJ&zoom=4&dq=Solar%20Racking&pg=PA1#v=onepage&q=Solar%20Racking&f=false
8113853,Solar Mounting/Rack,"Toms River, NJ",NJ,USA,http://patft.uspto.gov/netacgi/nph-Parser?Sect1=PTO1&Sect2=HITOFF&d=PALL&p=1&u=%2Fnetahtml%2FPTO%2Fsrchnum.htm&r=1&f=G&l=50&s1=8113853.PN.&OS=PN/8113853&RS=PN/8113853
8115340,Solar Monitoring,"Hayward, CA",CA,USA,http://patft.uspto.gov/netacgi/nph-Parser?Sect1=PTO2&Sect2=HITOFF&u=%2Fnetahtml%2FPTO%2Fsearch-adv.htm&r=78&f=G&l=50&d=PTXT&s1=(((solar.CLTX.+or+solar.DCTX.)+AND+((monitor.CLTX.+or+monitor.DCTX.)+OR+(monitoring.CLTX.+or+monitoring.DCTX.)))+OR+((photovoltaic.CLTX.+or+photovoltaic.DCTX.)+AND+((monitor.CLTX.+or+monitor.DCTX.)+OR+(monitoring.CLTX.+or+monitoring.DCTX.))))&p=2&OS=+(ACLM/solar+AND+(ACLM/monitor+OR+ACLM/monitoring))+OR+(ACLM/photovoltaic+AND+(ACLM/monitor+OR+ACLM/monitoring))&RS=((ACLM/solar+AND+(ACLM/monitor+OR+ACLM/monitoring))+OR+(ACLM/photovoltaic+AND+(ACLM/monitor+OR+ACLM/monitoring)))
8119963,Solar Mounting/Rack  ,"Flaggstaff, AZ",AZ,USA,http://patft.uspto.gov/netacgi/nph-Parser?Sect1=PTO2&Sect2=HITOFF&p=1&u=%2Fnetahtml%2FPTO%2Fsearch-bool.html&r=24&f=G&l=50&co1=AND&d=PTXT&s1=%28mounting.CLTX.+or+mounting.DCTX.%29&s2=%28photovoltaic.CLTX.+or+photovoltaic.DCTX.%29&OS=ACLM/mounting+AND+ACLM
8128044,Solar Mounting/Rack  ,"Albuquerque, NM",NM,USA,http://patft.uspto.gov/netacgi/nph-Parser?Sect1=PTO2&Sect2=HITOFF&p=1&u=%2Fnetahtml%2FPTO%2Fsearch-bool.html&r=23&f=G&l=50&co1=AND&d=PTXT&s1=%28mounting.CLTX.+or+mounting.DCTX.%29&s2=%28photovoltaic.CLTX.+or+photovoltaic.DCTX.%29&OS=ACLM/mounting+AND+ACLM
8130518,Solar Inverter;  ,"Rancocas, NJ",NJ,USA,http://patft.uspto.gov/netacgi/nph-Parser?Sect1=PTO1&Sect2=HITOFF&d=PALL&p=1&u=%2Fnetahtml%2FPTO%2Fsrchnum.htm&r=1&f=G&l=50&s1=8130518.PN.&OS=PN/8130518&RS=PN/8130518
8134812,Solar Inverter,"Fort Collins, CO",CO,USA,http://patft.uspto.gov/netacgi/nph-Parser?Sect2=PTO1&Sect2=HITOFF&p=1&u=/netahtml/PTO/search-bool.html&r=1&f=G&l=50&d=PALL&RefSrch=yes&Query=PN/8134812
8136310,Solar Mounting/Rack  ,"(Santa Rosa, CA)",CA,USA,http://patft.uspto.gov/netacgi/nph-Parser?Sect1=PTO2&Sect2=HITOFF&p=1&u=%2Fnetahtml%2FPTO%2Fsearch-bool.html&r=22&f=G&l=50&co1=AND&d=PTXT&s1=%28mounting.CLTX.+or+mounting.DCTX.%29&s2=%28photovoltaic.CLTX.+or+photovoltaic.DCTX.%29&OS=ACLM/mounting+AND+ACLM
8136311,Solar Mounting/Rack  ,"(Camas, WA)",WA,USA,http://patft.uspto.gov/netacgi/nph-Parser?Sect1=PTO2&Sect2=HITOFF&p=1&u=%2Fnetahtml%2FPTO%2Fsearch-bool.html&r=21&f=G&l=50&co1=AND&d=PTXT&s1=%28mounting.CLTX.+or+mounting.DCTX.%29&s2=%28photovoltaic.CLTX.+or+photovoltaic.DCTX.%29&OS=ACLM/mounting+AND+ACLM
8136783,Solar Mounting/Rack  ,Mainz,,Germany,http://patft.uspto.gov/netacgi/nph-Parser?Sect1=PTO1&Sect2=HITOFF&d=PALL&p=1&u=%2Fnetahtml%2FPTO%2Fsrchnum.htm&r=1&f=G&l=50&s1=8136783.PN.&OS=PN/8136783&RS=PN/8136783
8138411,Solar Inverter,Dresden,,Germany,http://patft.uspto.gov/netacgi/nph-Parser?Sect1=PTO1&Sect2=HITOFF&d=PALL&p=1&u=%2Fnetahtml%2FPTO%2Fsrchnum.htm&r=1&f=G&l=50&s1=8138411.PN.&OS=PN/8138411&RS=PN/8138411
8138630,Solar Monitoring; Solar Inverter,"Albuquerque, NM",NM,USA,http://appft1.uspto.gov/netacgi/nph-Parser?Sect1=PTO2&Sect2=HITOFF&u=%2Fnetahtml%2FPTO%2Fsearch-adv.html&r=503&p=11&f=G&l=50&d=PG01&S1=%28%28solar.CLM.+AND+%28monitor.CLM.+OR+monitoring.CLM.%29%29+OR+%28photovoltaic.CLM.+AND+%28monitor.CLM.+OR+monitoring.CLM.%29%29%29&OS=+%28aclm/solar+and+%28aclm/monitor+or+aclm/monitoring%29%29+or+%28aclm/photovoltaic+and+%28aclm/monitor+or+aclm/monitoring%29%29&RS=%28%28ACLM/solar+AND+%28ACLM/monitor+OR+ACLM/monitoring%29%29+OR+%28ACLM/photovoltaic+AND+%28ACLM/monitor+OR+ACLM/monitoring%29%29%29
8138638,Solar Inverter,Niestetal,,Germany,http://patft.uspto.gov/netacgi/nph-Parser?Sect1=PTO1&Sect2=HITOFF&d=PALL&p=1&u=%2Fnetahtml%2FPTO%2Fsrchnum.htm&r=1&f=G&l=50&s1=8138638.PN.&OS=PN/8138638&RS=PN/8138638
8145327,Solar Mounting/Rack; Solar Monitoring,"(Durham, NC)",NC,USA,http://patft.uspto.gov/netacgi/nph-Parser?Sect1=PTO1&Sect2=HITOFF&d=PALL&p=1&u=%2Fnetahtml%2FPTO%2Fsrchnum.htm&r=1&f=G&l=50&s1=8145327.PN.&OS=PN/8145327&RS=PN/8145327
8145578,Site Assessment,"Redmond, WA",WA,USA,http://patft.uspto.gov/netacgi/nph-Parser?Sect2=PTO1&Sect2=HITOFF&p=1&u=/netahtml/PTO/search-bool.html&r=1&f=G&l=50&d=PALL&RefSrch=yes&Query=PN/8145578
8148832,Solar Monitoring,"Waterford, MI",MI,USA,http://patft.uspto.gov/netacgi/nph-Parser?Sect1=PTO1&Sect2=HITOFF&d=PALL&p=1&u=%2Fnetahtml%2FPTO%2Fsrchnum.htm&r=1&f=G&l=50&s1=8148832.PN.&OS=PN/8148832&RS=PN/8148832
8148849,Solar Monitoring; Solar Inverter,Campodarsego,,Italy,http://patft.uspto.gov/netacgi/nph-Parser?Sect1=PTO1&Sect2=HITOFF&d=PALL&p=1&u=%2Fnetahtml%2FPTO%2Fsrchnum.htm&r=1&f=G&l=50&s1=8148849.PN.&OS=PN/8148849&RS=PN/8148849
8151789,Solar Mounting/Rack,"New York, NY",NY,USA,http://patft.uspto.gov/netacgi/nph-Parser?Sect1=PTO2&Sect2=HITOFF&u=%2Fnetahtml%2FPTO%2Fsearch-adv.htm&r=18&f=G&l=50&d=PTXT&s1=%28mounting.CLTX.+or+mounting.DCTX.%29&s2=%28photovoltaic.CLTX.+or+photovoltaic.DCTX.%29&co1=AND&p=1&OS=ACLM/mounting+AND+ACLM/p
8156697,Solar Mounting/Rack,"San Rafeal, CA",CA,USA,http://patft.uspto.gov/netacgi/nph-Parser?Sect1=PTO2&Sect2=HITOFF&u=%2Fnetahtml%2FPTO%2Fsearch-adv.htm&r=17&f=G&l=50&d=PTXT&s1=%28mounting.CLTX.+or+mounting.DCTX.%29&s2=%28photovoltaic.CLTX.+or+photovoltaic.DCTX.%29&co1=AND&p=1&OS=ACLM/mounting+AND+ACLM/p
8159178,Solar Inverter; Solar Monitoring,"Palatine, IL",IL,USA,http://appft1.uspto.gov/netacgi/nph-Parser?Sect1=PTO2&Sect2=HITOFF&u=%2Fnetahtml%2FPTO%2Fsearch-adv.html&r=528&p=11&f=G&l=50&d=PG01&S1=%28%28solar.CLM.+AND+%28monitor.CLM.+OR+monitoring.CLM.%29%29+OR+%28photovoltaic.CLM.+AND+%28monitor.CLM.+OR+monitoring.CLM.%29%29%29&OS=+%28aclm/solar+and+%28aclm/monitor+or+aclm/monitoring%29%29+or+%28aclm/photovoltaic+and+%28aclm/monitor+or+aclm/monitoring%29%29&RS=%28%28ACLM/solar+AND+%28ACLM/monitor+OR+ACLM/monitoring%29%29+OR+%28ACLM/photovoltaic+AND+%28ACLM/monitor+OR+ACLM/monitoring%29%29%29
8165811,Site Assessment,"Napa, CA",CA,USA,http://patft.uspto.gov/netacgi/nph-Parser?Sect2=PTO1&Sect2=HITOFF&p=1&u=/netahtml/PTO/search-bool.html&r=1&f=G&l=50&d=PALL&RefSrch=yes&Query=PN/8165811
8165813,Site Assessment,"Napa, CA",CA,USA,http://patft.uspto.gov/netacgi/nph-Parser?Sect2=PTO1&Sect2=HITOFF&p=1&u=/netahtml/PTO/search-bool.html&r=1&f=G&l=50&d=PALL&RefSrch=yes&Query=PN/8165813
8169226,Solar Inverter ,Niestetal,,Germany,http://patft.uspto.gov/netacgi/nph-Parser?Sect1=PTO2&Sect2=HITOFF&p=1&u=%2Fnetahtml%2FPTO%2Fsearch-bool.html&r=21&f=G&l=50&co1=AND&d=PTXT&s1=%28inverter.CLTX.+or+inverter.DCTX.%29&s2=%28photovoltaic.CLTX.+or+photovoltaic.DCTX.%29&OS=ACLM/inverter+AND+ACLM
8169805,Solar Inverter; Solar Monitoring,Wagen,,Germany,http://patft.uspto.gov/netacgi/nph-Parser?Sect2=PTO1&Sect2=HITOFF&p=1&u=/netahtml/PTO/search-bool.html&r=1&f=G&l=50&d=PALL&RefSrch=yes&Query=PN/8169805
8171679,Solar Mounting/Rack  ,"Alameda, CA",CA,USA,http://patft.uspto.gov/netacgi/nph-Parser?Sect2=PTO1&Sect2=HITOFF&p=1&u=/netahtml/PTO/search-bool.html&r=1&f=G&l=50&d=PALL&RefSrch=yes&Query=PN/8171679
8174856,Solar Monitoring; Solar Inverter,"Austin, TX",TX,USA,http://www.google.com/patents?id=yOIOAgAAEBAJ&lpg=PA12&zoom=4&ots=EmSYcZBJu3&dq=8174856&pg=PA12#v=onepage&q=8174856&f=false
8175755,Solar Monitoring,"Schenectady, NY",NY,USA,http://appft1.uspto.gov/netacgi/nph-Parser?Sect1=PTO1&Sect2=HITOFF&d=PG01&p=1&u=%2Fnetahtml%2FPTO%2Fsrchnum.html&r=1&f=G&l=50&s1=%2220110118883%22.PGNR.&OS=DN/20110118883&RS=DN/20110118883
8176693,Solar Mounting/Rack,"Marango, OH",OH,USA,http://patft.uspto.gov/netacgi/nph-Parser?Sect1=PTO1&Sect2=HITOFF&d=PALL&p=1&u=%2Fnetahtml%2FPTO%2Fsrchnum.htm&r=1&f=G&l=50&s1=8176693.PN.&OS=PN/8176693&RS=PN/8176693
8177566,Solar Mounting/Rack,Detmold,,Germany,http://patft.uspto.gov/netacgi/nph-Parser?Sect1=PTO2&Sect2=HITOFF&u=%2Fnetahtml%2FPTO%2Fsearch-adv.htm&r=15&f=G&l=50&d=PTXT&s1=%28mounting.CLTX.+or+mounting.DCTX.%29&s2=%28photovoltaic.CLTX.+or+photovoltaic.DCTX.%29&co1=AND&p=1&OS=ACLM/mounting+AND+ACLM/p
8180225,Solar Monitoring,"(Cresskill, NJ)",NJ,USA,http://patft.uspto.gov/netacgi/nph-Parser?Sect1=PTO2&Sect2=HITOFF&u=%2Fnetahtml%2FPTO%2Fsearch-adv.htm&r=49&p=1&f=G&l=50&d=PTXT&S1=(((solar.CLTX.+or+solar.DCTX.)+AND+((monitor.CLTX.+or+monitor.DCTX.)+OR+(monitoring.CLTX.+or+monitoring.DCTX.)))+OR+((photovoltaic.CLTX.+or+photovoltaic.DCTX.)+AND+((monitor.CLTX.+or+monitor.DCTX.)+OR+(monitoring.CLTX.+or+monitoring.DCTX.))))&OS=+(ACLM/solar+AND+(ACLM/monitor+OR+ACLM/monitoring))+OR+(ACLM/photovoltaic+AND+(ACLM/monitor+OR+ACLM/monitoring))&RS=((ACLM/solar+AND+(ACLM/monitor+OR+ACLM/monitoring))+OR+(ACLM/photovoltaic+AND+(ACLM/monitor+OR+ACLM/monitoring)))
8183457,Solar Mounting/Rack,"(San Diego, CA)",CA,USA,http://patft.uspto.gov/netacgi/nph-Parser?Sect1=PTO2&Sect2=HITOFF&u=%2Fnetahtml%2FPTO%2Fsearch-adv.htm&r=14&f=G&l=50&d=PTXT&s1=%28mounting.CLTX.+or+mounting.DCTX.%29&s2=%28photovoltaic.CLTX.+or+photovoltaic.DCTX.%29&co1=AND&p=1&OS=ACLM/mounting+AND+ACLM/p
8184460,Solar Inverter,"Niskayuna, NY",NY,USA,http://www.google.com/patents?id=KcYQAgAAEBAJ&zoom=4&dq=%22Solar%20inverter!%22&pg=PA1#v=onepage&q=%22Solar%20inverter!%22&f=false
8188414,Solar Mounting/Rack,"Shelton, CT",CT,USA,http://patft.uspto.gov/netacgi/nph-Parser?Sect1=PTO2&Sect2=HITOFF&u=%2Fnetahtml%2FPTO%2Fsearch-adv.htm&r=13&f=G&l=50&d=PTXT&s1=%28mounting.CLTX.+or+mounting.DCTX.%29&s2=%28photovoltaic.CLTX.+or+photovoltaic.DCTX.%29&co1=AND&p=1&OS=ACLM/mounting+AND+ACLM/p
8189352,Solar Inverter,Fisciano,,Italy,http://patft.uspto.gov/netacgi/nph-Parser?Sect1=PTO2&Sect2=HITOFF&p=1&u=%2Fnetahtml%2FPTO%2Fsearch-bool.html&r=15&f=G&l=50&co1=AND&d=PTXT&s1=%28inverter.CLTX.+or+inverter.DCTX.%29&s2=%28photovoltaic.CLTX.+or+photovoltaic.DCTX.%29&OS=ACLM/inverter+AND+ACLM
8191320,Solar Mounting/Rack,"San Rafeal, CA",CA,USA,http://patft.uspto.gov/netacgi/nph-Parser?Sect1=PTO2&Sect2=HITOFF&u=%2Fnetahtml%2FPTO%2Fsearch-adv.htm&r=12&f=G&l=50&d=PTXT&s1=%28mounting.CLTX.+or+mounting.DCTX.%29&s2=%28photovoltaic.CLTX.+or+photovoltaic.DCTX.%29&co1=AND&p=1&OS=ACLM/mounting+AND+ACLM/p
8192233,Solar Mounting/Rack ,"Berwyn, PA",PA,USA,http://patft.uspto.gov/netacgi/nph-Parser?Sect1=PTO2&Sect2=HITOFF&u=%2Fnetahtml%2FPTO%2Fsearch-adv.htm&r=11&f=G&l=50&d=PTXT&s1=%28mounting.CLTX.+or+mounting.DCTX.%29&s2=%28photovoltaic.CLTX.+or+photovoltaic.DCTX.%29&co1=AND&p=1&OS=ACLM/mounting+AND+ACLM/p
8193788,Solar Monitoring;  Solar Inverter,"Austin, TX",TX,USA,"http://www.google.com/patents?id=fIEdAgAAEBAJ&zoom=4&dq=%22Solar%20inverter%22%2C%20solar%20inverter%2C%20micro%20inverter%2C%20micro-inverter&pg=PA1#v=onepage&q=%22Solar%20inverter%22,%20solar%20inverter,%20micro%20inverter,%20micro-inverter&f=false"
8194375,Solar Inverter; Solar Monitoring,"Niskayuna, NY",NY,USA,http://patft.uspto.gov/netacgi/nph-Parser?Sect1=PTO2&Sect2=HITOFF&p=1&u=%2Fnetahtml%2FPTO%2Fsearch-bool.html&r=12&f=G&l=50&co1=AND&d=PTXT&s1=%28inverter.CLTX.+or+inverter.DCTX.%29&s2=%28photovoltaic.CLTX.+or+photovoltaic.DCTX.%29&OS=ACLM/inverter+AND+ACLM
8194429,Solar Inverter,Niestetal,,Germany,http://patft.uspto.gov/netacgi/nph-Parser?Sect1=PTO2&Sect2=HITOFF&p=1&u=%2Fnetahtml%2FPTO%2Fsearch-bool.html&r=11&f=G&l=50&co1=AND&d=PTXT&s1=%28inverter.CLTX.+or+inverter.DCTX.%29&s2=%28photovoltaic.CLTX.+or+photovoltaic.DCTX.%29&OS=ACLM/inverter+AND+ACLM
8196360,Solar Mounting/Rack,British Columbia,,Canada,http://patft.uspto.gov/netacgi/nph-Parser?Sect1=PTO2&Sect2=HITOFF&u=%2Fnetahtml%2FPTO%2Fsearch-adv.htm&r=9&f=G&l=50&d=PTXT&s1=%28mounting.CLTX.+or+mounting.DCTX.%29&s2=%28photovoltaic.CLTX.+or+photovoltaic.DCTX.%29&co1=AND&p=1&OS=ACLM/mounting+AND+ACLM/ph
8196369,Solar Mounting/Rack,"(Boston, MA)",MA,USA,http://www.google.com/patents?id=q44dAgAAEBAJ&zoom=4&dq=12%2F976326&pg=PA1#v=onepage&q=12/976326&f=false
8200373,Solar Monitoring,"Moorpark, CA",CA,USA,http://appft1.uspto.gov/netacgi/nph-Parser?Sect1=PTO2&Sect2=HITOFF&u=%2Fnetahtml%2FPTO%2Fsearch-adv.html&r=600&p=12&f=G&l=50&d=PG01&S1=%28%28solar.CLM.+AND+%28monitor.CLM.+OR+monitoring.CLM.%29%29+OR+%28photovoltaic.CLM.+AND+%28monitor.CLM.+OR+monitoring.CLM.%29%29%29&OS=+%28aclm/solar+and+%28aclm/monitor+or+aclm/monitoring%29%29+or+%28aclm/photovoltaic+and+%28aclm/monitor+or+aclm/monitoring%29%29&RS=%28%28ACLM/solar+AND+%28ACLM/monitor+OR+ACLM/monitoring%29%29+OR+%28ACLM/photovoltaic+AND+%28ACLM/monitor+OR+ACLM/monitoring%29%29%29
8201382,Solar Mounting/Rack,"(Boston, MA)",MA,USA,http://patft.uspto.gov/netacgi/nph-Parser?Sect1=PTO2&Sect2=HITOFF&p=1&u=%2Fnetahtml%2FPTO%2Fsearch-bool.html&r=9&f=G&l=50&co1=AND&d=PTXT&s1=%28inverter.CLTX.+or+inverter.DCTX.%29&s2=%28photovoltaic.CLTX.+or+photovoltaic.DCTX.%29&OS=ACLM/inverter+AND+ACLM/
8203069,Solar Inverter,"Fort Collins, CO",CO,USA,http://patft.uspto.gov/netacgi/nph-Parser?Sect1=PTO1&Sect2=HITOFF&d=PALL&p=1&u=%2Fnetahtml%2FPTO%2Fsrchnum.htm&r=1&f=G&l=50&s1=8203069.PN.&OS=PN/8203069&RS=PN/8203069
8204709,Solar Monitoring,"Pittsford, NY",NY,USA,http://appft1.uspto.gov/netacgi/nph-Parser?Sect1=PTO2&Sect2=HITOFF&u=%2Fnetahtml%2FPTO%2Fsearch-adv.html&r=1254&p=26&f=G&l=50&d=PG01&S1=%28%28solar.CLM.+AND+%28monitor.CLM.+OR+monitoring.CLM.%29%29+OR+%28photovoltaic.CLM.+AND+%28monitor.CLM.+OR+monitoring.CLM.%29%29%29&OS=+%28ACLM/solar+AND+%28ACLM/monitor+OR+ACLM/monitoring%29%29+OR+%28ACLM/photovoltaic+AND+%28ACLM/monitor+OR+ACLM/monitoring%29%29&RS=%28%28ACLM/solar+AND+%28ACLM/monitor+OR+ACLM/monitoring%29%29+OR+%28ACLM/photovoltaic+AND+%28ACLM/monitor+OR+ACLM/monitoring%29%29%29
8205400,Solar Mounting/Rack,"Rochester Hills, MI",MI,USA,http://patft.uspto.gov/netacgi/nph-Parser?Sect1=PTO1&Sect2=HITOFF&d=PALL&p=1&u=%2Fnetahtml%2FPTO%2Fsrchnum.htm&r=1&f=G&l=50&s1=8205400.PN.&OS=PN/8205400&RS=PN/8205400
8207630,Solar Inverter,North Andover MA,MA,USA,http://patft.uspto.gov/netacgi/nph-Parser?Sect1=PTO1&Sect2=HITOFF&d=PALL&p=1&u=%2Fnetahtml%2FPTO%2Fsrchnum.htm&r=1&f=G&l=50&s1=8207630.PN.&OS=PN/8207630&RS=PN/8207630
8207637,Solar Inverter; Solar Mounting/Rack,"Austin, TX",TX,USA,http://patft.uspto.gov/netacgi/nph-Parser?Sect1=PTO1&Sect2=HITOFF&d=PALL&p=1&u=%2Fnetahtml%2FPTO%2Fsrchnum.htm&r=1&f=G&l=50&s1=8207637.PN.&OS=PN/8207637&RS=PN/8207637
8209919,Solar Mounting/Rack,Kolitzheim,,Germany,http://patft.uspto.gov/netacgi/nph-Parser?Sect2=PTO1&Sect2=HITOFF&p=1&u=/netahtml/PTO/search-bool.html&r=1&f=G&l=50&d=PALL&RefSrch=yes&Query=PN/8209919
8212408,Solar Inverter,"Plymouth Meeting, PA",PA,USA,http://patft.uspto.gov/netacgi/nph-Parser?Sect2=PTO1&Sect2=HITOFF&p=1&u=/netahtml/PTO/search-bool.html&r=1&f=G&l=50&d=PALL&RefSrch=yes&Query=PN/8212408
8212409,Solar Inverter,Niestetal,,Germany,http://patft.uspto.gov/netacgi/nph-Parser?Sect1=PTO1&Sect2=HITOFF&d=PALL&p=1&u=%2Fnetahtml%2FPTO%2Fsrchnum.htm&r=1&f=G&l=50&s1=8212409.PN.&OS=PN/8212409&RS=PN/8212409
8213133,Solar Inverter ,Niestetal,,Germany,http://patft.uspto.gov/netacgi/nph-Parser?Sect1=PTO1&Sect2=HITOFF&d=PALL&p=1&u=%2Fnetahtml%2FPTO%2Fsrchnum.htm&r=1&f=G&l=50&s1=8213133.PN.&OS=PN/8213133&RS=PN/8213133
8213199,Solar Inverter ,"Plymouth Meeting, PA",PA,USA,http://patft.uspto.gov/netacgi/nph-Parser?Sect1=PTO1&Sect2=HITOFF&d=PALL&p=1&u=%2Fnetahtml%2FPTO%2Fsrchnum.htm&r=1&f=G&l=50&s1=8213199.PN.&OS=PN/8213199&RS=PN/8213199
8218344,Solar Inverter ,Niestetal,,Germany,http://patft.uspto.gov/netacgi/nph-Parser?Sect1=PTO1&Sect2=HITOFF&d=PALL&p=1&u=%2Fnetahtml%2FPTO%2Fsrchnum.htm&r=1&f=G&l=50&s1=8218344.PN.&OS=PN/8218344&RS=PN/8218344
8219259, Solar Monitoring,"Armonk, NY",NY,USA,http://patft.uspto.gov/netacgi/nph-Parser?Sect1=PTO2&Sect2=HITOFF&u=%2Fnetahtml%2FPTO%2Fsearch-adv.htm&r=37&p=1&f=G&l=50&d=PTXT&S1=(((solar.CLTX.+or+solar.DCTX.)+AND+((monitor.CLTX.+or+monitor.DCTX.)+OR+(monitoring.CLTX.+or+monitoring.DCTX.)))+OR+((photovoltaic.CLTX.+or+photovoltaic.DCTX.)+AND+((monitor.CLTX.+or+monitor.DCTX.)+OR+(monitoring.CLTX.+or+monitoring.DCTX.))))&OS=+(ACLM/solar+AND+(ACLM/monitor+OR+ACLM/monitoring))+OR+(ACLM/photovoltaic+AND+(ACLM/monitor+OR+ACLM/monitoring))&RS=((ACLM/solar+AND+(ACLM/monitor+OR+ACLM/monitoring))+OR+(ACLM/photovoltaic+AND+(ACLM/monitor+OR+ACLM/monitoring)))
8220210,Solar Mounting/Rack,"San Jose, CA",CA,USA,http://patft.uspto.gov/netacgi/nph-Parser?Sect1=PTO2&Sect2=HITOFF&u=%2Fnetahtml%2FPTO%2Fsearch-adv.htm&r=5&f=G&l=50&d=PTXT&s1=%28mounting.CLTX.+or+mounting.DCTX.%29&s2=%28photovoltaic.CLTX.+or+photovoltaic.DCTX.%29&co1=AND&p=1&OS=ACLM/mounting+AND+ACLM/ph
8222767,Solar Inverter,"Petaluma, CA",CA,USA,http://patft.uspto.gov/netacgi/nph-Parser?Sect2=PTO1&Sect2=HITOFF&p=1&u=/netahtml/PTO/search-bool.html&r=1&f=G&l=50&d=PALL&RefSrch=yes&Query=PN/8222767
8226061,Solar Mounting/Rack  ,"Wayne, MI",MI,USA,http://patft.uspto.gov/netacgi/nph-Parser?Sect1=PTO2&Sect2=HITOFF&u=%2Fnetahtml%2FPTO%2Fsearch-adv.htm&r=2&f=G&l=50&d=PTXT&s1=mounting.TI.&s2=solar.TI.&co1=AND&p=1&OS=TTL/mounting+AND+TTL/solar&RS=TTL/mounting+AND+TTL/solar
8227937,Solar Inverter; Solar Monitoring,"Blaine, WA",WA,USA,http://patft.uspto.gov/netacgi/nph-Parser?Sect1=PTO2&Sect2=HITOFF&p=1&u=%2Fnetahtml%2FPTO%2Fsearch-bool.html&r=2&f=G&l=50&co1=AND&d=PTXT&s1=%28inverter.CLTX.+or+inverter.DCTX.%29&s2=%28photovoltaic.CLTX.+or+photovoltaic.DCTX.%29&OS=ACLM/inverter+AND+ACLM/
8227942,Solar Inverter; Solar Mounting/Rack,"Austin, TX",TX,USA,http://patft.uspto.gov/netacgi/nph-Parser?Sect1=PTO1&Sect2=HITOFF&d=PALL&p=1&u=%2Fnetahtml%2FPTO%2Fsrchnum.htm&r=1&f=G&l=50&s1=8227942.PN.&OS=PN/8227942&RS=PN/8227942
8228022,Solar Monitoring,"Tu-Cheng, New Taipei, TW",,TW,http://patft.uspto.gov/netacgi/nph-Parser?Sect1=PTO2&Sect2=HITOFF&u=%2Fnetahtml%2FPTO%2Fsearch-adv.htm&r=30&p=1&f=G&l=50&d=PTXT&S1=(((solar.CLTX.+or+solar.DCTX.)+AND+((monitor.CLTX.+or+monitor.DCTX.)+OR+(monitoring.CLTX.+or+monitoring.DCTX.)))+OR+((photovoltaic.CLTX.+or+photovoltaic.DCTX.)+AND+((monitor.CLTX.+or+monitor.DCTX.)+OR+(monitoring.CLTX.+or+monitoring.DCTX.))))&OS=+(ACLM/solar+AND+(ACLM/monitor+OR+ACLM/monitoring))+OR+(ACLM/photovoltaic+AND+(ACLM/monitor+OR+ACLM/monitoring))&RS=((ACLM/solar+AND+(ACLM/monitor+OR+ACLM/monitoring))+OR+(ACLM/photovoltaic+AND+(ACLM/monitor+OR+ACLM/monitoring)))
8228697,Solar Inverter,"Schenectady, NY",NY,USA,http://patft.uspto.gov/netacgi/nph-Parser?Sect1=PTO1&Sect2=HITOFF&d=PALL&p=1&u=%2Fnetahtml%2FPTO%2Fsrchnum.htm&r=1&f=G&l=50&s1=8228697.PN.&OS=PN/8228697&RS=PN/8228697
8232681,Solar Inverter,"Schenectady, NY",NY,USA,http://patft.uspto.gov/netacgi/nph-Parser?Sect1=PTO2&Sect2=HITOFF&u=%2Fnetahtml%2FPTO%2Fsearch-adv.htm&r=1&f=G&l=50&d=PTXT&s1=%28inverter.CLTX.+or+inverter.DCTX.%29&s2=%28photovoltaic.CLTX.+or+photovoltaic.DCTX.%29&co1=AND&p=1&OS=ACLM/inverter+AND+ACLM/ph
8234824,Solar Mounting/Rack,"San Jose, CA",CA,USA,http://patft.uspto.gov/netacgi/nph-Parser?Sect1=PTO2&Sect2=HITOFF&u=%2Fnetahtml%2FPTO%2Fsearch-adv.htm&r=4&f=G&l=50&d=PTXT&s1=%28mounting.CLTX.+or+mounting.DCTX.%29&s2=%28photovoltaic.CLTX.+or+photovoltaic.DCTX.%29&co1=AND&p=1&OS=ACLM/mounting+AND+ACLM/ph
8234825,Solar Mounting/Rack,Berlin,,Germany,"http://patft.uspto.gov/netacgi/nph-Parser?Sect1=PTO1&Sect2=HITOFF&d=PALL&p=1&u=%2Fnetahtml%2FPTO%2Fsrchnum.htm&r=1&f=G&l=50&s1=8,234,825.PN.&OS=PN/8,234,825&RS=PN/8,234,825"
8242634,Solar Inverter,"Fort Collins, CO",CO,USA,http://patft.uspto.gov/netacgi/nph-Parser?Sect2=PTO1&Sect2=HITOFF&p=1&u=/netahtml/PTO/search-bool.html&r=1&f=G&l=50&d=PALL&RefSrch=yes&Query=PN/8242634
8242932,Solar Monitoring,"Holtsville, NY",NY,USA,http://appft1.uspto.gov/netacgi/nph-Parser?Sect1=PTO1&Sect2=HITOFF&d=PG01&p=1&u=%2Fnetahtml%2FPTO%2Fsrchnum.html&r=1&f=G&l=50&s1=%2220110121989%22.PGNR.&OS=DN/20110121989&RS=DN/20110121989
8243446,Solar Inverter,"Perrysburg, OH",OH,USA,http://patft.uspto.gov/netacgi/nph-Parser?Sect1=PTO2&Sect2=HITOFF&p=1&u=%2Fnetahtml%2FPTO%2Fsearch-bool.html&r=41&f=G&l=50&co1=AND&d=PTXT&s1=%28inverter.CLTX.+or+inverter.DCTX.%29&s2=%28photovoltaic.CLTX.+or+photovoltaic.DCTX.%29&OS=ACLM/inverter+AND+ACLM/photovoltaic&RS=ACLM/inverter+AND+ACLM/photovoltaic
8245459,Solar Mounting/Rack,"Perrysburg, OH",OH,USA,"http://patft.uspto.gov/netacgi/nph-Parser?Sect1=PTO1&Sect2=HITOFF&d=PALL&p=1&u=%2Fnetahtml%2FPTO%2Fsrchnum.htm&r=1&f=G&l=50&s1=8,245,459.PN.&OS=PN/8,245,459&RS=PN/8,245,459"
8253424,Solar Inverter,Niestetal,,Germany,"http://patft.uspto.gov/netacgi/nph-Parser?Sect1=PTO1&Sect2=HITOFF&d=PALL&p=1&u=%2Fnetahtml%2FPTO%2Fsrchnum.htm&r=1&f=G&l=50&s1=8,253,424.PN.&OS=PN/8,253,424&RS=PN/8,253,424"
8256170,Solar Mounting/Rack,"Fremont, CA",CA,USA,"http://patft.uspto.gov/netacgi/nph-Parser?Sect1=PTO1&Sect2=HITOFF&d=PALL&p=1&u=%2Fnetahtml%2FPTO%2Fsrchnum.htm&r=1&f=G&l=50&s1=8,256,170.PN.&OS=PN/8,256,170&RS=PN/8,256,170"
8257106,Solar Inverter,"Petaluma, CA",CA,USA,"http://patft.uspto.gov/netacgi/nph-Parser?Sect1=PTO1&Sect2=HITOFF&d=PALL&p=1&u=%2Fnetahtml%2FPTO%2Fsrchnum.htm&r=1&f=G&l=50&s1=8,257,106.PN.&OS=PN/8,257,106&RS=PN/8,257,106"
8258741,Solar Inverter,Hsinchu,,Taiwan,"http://patft.uspto.gov/netacgi/nph-Parser?Sect1=PTO1&Sect2=HITOFF&d=PALL&p=1&u=%2Fnetahtml%2FPTO%2Fsrchnum.htm&r=1&f=G&l=50&s1=8,258,741.PN.&OS=PN/8,258,741&RS=PN/8,258,741"
8259479,Solar Inverter,"Schenectady, NY",NY,USA,"http://patft.uspto.gov/netacgi/nph-Parser?Sect1=PTO1&Sect2=HITOFF&d=PALL&p=1&u=%2Fnetahtml%2FPTO%2Fsrchnum.htm&r=1&f=G&l=50&s1=8,259,479.PN.&OS=PN/8,259,479&RS=PN/8,259,479"
8264193,Solar Monitoring,Ottowa,,Canada,http://patft.uspto.gov/netacgi/nph-Parser?Sect1=PTO2&Sect2=HITOFF&u=%2Fnetahtml%2FPTO%2Fsearch-adv.htm&r=15&p=1&f=G&l=50&d=PTXT&S1=(((solar.CLTX.+or+solar.DCTX.)+AND+((monitor.CLTX.+or+monitor.DCTX.)+OR+(monitoring.CLTX.+or+monitoring.DCTX.)))+OR+((photovoltaic.CLTX.+or+photovoltaic.DCTX.)+AND+((monitor.CLTX.+or+monitor.DCTX.)+OR+(monitoring.CLTX.+or+monitoring.DCTX.))))&OS=+(ACLM/solar+AND+(ACLM/monitor+OR+ACLM/monitoring))+OR+(ACLM/photovoltaic+AND+(ACLM/monitor+OR+ACLM/monitoring))&RS=((ACLM/solar+AND+(ACLM/monitor+OR+ACLM/monitoring))+OR+(ACLM/photovoltaic+AND+(ACLM/monitor+OR+ACLM/monitoring)))
8264195,Solar Monitoring,"Hayward, CA",CA,USA,"http://patft.uspto.gov/netacgi/nph-Parser?Sect1=PTO1&Sect2=HITOFF&d=PALL&p=1&u=%2Fnetahtml%2FPTO%2Fsrchnum.htm&r=1&f=G&l=50&s1=8,264,195.PN.&OS=PN/8,264,195&RS=PN/8,264,195"
8266848,Solar Mounting/Rack,"San Rafael, CA",CA,USA,"http://patft.uspto.gov/netacgi/nph-Parser?Sect1=PTO1&Sect2=HITOFF&d=PALL&p=1&u=%2Fnetahtml%2FPTO%2Fsrchnum.htm&r=1&f=G&l=50&s1=8,266,848.PN.&OS=PN/8,266,848&RS=PN/8,266,848"
8269372,Solar Inverter,Gyunggi-do,,South Korea,"http://patft.uspto.gov/netacgi/nph-Parser?Sect1=PTO1&Sect2=HITOFF&d=PALL&p=1&u=%2Fnetahtml%2FPTO%2Fsrchnum.htm&r=1&f=G&l=50&s1=8,269,372.PN.&OS=PN/8,269,372&RS=PN/8,269,372"
8274172,Solar Monitoring,"Los Gatos, CA",CA,USA,http://patft.uspto.gov/netacgi/nph-Parser?Sect1=PTO2&Sect2=HITOFF&u=%2Fnetahtml%2FPTO%2Fsearch-adv.htm&r=12&p=1&f=G&l=50&d=PTXT&S1=(((solar.CLTX.+or+solar.DCTX.)+AND+((monitor.CLTX.+or+monitor.DCTX.)+OR+(monitoring.CLTX.+or+monitoring.DCTX.)))+OR+((photovoltaic.CLTX.+or+photovoltaic.DCTX.)+AND+((monitor.CLTX.+or+monitor.DCTX.)+OR+(monitoring.CLTX.+or+monitoring.DCTX.))))&OS=+(ACLM/solar+AND+(ACLM/monitor+OR+ACLM/monitoring))+OR+(ACLM/photovoltaic+AND+(ACLM/monitor+OR+ACLM/monitoring))&RS=((ACLM/solar+AND+(ACLM/monitor+OR+ACLM/monitoring))+OR+(ACLM/photovoltaic+AND+(ACLM/monitor+OR+ACLM/monitoring)))
8276329,Solar Mounting/Rack,"Berkeley, CA",CA,USA,"http://patft.uspto.gov/netacgi/nph-Parser?Sect1=PTO1&Sect2=HITOFF&d=PALL&p=1&u=%2Fnetahtml%2FPTO%2Fsrchnum.htm&r=1&f=G&l=50&s1=8,276,329.PN.&OS=PN/8,276,329&RS=PN/8,276,329"
8278892,Solar Inverter,Niestetal,,Germany,"http://patft.uspto.gov/netacgi/nph-Parser?Sect1=PTO1&Sect2=HITOFF&d=PALL&p=1&u=%2Fnetahtml%2FPTO%2Fsrchnum.htm&r=1&f=G&l=50&s1=8,278,892.PN.&OS=PN/8,278,892&RS=PN/8,278,892"
8279642,Solar Inverter,"Austin, TX",TX,USA,"http://patft.uspto.gov/netacgi/nph-Parser?Sect1=PTO1&Sect2=HITOFF&d=PALL&p=1&u=%2Fnetahtml%2FPTO%2Fsrchnum.htm&r=1&f=G&l=50&s1=8,279,642.PN.&OS=PN/8,279,642&RS=PN/8,279,642"
8284574,Solar Inverter,"Austin, TX",TX,USA,"http://patft.uspto.gov/netacgi/nph-Parser?Sect1=PTO1&Sect2=HITOFF&d=PALL&p=1&u=%2Fnetahtml%2FPTO%2Fsrchnum.htm&r=1&f=G&l=50&s1=8,284,574.PN.&OS=PN/8,284,574&RS=PN/8,284,574"
8289183,Solar Inverter; Solar Monitoring,"Dallas, TX",TX,USA,"http://patft.uspto.gov/netacgi/nph-Parser?Sect1=PTO1&Sect2=HITOFF&d=PALL&p=1&u=%2Fnetahtml%2FPTO%2Fsrchnum.htm&r=1&f=G&l=50&s1=8,289,183.PN.&OS=PN/8,289,183&RS=PN/8,289,183"
8290745,Solar Monitoring,"Schenectady, NY",NY,USA,http://patft.uspto.gov/netacgi/nph-Parser?Sect1=PTO2&Sect2=HITOFF&u=%2Fnetahtml%2FPTO%2Fsearch-adv.htm&r=6&p=1&f=G&l=50&d=PTXT&S1=(((solar.CLTX.+or+solar.DCTX.)+AND+((monitor.CLTX.+or+monitor.DCTX.)+OR+(monitoring.CLTX.+or+monitoring.DCTX.)))+OR+((photovoltaic.CLTX.+or+photovoltaic.DCTX.)+AND+((monitor.CLTX.+or+monitor.DCTX.)+OR+(monitoring.CLTX.+or+monitoring.DCTX.))))&OS=+(ACLM/solar+AND+(ACLM/monitor+OR+ACLM/monitoring))+OR+(ACLM/photovoltaic+AND+(ACLM/monitor+OR+ACLM/monitoring))&RS=((ACLM/solar+AND+(ACLM/monitor+OR+ACLM/monitoring))+OR+(ACLM/photovoltaic+AND+(ACLM/monitor+OR+ACLM/monitoring)))
8291654,Solar Mounting/Rack,"Berkeley, CA",CA,USA,"http://patft.uspto.gov/netacgi/nph-Parser?Sect1=PTO1&Sect2=HITOFF&d=PALL&p=1&u=%2Fnetahtml%2FPTO%2Fsrchnum.htm&r=1&f=G&l=50&s1=8,291,654.PN.&OS=PN/8,291,654&RS=PN/8,291,654"
8294022,Solar Mounting/Rack,"San Jose, CA",USA,USA,"http://patft.uspto.gov/netacgi/nph-Parser?Sect1=PTO1&Sect2=HITOFF&d=PALL&p=1&u=%2Fnetahtml%2FPTO%2Fsrchnum.htm&r=1&f=G&l=50&s1=8,294,022.PN.&OS=PN/8,294,022&RS=PN/8,294,022"
8294286,Solar Monitoring,"Troy, OH",OH,USA,http://patft.uspto.gov/netacgi/nph-Parser?Sect2=PTO1&Sect2=HITOFF&p=1&u=/netahtml/PTO/search-bool.html&r=1&f=G&l=50&d=PALL&RefSrch=yes&Query=PN/8294286
8294296,Solar Mounting/Rack,"Fort Collins, CO",CO,USA,"http://patft.uspto.gov/netacgi/nph-Parser?Sect1=PTO1&Sect2=HITOFF&d=PALL&p=1&u=%2Fnetahtml%2FPTO%2Fsrchnum.htm&r=1&f=G&l=50&s1=8,294,296.PN.&OS=PN/8,294,296&RS=PN/8,294,296"
8294303,Solar Inverter,"Perrysburg, OH",OH,USA,"http://patft.uspto.gov/netacgi/nph-Parser?Sect1=PTO1&Sect2=HITOFF&d=PALL&p=1&u=%2Fnetahtml%2FPTO%2Fsrchnum.htm&r=1&f=G&l=50&s1=8,294,303.PN.&OS=PN/8,294,303&RS=PN/8,294,303"
8295989,Solar Monitoring,"Newark, CA",CA,USA,"http://patft.uspto.gov/netacgi/nph-Parser?Sect1=PTO1&Sect2=HITOFF&d=PALL&p=1&u=%2Fnetahtml%2FPTO%2Fsrchnum.htm&r=1&f=G&l=50&s1=8,295,989.PN.&OS=PN/8,295,989&RS=PN/8,295,989"
8300439,Solar Monitoring,"Westford, MA",MA,USA,"http://patft.uspto.gov/netacgi/nph-Parser?Sect1=PTO1&Sect2=HITOFF&d=PALL&p=1&u=%2Fnetahtml%2FPTO%2Fsrchnum.htm&r=1&f=G&l=50&s1=8,300,439.PN.&OS=PN/8,300,439&RS=PN/8,300,439"
8304932,Solar Inverter ,"Fort Collins, CO",CO,USA,"http://patft.uspto.gov/netacgi/nph-Parser?Sect1=PTO1&Sect2=HITOFF&d=PALL&p=1&u=%2Fnetahtml%2FPTO%2Fsrchnum.htm&r=1&f=G&l=50&s1=8,304,932.PN.&OS=PN/8,304,932&RS=PN/8,304,932"
8305058,Solar Inverter,Suwon,,Korea,"http://patft.uspto.gov/netacgi/nph-Parser?Sect1=PTO1&Sect2=HITOFF&d=PALL&p=1&u=%2Fnetahtml%2FPTO%2Fsrchnum.htm&r=1&f=G&l=50&s1=8,305,058.PN.&OS=PN/8,305,058&RS=PN/8,305,058"
8307997,Solar Mounting/Rack,Berlin,,Germany,"http://patft.uspto.gov/netacgi/nph-Parser?Sect1=PTO1&Sect2=HITOFF&d=PALL&p=1&u=%2Fnetahtml%2FPTO%2Fsrchnum.htm&r=1&f=G&l=50&s1=8,307,997.PN.&OS=PN/8,307,997&RS=PN/8,307,997"
8309840,Solar Mounting/Rack,Cambridge,,Canada,"http://patft.uspto.gov/netacgi/nph-Parser?Sect1=PTO1&Sect2=HITOFF&d=PALL&p=1&u=%2Fnetahtml%2FPTO%2Fsrchnum.htm&r=1&f=G&l=50&s1=8,309,840.PN.&OS=PN/8,309,840&RS=PN/8,309,840"
8310094,Solar Inverter; Solar Monitoring,Osaka-shi,,Japan,http://patft.uspto.gov/netacgi/nph-Parser?Sect1=PTO1&Sect2=HITOFF&d=PALL&p=1&u=%2Fnetahtml%2FPTO%2Fsrchnum.htm&r=1&f=G&l=50&s1=8310094.PN.&OS=PN/8310094&RS=PN/8310094
8310851,Solar Inverter,Munich,,Germany,"http://patft.uspto.gov/netacgi/nph-Parser?Sect1=PTO1&Sect2=HITOFF&d=PALL&p=1&u=%2Fnetahtml%2FPTO%2Fsrchnum.htm&r=1&f=G&l=50&s1=8,310,851.PN.&OS=PN/8,310,851&RS=PN/8,310,851"
8314375,Solar Monitoring,"Los Gatos, CA",CA,USA,http://patft.uspto.gov/netacgi/nph-Parser?Sect1=PTO2&Sect2=HITOFF&u=%2Fnetahtml%2FPTO%2Fsearch-adv.htm&r=31&p=1&f=G&l=50&d=PTXT&S1=%28%28%28solar.CLTX.+or+solar.DCTX.%29+AND+%28%28monitor.CLTX.+or+monitor.DCTX.%29+OR+%28monitoring.CLTX.+or+monitoring.DCTX.%29%29%29+OR+%28%28photovoltaic.CLTX.+or+photovoltaic.DCTX.%29+AND+%28%28monitor.CLTX.+or+monitor.DCTX.%29+OR+%28monitoring.CLTX.+or+monitoring.DCTX.%29%29%29%29&OS=+%28ACLM/solar+AND+%28ACLM/monitor+OR+ACLM/monitoring%29%29+OR+%28ACLM/photovoltaic+AND+%28ACLM/monitor+OR+ACLM/monitoring%29%29&RS=%28%28ACLM/solar+AND+%28ACLM/monitor+OR+ACLM/monitoring%29%29+OR+%28ACLM/photovoltaic+AND+%28ACLM/monitor+OR+ACLM/monitoring%29%29%29
8314512,Solar Inverter,Lungtan,,Taiwan,"http://patft.uspto.gov/netacgi/nph-Parser?Sect1=PTO1&Sect2=HITOFF&d=PALL&p=1&u=%2Fnetahtml%2FPTO%2Fsrchnum.htm&r=1&f=G&l=50&s1=8,314,512.PN.&OS=PN/8,314,512&RS=PN/8,314,512"
8316592,Solar Mounting/Rack,"(Islip, NY)",NY,USA,"http://patft.uspto.gov/netacgi/nph-Parser?Sect1=PTO1&Sect2=HITOFF&d=PALL&p=1&u=%2Fnetahtml%2FPTO%2Fsrchnum.htm&r=1&f=G&l=50&s1=8,316,592.PN.&OS=PN/8,316,592&RS=PN/8,316,592"
8319377,Solar Inverter; Solar Monitoring,Kolitzheim,,Germany,"http://patft.uspto.gov/netacgi/nph-Parser?Sect1=PTO1&Sect2=HITOFF&d=PALL&p=1&u=%2Fnetahtml%2FPTO%2Fsrchnum.htm&r=1&f=G&l=50&s1=8,319,377.PN.&OS=PN/8,319,377&RS=PN/8,319,377"
8326535,Site Assessment,"Napa, CA",CA,USA,http://patft.uspto.gov/netacgi/nph-Parser?Sect2=PTO1&Sect2=HITOFF&p=1&u=/netahtml/PTO/search-bool.html&r=1&f=G&l=50&d=PALL&RefSrch=yes&Query=PN/8326535
8326536,Site Assessment,"Napa, CA",CA,USA,http://patft.uspto.gov/netacgi/nph-Parser?Sect1=PTO1&Sect2=HITOFF&d=PALL&p=1&u=%2Fnetahtml%2FPTO%2Fsrchnum.htm&r=1&f=G&l=50&s1=8326536.PN.&OS=PN/8326536&RS=PN/8326536
8330299,Solar Inverter,"Niskayuna, NY",NY,USA,"http://patft.uspto.gov/netacgi/nph-Parser?Sect1=PTO1&Sect2=HITOFF&d=PALL&p=1&u=%2Fnetahtml%2FPTO%2Fsrchnum.htm&r=1&f=G&l=50&s1=8,330,299.PN.&OS=PN/8,330,299&RS=PN/8,330,299"
8334616,Solar Inverter,"Charlotte, NC",NC,USA,"http://patft.uspto.gov/netacgi/nph-Parser?Sect1=PTO1&Sect2=HITOFF&d=PALL&p=1&u=%2Fnetahtml%2FPTO%2Fsrchnum.htm&r=1&f=G&l=50&s1=8,334,616.PN.&OS=PN/8,334,616&RS=PN/8,334,616"
8334617,Solar Inverter; Solar Monitoring,Madrid,,Spain,http://patft.uspto.gov/netacgi/nph-Parser?Sect2=PTO1&Sect2=HITOFF&p=1&u=/netahtml/PTO/search-bool.html&r=1&f=G&l=50&d=PALL&RefSrch=yes&Query=PN/8334617
8334618,Solar Inverter,"Cleveland, OH",OH,USA,http://appft.uspto.gov/netacgi/nph-Parser?Sect1=PTO2&Sect2=HITOFF&u=%2Fnetahtml%2FPTO%2Fsearch-adv.html&r=198&f=G&l=50&d=PG01&s1=inverter.CLM.&s2=photovoltaic.CLM.&co1=AND&p=4&OS=ACLM/inverter+AND+ACLM/photovoltaic&RS=ACLM/inverter+AND+ACLM/photovoltaic
8338987,Solar Monitoring,"Niskayuna, NY",NY,USA,http://patft.uspto.gov/netacgi/nph-Parser?Sect1=PTO2&Sect2=HITOFF&u=%2Fnetahtml%2FPTO%2Fsearch-adv.htm&r=24&p=1&f=G&l=50&d=PTXT&S1=%28%28%28solar.CLTX.+or+solar.DCTX.%29+AND+%28%28monitor.CLTX.+or+monitor.DCTX.%29+OR+%28monitoring.CLTX.+or+monitoring.DCTX.%29%29%29+OR+%28%28photovoltaic.CLTX.+or+photovoltaic.DCTX.%29+AND+%28%28monitor.CLTX.+or+monitor.DCTX.%29+OR+%28monitoring.CLTX.+or+monitoring.DCTX.%29%29%29%29&OS=+%28ACLM/solar+AND+%28ACLM/monitor+OR+ACLM/monitoring%29%29+OR+%28ACLM/photovoltaic+AND+%28ACLM/monitor+OR+ACLM/monitoring%29%29&RS=%28%28ACLM/solar+AND+%28ACLM/monitor+OR+ACLM/monitoring%29%29+OR+%28ACLM/photovoltaic+AND+%28ACLM/monitor+OR+ACLM/monitoring%29%29%29
8338989,Solar Inverter,"Perrysburg, OH",OH,USA,http://appft1.uspto.gov/netacgi/nph-Parser?Sect1=PTO2&Sect2=HITOFF&u=%2Fnetahtml%2FPTO%2Fsearch-adv.html&r=155&f=G&l=50&d=PG01&s1=inverter.CLM.&s2=photovoltaic.CLM.&co1=AND&p=4&OS=ACLM/inverter+AND+ACLM/photovoltaic&RS=ACLM/inverter+AND+ACLM/photovoltaic
8339112,System Monitoring,Agrate Brianza,,Italy,http://appft1.uspto.gov/netacgi/nph-Parser?Sect1=PTO2&Sect2=HITOFF&u=%2Fnetahtml%2FPTO%2Fsearch-adv.html&r=562&p=12&f=G&l=50&d=PG01&S1=%28%28solar.CLM.+AND+%28monitor.CLM.+OR+monitoring.CLM.%29%29+OR+%28photovoltaic.CLM.+AND+%28monitor.CLM.+OR+monitoring.CLM.%29%29%29&OS=+%28aclm/solar+and+%28aclm/monitor+or+aclm/monitoring%29%29+or+%28aclm/photovoltaic+and+%28aclm/monitor+or+aclm/monitoring%29%29&RS=%28%28ACLM/solar+AND+%28ACLM/monitor+OR+ACLM/monitoring%29%29+OR+%28ACLM/photovoltaic+AND+%28ACLM/monitor+OR+ACLM/monitoring%29%29%29
12/237326,Solar Mounting/Rack,"(Redwood City, CA)",CA,USA,http://appft1.uspto.gov/netacgi/nph-Parser?Sect1=PTO2&Sect2=HITOFF&u=%2Fnetahtml%2FPTO%2Fsearch-adv.html&r=372&f=G&l=50&d=PG01&s1=inverter.CLM.&s2=photovoltaic.CLM.&co1=AND&p=8&OS=ACLM/inverter+AND+ACLM/photovoltaic&RS=ACLM/inverter+AND+ACLM/photovoltaic