H02M,Y02B,H02J,
Y02E,H02J,
Y02B,H01L,Y02E,
F24J,Y02E,H01L,
H02M,Y02E,Y02B,
H02J,Y02B,
Y04S,G01D,G06Q,
F24J,Y02E,E06B,
Y02E,H01L,
F01K,
Y02E,H02M,Y02E,
E04D,F24J,Y02E,
F24J,Y02E,H01L,
Y02E,G05F,
H01L,Y02E,G08B,
G08B,
H02J,
G01D,H05B,G08C,
Y02E,G05F,

H02J,Y02E,G06Q,
F24J,Y02E,H01L,
G01W,Y02B,
F24J,H01L,Y02E,
Y04S,G01D,H04Q,
H02M,Y02E,Y02B,
G01R,
G01D,H04Q,Y04S,
H01R,
H02J,
H01L,Y02E,Y02B,
H02M,H02J,
H02M,Y02B,G05F,
H05K,
F24J,Y02E,H01L,
Y02E,H02M,H02J,
H02M,
H02J,
H02M,H02J,
F24J,Y02E,H01L,
F24J,Y02E,H01R,
F24J,Y02E,H01L,
Y02E,H02J,Y02E,
Y02E,G05F,
F24J,Y02E,H01L,
H02M,Y02E,Y02B,
F24J,Y02E,Y02B,
F24J,Y02E,Y02B,
H04Q,
F24J,G06F,Y02E,
H02M,H02J,
G01W,
G06Q,Y04S,
F24J,Y02E,H01L,
F24J,Y02B,Y02E,
Y02E,G05F,
F24J,Y02E,H01L,
E04F,H01L,Y02E,
F24J,Y02E,H01L,
F24J,Y02E,H01L,
Y02E,Y02B,H02M,
G01R,
G05F,
F24J,Y02E,H01L,
G01R,
H01R,H01L,
H01R,H01L,H01R,
Y02E,H05K,H02M,
H02M,H02J,Y02B,
H01L,E04D,Y02E,
G01J,G01C,G01W,
F24J,Y02E,G01S,
Y02E,F24J,Y02E,
G01D,G06Q,H04W,
Y02E,Y02B,H02M,
C09K,G06F,
H02M,H02J,
H02H,
Y04S,H02J,Y04S,
F24J,Y02E,H01L,
F24J,Y02E,H01L,
H02J,G01D,Y02B,
H02J,Y02E,
F24J,Y02E,H01L,
H02M,
H02J,G05F,
H02H,
Y02E,H01L,
F24J,Y02E,H01L,
G06Q,Y04S,Y02E,
B64G,H02J,
H01M,Y02E,H01L,
F24J,H01Q,Y02E,
F24J,Y02E,H01L,
F24J,Y02E,H01L,
F24J,Y02B,Y02E,
Y02E,H01L,
H02J,
H01L,Y02E,
G01R,H01L,
H02M,
H02J,
H01L,Y02B,Y02E,
H02J,Y02B,
F24J,Y02E,H01L,
Y02E,H01L,
Y02E,H01R,H01L,
F24J,Y02E,H01L,
G06F,F24J,Y02B,
Y02E,Y02B,Y02E,

Y02E,Y02B,H02M,
H02M,Y02E,
G01R,
H01L,Y02B,Y02E,
H01L,Y02B,Y02E,
H02M,
F24J,Y02E,Y02B,
Y02E,H02J,
F24J,Y02E,H01L,
E04D,H01L,E04D,
G01J,G01C,G01W,
F24J,Y02E,H01L,
F24J,Y02E,H01L,
H02J,
G01J,G01S,G01W,
Y02E,H01L,
Y02E,H01L,H02M,
H01L,Y02E,H02J,
F24J,Y02B,Y02E,
Y02E,H02J,
Y02E,H01L,H02J,
F24J,Y02E,Y02B,
H02J,
Y02E,H02J,Y02E,
H02M,H02J,
F24J,Y02E,H01L,
H02J,Y02E,
G05B,Y02E,G06F,
G05B,H02J,G05B,
G05F,
Y02E,F24J,Y02B,
H02H,
G06Q,
H02M,H02J,
Y02B,H02M,Y02B,
H02M,
H01R,H01L,
H01R,H01L,
Y02B,G05F,
H02M,H02J,
Y02E,H02M,
Y02E,G05F,
G06Q,Y04S,Y02E,
H02M,H02J,
Y02E,H02J,
H01L,Y02E,H02J,
F16M,
Y02E,Y02B,Y02E,
G05F,
F24J,Y02E,H01L,
H02J,Y02E,
H02J,
Y02E,Y02B,H02M,
H02M,H02J,
H02J,Y02E,H01M,
H02M,H02J,
H02M,G05F,
H02M,Y02E,Y02B,
G01W,
H02J,
Y02E,H01L,
H02M,Y02E,Y02B,
H02M,Y02E,Y02B,
H02H,Y02E,G06Q,
H01R,Y02E,H01L,
H02J,G05F,
H02J,
Y02E,H01H,H02J,
H02J,
Y02E,H02J,
H02M,H02J,
H02M,Y02E,G05F,
F24J,F16B,Y02E,
F24J,Y02E,Y02B,
Y02E,H01L,Y02B,
H02J,
Y02T,H01M,Y02T,
Y02E,H02M,H02J,
H01R,H01L,
H02M,Y02E,H02J,
Y02E,Y02B,H02M,
Y02E,G05F,H02M,
H02M,Y02E,Y02B,
Y02E,H01L,
F24J,F16B,F24J,
Y02E,H01L,
Y04S,H02J,Y04S,
H01L,H02J,H01L,
G05F,
H02J,Y02B,
F24J,Y02E,H01L,
H01R,H01L,H01R,
H02J,Y02E,
F24J,Y02E,H01L,
F24J,Y02E,H01L,
H02M,
H02H,
F24J,Y02B,
F24J,Y02E,H01L,
Y02E,H01L,
H02J,Y02E,
Y02B,H02M,Y02B,
H02M,H02J,
G06Q,Y04S,
Y02E,Y02B,Y02E,
G01R,G08B,
F24J,Y02E,Y02B,
F24J,H01L,Y02E,
Y02E,G05F,H02M,
G01W,
G01R,H02S,G06Q,
G01R,
H02M,
H01L,Y02B,Y02E,
H02M,Y02E,Y02B,
H02J,
F24J,F16B,H01L,
H01R,Y02E,H01L,
Y02E,F24J,
Y02E,H01L,H02M,
F24J,Y02E,Y02B,
Y02E,G05F,
F24J,Y02E,H01L,
H01R,Y02E,H01L,
H02M,Y02E,Y02B,
Y02E,H01L,H02M,
H03K,Y02E,H02M,
F24J,Y02E,E04D,
H01L,Y02B,H01L,
Y02E,G06Q,H02J,
Y02B,H01L,
Y02E,H01L,Y04S,
G01R,Y02E,H01L,
H01L,Y02B,H01L,
Y02E,H02M,H02J,
Y02E,H01L,H02J,
F24J,Y02E,H01L,
H02M,H02J,H02M,
H02M,H02J,Y02E,
H01H,
H02M,Y02E,
H02M,Y02B,
Y02E,H02J,
F24J,Y02E,H01L,
Y02E,H02J,
F24J,Y02E,H01L,
H02J,Y02B,
Y02E,H01L,H02J,
H02J,
H02J,
H02J,
F24J,Y02E,H01L,
Y02E,Y02B,H02M,
H04Q,
H05K,
H01L,Y02E,H02J,
Y02E,H01L,
G01R,H02S,
Y02B,F02D,
Y02E,H02J,

G01W,
G01R,H02S,G06Q,
Y02E,H02J,

Y02E,H02J,
Y02E,H02J,
Y02E,H02J,

F24J,Y02B,F24J,
Y02E,H02J,
F24J,Y02E,F24J,
F24J,Y02E,H01L,
Y02B,Y02E,H01L,
Y02E,F24J,H01L,
H01L,Y02E,Y02B,
H01L,Y02E,F24J,
F24J,Y02E,H01L,
H01L,Y02E,
Y02B,H02M,H02J,
G06Q,Y02B,
F24J,Y02E,Y02B,
F24J,Y02E,Y02B,
H02M,
Y02E,H02M,H02J,
B23K,H01L,B23K,
F16M,Y02E,F24J,
H01L,Y02E,Y02B,
H01L,Y02E,F24J,
H02J,Y02E,H01L,
H02M,Y02E,
Y02E,H02M,H02J,
Y02E,H01L,
H02M,Y02E,
G06Q,Y04S,
Y02E,Y02B,Y02E,
H01M,Y02E,
F24J,H01L,F24J,
H01L,Y02B,H01L,
Y02B,H01L,Y02E,
H01L,Y02B,H01L,
Y02E,H01M,Y02E,
F24J,Y02E,E04D,
F24J,Y02E,E04D,
Y02E,H01L,Y02B,
F24J,H01R,Y02E,
Y02E,H02J,
F24J,H01L,Y02E,
H02J,Y02E,Y04S,
Y02B,H02M,
Y02E,H01L,Y02B,
H01L,Y02E,
H02H,
H01L,Y02E,Y02B,
H02J,
Y02B,Y04S,G01D,
G01R,
Y04S,Y02B,H02J,
E04H,Y02E,H01L,
H01L,Y02E,
G01D,H04Q,Y04S,
H02M,Y02E,Y02B,
F24J,Y02E,H01L,
H02J,Y02E,G06Q,
F24J,H01L,Y02E,
F24J,H01L,F24J,
F24J,Y02E,Y02B,
G06Q,Y04S,
H02M,Y02E,H01L,
H02M,Y02E,H01L,
H02M,Y02E,
H01L,F24J,Y02E,
H01R,H01L,H01R,
G06T,F24J,
H02J,Y02E,Y02B,
G01R,Y02E,H01L,
F24J,Y02E,Y02B,
Y02E,Y02B,H02J,
G06Q,Y04S,
F24J,H01L,Y02E,
Y02E,H01L,H02J,
H01L,F24J,Y02E,
F24J,H01L,F24J,
Y02E,H02J,
G06Q,
Y02E,H02J,
Y02E,G05F,
H02J,Y02E,H01L,
G06T,G01W,
F24J,Y02B,F24J,
F24J,Y02E,H01L,
F24J,Y02E,H01L,
Y02E,H01L,G05F,
H01L,Y02E,
G01R,
H01L,Y02E,Y02B,
F24J,Y02E,Y02B,
Y02E,G01W,H01L,
Y02E,H01L,Y02B,
H02M,H02J,
H01L,Y02E,Y02B,
Y02E,H01L,
H02H,Y02B,H02H,
Y02E,H01L,Y02E,
H01L,G01R,Y02E,
F24J,Y02E,H01L,
Y02E,H02J,Y02E,
F24J,H01L,F24J,

F24J,Y02E,H01L,
H01L,Y02B,Y02E,
H02J,
H01L,F24J,Y02B,
H01L,Y02B,H01L,
G06F,H02J,Y02B,

F24J,Y02E,H01L,
H02J,Y02E,Y04S,
G05F,
Y02E,H01L,G05F,
F24J,Y02E,H01L,
G01R,H01L,
H02J,Y02E,H01L,
Y02E,H01R,H01L,
Y02E,H01M,
Y02E,F24J,Y02B,
Y02E,H01L,H02J,
H01L,F24J,Y02B,
F24J,Y02E,H01L,
F24J,Y02B,
Y02B,H01L,Y02E,

G01F,H04Q,
Y02B,Y02E,H02J,
Y02E,Y02B,Y02E,

H02J,Y02B,
G09F,
Y02B,H02M,
H02M,
H02J,
H02J,
H01R,Y02E,H01L,
H02H,H02J,Y02E,
H05K,H01L,Y02E,
H04Q,Y02E,H01L,
Y02B,Y02E,H01L,
H01L,Y02E,H01H,
Y02E,F24J,H01L,
Y02E,F24J,H01L,
F24J,Y02E,H01L,
H01L,Y02E,F24J,
H02J,Y02E,Y04S,
H01L,Y02B,Y02E,
H01L,Y02B,Y02E,
H01L,Y02B,Y02E,
H01L,Y02B,Y02E,
H01L,Y02B,Y02E,
Y02E,H02J,Y02E,
Y02E,H02J,
Y02E,H02H,
G05F,
F24J,Y02E,Y02B,
H01L,Y02E,
Y02E,F24J,H01L,
F24J,Y02E,H01L,
H01L,H01R,Y02E,
F24J,Y02E,Y02B,
F24J,Y02E,
H02J,Y02E,Y04S,
F24J,Y02E,Y02B,
Y02E,H02J,

H01L,Y02E,
Y02E,F24J,H01L,

H01L,Y02E,F24J,
F24J,G01S,Y02E,
F24J,Y02E,H01L,
H02M,Y02E,H01L,
F24J,Y02E,Y02B,
Y02E,F24J,Y02E,
Y02E,H01L,
F24J,Y02B,
Y02E,G05F,H02M,
F24J,Y02E,H01L,
F24J,Y02E,H01L,
G01R,Y04S,Y02B,
Y02E,H02M,Y02E,

H01L,Y02E,
Y02E,F24J,Y02E,
Y02E,H02J,
Y02E,H01R,H01L,
Y02E,H01L,G05F,
H01H,H02M,
H05K,
Y02E,H02J,
Y02E,H02J,
Y02E,F24J,Y02E,
Y02E,H02J,
H01L,Y02E,
F24J,Y02E,E04D,
G01R,Y02E,H01L,
G01R,Y02E,H01L,
H02M,H02J,
H01R,Y02E,H01L,
H02M,Y02E,H02J,
Y02E,H02J,
Y02E,H01R,H02G,
H02J,
H02H,Y02E,
H01L,Y02E,
F24J,F16B,Y02E,
F24J,Y02E,H01L,
F24J,Y02E,H01L,
Y04S,H02J,Y04S,
H01L,Y02E,
Y02E,F24J,H01L,
H01L,Y02E,G08B,
Y02E,H01L,
G08B,

Y02E,F24J,Y02E,
Y02E,H01L,
F24J,Y02E,H01L,
H02H,Y02E,
G01R,H04Q,H01L,
F24J,Y02E,H01L,
G01W,G01C,
F24J,Y02B,
H01L,H03K,
Y02E,H02J,
Y02E,F24J,Y02E,
E04D,H01L,E04D,

F24J,Y02E,H01L,

G03G,G01R,
H02M,H02J,
H01L,F24J,H02J,
Y02E,H01L,
F24J,F16C,H01L,
F24J,Y02E,Y02B,
F24J,Y02B,Y02E,
F24J,Y02E,H01L,
F24J,H01L,Y02B,
F24J,H01L,Y02B,
F24J,H01L,Y02B,
G01R,H01L,H02J,
H02M,
G01R,
G01R,H01L,
Y02E,Y04S,H02J,
H02M,
G01R,G01D,H01L,
F24J,Y02E,H01L,
Y02B,G01J,G01S,
F24J,Y02B,Y02E,
G06F,
Y02E,H01M,
H01L,Y02B,
F24J,H01L,Y02B,

F24J,H01L,
F24J,Y02E,H01L,
Y02E,H02J,


H02H,H02J,
Y02E,H01L,
Y02E,H01L,
F24J,Y02E,H01L,
Y02E,H01L,Y02B,
F24J,B32B,F24J,
G01R,
Y02E,H01L,
H01L,Y02B,
H01L,Y02B,
F24J,Y02E,H01L,
Y02E,H02J,Y02E,
H02M,
E04D,Y02E,H01L,
H05K,H01L,Y02E,
H02M,Y02E,H02J,
F24J,Y02E,H01L,
H01L,Y02E,F24J,
F24J,H01L,F24J,
Y02E,H01L,

F24J,H01L,Y02B,
F24F,Y02B,F24F,
G01J,G01S,G01W,
G01R,
H02M,
H02M,
Y02E,H01L,
Y02E,F24J,Y02B,
Y02E,F24J,Y02B,
Y02E,F24J,Y02B,
Y02E,F24J,Y02B,
H01L,Y02B,Y02E,
H01L,
H01L,Y02E,Y02B,
H02J,

H02J,
H01L,Y02B,


F24J,Y02E,H01L,
F24J,Y02E,H01L,
F24J,Y02E,H01L,
F24J,Y02E,H01L,
H01L,H02H,H02M,
H01L,Y02B,H01L,
F24J,Y02E,H01L,
H01L,
H02J,Y02E,H01L,
G05B,

F24J,Y02E,Y02B,
Y02E,H02H,H02J,
H02H,Y02E,

H02H,
H02M,H02J,



H02M,H03K,H02J,
H02M,H02J,
G01R,
Y02E,H01L,Y02E,
H02H,
H05K,F28D,
H02J,
H01L,
F24J,H01L,Y02B,

H01L,Y02E,
Y02E,B32B,H01L,
Y02E,F24J,H01L,


H01L,H02J,

H02M,Y02B,
H02H,H01L,
H02M,H02J,
F24J,Y02B,
F24J,H01L,
F24J,E04B,


F24J,F16B,H01L,
F24J,Y02E,Y02B,
F24J,Y02E,Y02B,
F24J,Y02E,Y02B,
Y02E,H02J,
H02J,
F24J,H01L,
F24J,H01L,Y02E,
Y02E,G05F,
F24J,Y02E,H01L,
H02M,H02J,

F24J,Y02E,H01L,
H02H,G01R,

H02J,Y02E,
H02M,H02J,
Y02E,G05F,
Y02B,Y02E,F24J,

F24J,Y02E,E04C,
F24J,Y02E,Y02B,
Y02E,H01L,
F24J,Y02B,Y02E,
F24J,H01L,Y02E,

H05K,H02M,
Y02B,Y02E,F24J,
H02J,Y02E,
H01L,Y02E,
H02M,

F24J,Y02B,Y02E,
H02M,H02J,

H02J,
Y02E,Y02B,Y02E,

Y02E,H01L,Y02B,
H01L,Y02E,
F24J,H01L,F24J,
H02M,Y02E,Y02B,
H01L,
H02J,
H02J,
H01L,
F24J,Y02E,H01L,
H02J,G05F,H02M,

F24J,H01L,Y02B,
F24J,Y02B,
Y02E,G01S,G06Q,
F24J,
Y02E,H01L,
F24J,H01L,H02J,
Y02E,H01L,H02J,

H02J,Y02E,
H02M,H02J,

G01R,
H01L,Y02E,
G01S,F24J,H01L,
G01S,F24J,H01L,

G01R,G06Q,G05F,
Y02E,H02J,

G01R,H02S,

H02J,G01R,

G08C,H04Q,H04B,
G01R,
H02J,H01L,
F24J,H01L,Y02B,
Y02E,G05F,

H01L,
H01L,
F24J,H01L,Y02B,
Y02E,H02J,

Y02E,Y02B,H02M,
F24J,F16B,
F24J,Y02E,H01L,
Y02E,H01L,H02J,
F24J,H01L,Y02B,
H02H,H01L,
F24J,E04H,Y02B,
F24J,Y02B,
H01L,Y02B,
H01L,Y02E,E04D,
H02J,
H02M,Y02E,Y02B,
H02J,H02M,
H02J,H01M,
F24J,
F24J,Y02E,H01L,
H01M,Y02E,H02J,
Y02B,Y02E,H01L,
F24J,Y02E,H01L,
Y02E,H02J,

F24J,H01L,
F24J,F16B,F24J,
Y02E,Y02B,H02M,
H02M,

H02M,H02J,



H01L,Y02E,H02J,
H02M,H02J,
F24J,Y02E,H01L,
Y02E,H02M,H02J,
Y02E,H01L,
Y02E,G05F,H02M,
F24J,Y02E,Y02B,
F24J,Y02B,F24J,
H02M,Y02E,
H01R,H01L,Y02B,
F24J,Y02E,H01L,
G06F,


F24J,
F24J,Y02E,H01L,

G01R,
G01R,
E04D,Y02B,E04D,
Y02E,H02J,Y02E,
F24J,H01L,
H01L,
H01L,
G05F,

H01L,Y02E,
H01L,Y02B,
H02J,

E04F,F24J,Y02B,
G01R,
H02J,

G01R,
F24J,Y02E,H01L,
H01L,

H02G,
H02M,

F24J,F16B,H01L,

F24J,Y02E,H01L,



Y02E,H02M,H02J,





G01R,Y02E,H01L,

F24J,Y02E,H01L,
F24J,Y02E,H01L,
F24J,H01L,Y02E,
H01L,Y02B,H01L,
H01H,

G01R,H02H,
Y02E,F24J,Y02E,
