2005,Solar Inverter,6882063,DC to DC converter and power management system,Calgary,N/A,Canada,http://patft.uspto.gov/netacgi/nph-Parser?Sect1=PTO1&Sect2=HITOFF&d=PALL&p=1&u=%2Fnetahtml%2FPTO%2Fsrchnum.htm&r=1&f=G&l=50&s1=6882063.PN.&OS=PN/6882063&RS=PN/6882063
2005,Solar Inverter,6914418,Multi-mode renewable power converter system ,Taipei,N/A,Taiwan,http://patft.uspto.gov/netacgi/nph-Parser?Sect1=PTO1&Sect2=HITOFF&d=PALL&p=1&u=%2Fnetahtml%2FPTO%2Fsrchnum.htm&r=1&f=G&l=50&s1=6914418.PN.&OS=PN/6914418&RS=PN/6914418
2005,Solar Mounting/Rack,6928775,Multi-use electric tile modules ,"(Tucson, AZ)",AZ,USA,http://patft.uspto.gov/netacgi/nph-Parser?Sect1=PTO1&Sect2=HITOFF&d=PALL&p=1&u=%2Fnetahtml%2FPTO%2Fsrchnum.htm&r=1&f=G&l=50&s1=6928775.PN.&OS=PN/6928775&RS=PN/6928775
2005,Solar Mounting/Rack,6930238,Solar cell module-mounting structure and solar cell module array,Tokyo,N/A,Japan,http://patft.uspto.gov/netacgi/nph-Parser?Sect2=PTO1&Sect2=HITOFF&p=1&u=/netahtml/PTO/search-bool.html&r=1&f=G&l=50&d=PALL&RefSrch=yes&Query=PN/6930238
2005,Solar Inverter,6940735,Power converter system ,"Dearborn, MI",MI,USA,http://patft.uspto.gov/netacgi/nph-Parser?Sect1=PTO1&Sect2=HITOFF&d=PALL&p=1&u=%2Fnetahtml%2FPTO%2Fsrchnum.htm&r=1&f=G&l=50&s1=6940735.PN.&OS=PN/6940735&RS=PN/6940735
2005,Solar Inverter,6949843,Grid-connected power systems having back-up power sources and methods of providing back-up power in grid-connected power systems ,"Columbia, MD",MD,USA,http://patft.uspto.gov/netacgi/nph-Parser?Sect1=PTO1&Sect2=HITOFF&d=PALL&p=1&u=%2Fnetahtml%2FPTO%2Fsrchnum.htm&r=1&f=G&l=50&s1=6949843.PN.&OS=PN/6949843&RS=PN/6949843
2005,Solar Monitoring,6956500,Real-time residential energy monitor ,"Ormond Beach, FL",FL,USA,http://patft.uspto.gov/netacgi/nph-Parser?Sect1=PTO1&Sect2=HITOFF&d=PALL&p=1&u=%2Fnetahtml%2FPTO%2Fsrchnum.htm&r=1&f=G&l=50&s1=6956500.PN.&OS=PN/6956500&RS=PN/6956500
2005,Solar Mounting/Rack,6959517,Photovoltaic panel mounting bracket,"Perrysburg, OH",OH,USA,http://patft.uspto.gov/netacgi/nph-Parser?Sect1=PTO1&Sect2=HITOFF&d=PALL&p=1&u=%2Fnetahtml%2FPTO%2Fsrchnum.htm&r=1&f=G&l=50&s1=6959517.PN.&OS=PN/6959517&RS=PN/6959517
2005,Solar Inverter,6966184,"Photovoltaic power generating apparatus, method of producing same and photovoltaic power generating system ",Tokyo,N/A,Japan,http://patft.uspto.gov/netacgi/nph-Parser?Sect2=PTO1&Sect2=HITOFF&p=1&u=/netahtml/PTO/search-bool.html&r=1&f=G&l=50&d=PALL&RefSrch=yes&Query=PN/6966184
2006,Solar Monitoring,7000395,Hybrid clean-energy power-supply framework ,Jhongli ,N/A,Taiwan,http://patft.uspto.gov/netacgi/nph-Parser?Sect1=PTO1&Sect2=HITOFF&d=PALL&p=1&u=%2Fnetahtml%2FPTO%2Fsrchnum.htm&r=1&f=G&l=50&s1=7000395.PN.&OS=PN/7000395&RS=PN/7000395
2006,Solar Inverter,7126294,"Method and device for controlling photovoltaic inverter, and feed water device",Tokyo,N/A,Japan,http://patft.uspto.gov/netacgi/nph-Parser?Sect2=PTO1&Sect2=HITOFF&p=1&u=/netahtml/PTO/search-bool.html&r=1&f=G&l=50&d=PALL&RefSrch=yes&Query=PN/7126294
2007,Solar Mounting/Rack ,7155870,Shingle assembly with support bracket,"Berkeley, CA",CA,USA,http://patft.uspto.gov/netacgi/nph-Parser?Sect1=PTO1&Sect2=HITOFF&d=PALL&p=1&u=%2Fnetahtml%2FPTO%2Fsrchnum.htm&r=1&f=G&l=50&s1=7155870.PN.&OS=PN/7155870&RS=PN/7155870
2007,Solar Mounting/Rack  ,7156088,Solar collector mounting array,"Pasadena, CA",CA,USA,http://patft.uspto.gov/netacgi/nph-Parser?Sect1=PTO1&Sect2=HITOFF&d=PALL&p=1&u=%2Fnetahtml%2FPTO%2Fsrchnum.htm&r=1&f=G&l=50&s1=7156088.PN.&OS=PN/7156088&RS=PN/7156088
2007,Solar Inverter,7158395,"Method and apparatus for tracking maximum power point for inverters, for example, in photovoltaic applications ","Dearborn, MI",MI,USA,http://patft.uspto.gov/netacgi/nph-Parser?Sect2=PTO1&Sect2=HITOFF&p=1&u=/netahtml/PTO/search-bool.html&r=1&f=G&l=50&d=PALL&RefSrch=yes&Query=PN/7158395
2007,Solar Inverter,7161082,Photovoltaic power generation systems and methods of controlling photovoltaic power generation systems,Tokyo,N/A,Japan,http://patft.uspto.gov/netacgi/nph-Parser?Sect2=PTO1&Sect2=HITOFF&p=1&u=/netahtml/PTO/search-bool.html&r=1&f=G&l=50&d=PALL&RefSrch=yes&Query=PN/7161082
2007,Solar Monitoring,7187277,Monitoring terminal device,Tokyo,N/A,Japan,http://patft.uspto.gov/netacgi/nph-Parser?Sect1=PTO1&Sect2=HITOFF&d=PALL&p=1&u=%2Fnetahtml%2FPTO%2Fsrchnum.htm&r=1&f=G&l=50&s1=7187277.PN.&OS=PN/7187277&RS=PN/7187277
2007,Solar Inverter,7227278,Multiple bi-directional input/output power control system ,"Hauppauge, NY",NY,USA,http://patft.uspto.gov/netacgi/nph-Parser?Sect1=PTO1&Sect2=HITOFF&d=PALL&p=1&u=%2Fnetahtml%2FPTO%2Fsrchnum.htm&r=1&f=G&l=50&s1=7227278.PN.&OS=PN/7227278&RS=PN/7227278
2007,Solar Monitoring,7230532,Wireless sensor system ,Oberhaching,N/A,Germany,http://patft.uspto.gov/netacgi/nph-Parser?Sect1=PTO1&Sect2=HITOFF&d=PALL&p=1&u=%2Fnetahtml%2FPTO%2Fsrchnum.htm&r=1&f=G&l=50&s1=7230532.PN.&OS=PN/7230532&RS=PN/7230532
2007,Solar Inverter,7256566,Method and apparatus for determining a maximum power point of photovoltaic cells,"Dearborn, MI",MI,USA,http://patft.uspto.gov/netacgi/nph-Parser?Sect2=PTO1&Sect2=HITOFF&p=1&u=/netahtml/PTO/search-bool.html&r=1&f=G&l=50&d=PALL&RefSrch=yes&Query=PN/7256566
2007,Solar Mounting/Rack  ,7260918,Apparatus and method for positioning a module on an object,"Albuquerque, NM",NM,USA,http://patft.uspto.gov/netacgi/nph-Parser?Sect1=PTO2&Sect2=HITOFF&p=1&u=%2Fnetahtml%2Fsearch-adv.htm&r=0&f=S&l=50&d=PALL&Query=ref/7260918
2007,Solar Monitoring,7274975,Optimized energy management system,"Washington, DC",DC,USA,http://patft.uspto.gov/netacgi/nph-Parser?Sect1=PTO1&Sect2=HITOFF&d=PALL&p=1&u=%2Fnetahtml%2FPTO%2Fsrchnum.htm&r=1&f=G&l=50&s1=7274975.PN.&OS=PN/7274975&RS=PN/7274975
2007,Solar Mounting/Rack  ,7297866,Ventilated photovoltaic module frame,"San Jose, CA",CA,USA,http://patft.uspto.gov/netacgi/nph-Parser?Sect1=PTO1&Sect2=HITOFF&d=PALL&p=1&u=%2Fnetahtml%2FPTO%2Fsrchnum.htm&r=1&f=G&l=50&s1=7297866.PN.&OS=PN/7297866&RS=PN/7297866
2007,Site Assessment,7305983,Assessment of solar energy potential on existing buildings in a region ,"Honolulu, HI",HI,USA,http://patft.uspto.gov/netacgi/nph-Parser?Sect1=PTO1&Sect2=HITOFF&d=PALL&p=1&u=%2Fnetahtml%2FPTO%2Fsrchnum.htm&r=1&f=G&l=50&s1=7305983.PN.&OS=PN/7305983&RS=PN/7305983
2007,Solar Mounting/Rack  ,7307209,Photovoltaic array ,"Perrysburg, OH",OH,USA,http://patft.uspto.gov/netacgi/nph-Parser?Sect1=PTO1&Sect2=HITOFF&d=PALL&p=1&u=%2Fnetahtml%2FPTO%2Fsrchnum.htm&r=1&f=G&l=50&s1=7307209.PN.&OS=PN/7307209&RS=PN/7307209
2007,Solar Monitoring,7310052,Wireless meter-reading system and methods thereof ,"(Henderson, NV)",NV,USA,http://patft.uspto.gov/netacgi/nph-Parser?Sect1=PTO1&Sect2=HITOFF&d=PALL&p=1&u=%2Fnetahtml%2FPTO%2Fsrchnum.htm&r=1&f=G&l=50&s1=7310052.PN.&OS=PN/7310052&RS=PN/7310052
2008,Solar Inverter,7324361,Solar array inverter with maximum power tracking,"(Torrance, CA)",CA,USA,http://patft.uspto.gov/netacgi/nph-Parser?Sect1=PTO1&Sect2=HITOFF&d=PALL&p=1&u=%2Fnetahtml%2FPTO%2Fsrchnum.htm&r=1&f=G&l=50&s1=7324361.PN.&OS=PN/7324361&RS=PN/7324361
2008,Solar Monitoring,7333916,Performance monitor for a photovoltaic supply ,"Warrenville, IL",IL,USA,http://patft.uspto.gov/netacgi/nph-Parser?Sect1=PTO1&Sect2=HITOFF&d=PALL&p=1&u=%2Fnetahtml%2FPTO%2Fsrchnum.htm&r=1&f=G&l=50&s1=7333916.PN.&OS=PN/7333916&RS=PN/7333916
2008,Solar Monitoring,7336201,Remote access energy meter system and method,"Mineola, NY",NY,USA,http://patft.uspto.gov/netacgi/nph-Parser?Sect1=PTO1&Sect2=HITOFF&d=PALL&p=1&u=%2Fnetahtml%2FPTO%2Fsrchnum.htm&r=1&f=G&l=50&s1=7336201.PN.&OS=PN/7336201&RS=PN/7336201
2008,Solar Inverter,7338311,Protective device for a load current carrying apparatus ,Niestetal,N/A,Germany,http://patft.uspto.gov/netacgi/nph-Parser?Sect1=PTO1&Sect2=HITOFF&d=PALL&p=1&u=%2Fnetahtml%2FPTO%2Fsrchnum.htm&r=1&f=G&l=50&s1=7338311.PN.&OS=PN/7338311&RS=PN/7338311
2008,Solar Inverter,7352549,Method of automatically recognizing an electrical system,Niestetal,N/A,Germany,http://patft.uspto.gov/netacgi/nph-Parser?Sect1=PTO1&Sect2=HITOFF&d=PALL&p=1&u=%2Fnetahtml%2FPTO%2Fsrchnum.htm&r=1&f=G&l=50&s1=7352549.PN.&OS=PN/7352549&RS=PN/7352549
2008,Solar Mounting/Rack  ,7365266,Method and system for mounting photovoltaic material,"Auburn Hills, MI",MI,USA,http://patft.uspto.gov/netacgi/nph-Parser?Sect1=PTO1&Sect2=HITOFF&d=PALL&p=1&u=%2Fnetahtml%2FPTO%2Fsrchnum.htm&r=1&f=G&l=50&s1=7365266.PN.&OS=PN/7365266&RS=PN/7365266
2008,Solar Inverter,7372709,Power conditioning system for energy sources,"Chicago, IL",IL,USA,http://patft.uspto.gov/netacgi/nph-Parser?Sect1=PTO1&Sect2=HITOFF&d=PALL&p=1&u=%2Fnetahtml%2FPTO%2Fsrchnum.htm&r=1&f=G&l=50&s1=7372709.PN.&OS=PN/7372709&RS=PN/7372709
2008,Solar Monitoring,7394237,Maximum power point tracking method and tracking device thereof for a solar power system ,Taipei Hsien,N/A,Taiwan,http://patft.uspto.gov/netacgi/nph-Parser?Sect1=PTO1&Sect2=HITOFF&d=PALL&p=1&u=%2Fnetahtml%2FPTO%2Fsrchnum.htm&r=1&f=G&l=50&s1=7394237.PN.&OS=PN/7394237&RS=PN/7394237
2008,Solar Inverter,7397653,Inverter design ,"Bend, OR",OR,USA,http://patft.uspto.gov/netacgi/nph-Parser?Sect1=PTO1&Sect2=HITOFF&d=PALL&p=1&u=%2Fnetahtml%2FPTO%2Fsrchnum.htm&r=1&f=G&l=50&s1=7397653.PN.&OS=PN/7397653&RS=PN/7397653
2008,Solar Mounting/Rack,7406800,Mounting system for a solar panel,"Saratoga, CA",USA,USA,http://patft.uspto.gov/netacgi/nph-Parser?Sect2=PTO1&Sect2=HITOFF&p=1&u=/netahtml/PTO/search-bool.html&r=1&f=G&l=50&d=PALL&RefSrch=yes&Query=PN/7406800
2008,Solar Inverter,7411802,"Method of converting a direct current voltage from a source of direct current voltage, more specifically from a photovoltaic source of direct current voltage, into a alternating current voltage ",Niestetal,N/A,Germany,http://patft.uspto.gov/netacgi/nph-Parser?Sect1=PTO1&Sect2=HITOFF&d=PALL&p=1&u=%2Fnetahtml%2FPTO%2Fsrchnum.htm&r=1&f=G&l=50&s1=7411802.PN.&OS=PN/7411802&RS=PN/7411802
2008,Solar Inverter,7414870,Inverter,Ludenscheid,N/A,Germany,http://patft.uspto.gov/netacgi/nph-Parser?Sect1=PTO1&Sect2=HITOFF&d=PALL&p=1&u=%2Fnetahtml%2FPTO%2Fsrchnum.htm&r=1&f=G&l=50&s1=7414870.PN.&OS=PN/7414870&RS=PN/7414870
2008,Solar Inverter,7432618,Inverter Anti-Islanding Method,Bend OR,OR,USA,http://patft.uspto.gov/netacgi/nph-Parser?Sect2=PTO1&Sect2=HITOFF&p=1&u=/netahtml/PTO/search-bool.html&r=1&f=G&l=50&d=PALL&RefSrch=yes&Query=PN/7432618
2008,Solar Inverter,7433215,Inverter startup algorithm ,"Bend, OR",OR,USA,http://patft.uspto.gov/netacgi/nph-Parser?Sect1=PTO1&Sect2=HITOFF&d=PALL&p=1&u=%2Fnetahtml%2FPTO%2Fsrchnum.htm&r=1&f=G&l=50&s1=7433215.PN.&OS=PN/7433215&RS=PN/7433215
2008,Solar Mounting/Rack  ,7434362,System for removably and adjustably mounting a device on a surface,"Albuquerque, NM",NM,USA,http://patft.uspto.gov/netacgi/nph-Parser?Sect1=PTO1&Sect2=HITOFF&d=PALL&p=1&u=%2Fnetahtml%2FPTO%2Fsrchnum.htm&r=1&f=G&l=50&s1=7434362.PN.&OS=PN/7434362&RS=PN/7434362
2008,Solar Mounting/Rack  ,7435134,Photovoltaic module mounting clip with integral grounding,"Richmond, CA",CA,USA,http://patft.uspto.gov/netacgi/nph-Parser?Sect1=PTO1&Sect2=HITOFF&d=PALL&p=1&u=%2Fnetahtml%2FPTO%2Fsrchnum.htm&r=1&f=G&l=50&s1=7435134.PN.&OS=PN/7435134&RS=PN/7435134
2008,Solar Mounting/Rack  ,7435897,Apparatus and method for mounting photovoltaic power generating systems on buildings ,"Billerica, MA",MA,USA,http://patft.uspto.gov/netacgi/nph-Parser?Sect1=PTO1&Sect2=HITOFF&d=PALL&p=1&u=%2Fnetahtml%2FPTO%2Fsrchnum.htm&r=1&f=G&l=50&s1=7435897.PN.&OS=PN/7435897&RS=PN/7435897
2008,Solar Inverter,7465872,Photovoltaic power converter system with a controller configured to actively compensate load harmonics ,"Niskayuna, NY",NY,USA,http://patft.uspto.gov/netacgi/nph-Parser?Sect2=PTO1&Sect2=HITOFF&p=1&u=/netahtml/PTO/search-bool.html&r=1&f=G&l=50&d=PALL&RefSrch=yes&Query=PN/7465872
2008,Solar Inverter,7471073,Method of finding a maximum power of a photovoltaic generator ,Niestetal,N/A,Germany,http://patft.uspto.gov/netacgi/nph-Parser?Sect1=PTO1&Sect2=HITOFF&d=PALL&p=1&u=%2Fnetahtml%2FPTO%2Fsrchnum.htm&r=1&f=G&l=50&s1=7471073.PN.&OS=PN/7471073&RS=PN/7471073
2009,Solar Mounting/Rack  ,7476832,Seasonally adjustable mounting system for solar panels having dual motor assembly ,"(Hoffman Estates, IL)",IL,USA,http://patft.uspto.gov/netacgi/nph-Parser?Sect1=PTO1&Sect2=HITOFF&d=PALL&p=1&u=%2Fnetahtml%2FPTO%2Fsrchnum.htm&r=1&f=G&l=50&s1=7476832.PN.&OS=PN/7476832&RS=PN/7476832
2009,Solar Inverter,7479774,High-performance solar photovoltaic (PV) energy conversion system ,Taoyuan ,N/A,Taiwan,http://patft.uspto.gov/netacgi/nph-Parser?Sect1=PTO1&Sect2=HITOFF&d=PALL&p=1&u=%2Fnetahtml%2FPTO%2Fsrchnum.htm&r=1&f=G&l=50&s1=7479774.PN.&OS=PN/7479774&RS=PN/7479774
2009,Solar Mounting/Rack,7481211,Solar panel mounting structure,"New York, NY",NY,USA,http://patft.uspto.gov/netacgi/nph-Parser?Sect1=PTO1&Sect2=HITOFF&d=PALL&p=1&u=%2Fnetahtml%2FPTO%2Fsrchnum.htm&r=1&f=G&l=50&s1=7481211.PN.&OS=PN/7481211&RS=PN/7481211
2009,Solar Mounting/Rack  ,7484507,Method and apparatus for mounting an array of solar collectors ,Vaughn ,N/A,Canada,http://patft.uspto.gov/netacgi/nph-Parser?Sect1=PTO1&Sect2=HITOFF&d=PALL&p=1&u=%2Fnetahtml%2FPTO%2Fsrchnum.htm&r=1&f=G&l=50&s1=7484507.PN.&OS=PN/7484507&RS=PN/7484507
2009,Solar Monitoring,7498953,Smart transmitter for utility meters ,"Ocala, FL",FL,USA,http://patft.uspto.gov/netacgi/nph-Parser?Sect1=PTO1&Sect2=HITOFF&d=PALL&p=1&u=%2Fnetahtml%2FPTO%2Fsrchnum.htm&r=1&f=G&l=50&s1=7498953.PN.&OS=PN/7498953&RS=PN/7498953
2009,Site Assessment,7500391,System and method for identifying the solar potential of rooftops ,"Boulder, CO",CO,USA,http://patft.uspto.gov/netacgi/nph-Parser?Sect1=PTO1&Sect2=HITOFF&d=PALL&p=1&u=%2Fnetahtml%2FPTO%2Fsrchnum.htm&r=1&f=G&l=50&s1=7500391.PN.&OS=PN/7500391&RS=PN/7500391
2009,Solar Inverter,7502241,Inverter startup algorithm ,"Bend, OR",OR,USA,http://patft.uspto.gov/netacgi/nph-Parser?Sect1=PTO1&Sect2=HITOFF&d=PALL&p=1&u=%2Fnetahtml%2FPTO%2Fsrchnum.htm&r=1&f=G&l=50&s1=7502241.PN.&OS=PN/7502241&RS=PN/7502241
2009,Site Assessment,7516557,Solar site selection apparatus and method ,"(Linden, TN)",TN,USA,http://patft.uspto.gov/netacgi/nph-Parser?Sect2=PTO1&Sect2=HITOFF&p=1&u=/netahtml/PTO/search-bool.html&r=1&f=G&l=50&d=PALL&RefSrch=yes&Query=PN/7516557
2009,Solar Monitoring,7519503,Data handling system ,Bergen,N/A,Norway,http://patft.uspto.gov/netacgi/nph-Parser?Sect1=PTO1&Sect2=HITOFF&d=PALL&p=1&u=%2Fnetahtml%2FPTO%2Fsrchnum.htm&r=1&f=G&l=50&s1=7519503.PN.&OS=PN/7519503&RS=PN/7519503
2009,Solar Mounting/Rack,7531741,Tracking solar shelter ,"Albuquerque, NM",NM,USA,http://patft.uspto.gov/netacgi/nph-Parser?Sect1=PTO1&Sect2=HITOFF&d=PALL&p=1&u=%2Fnetahtml%2FPTO%2Fsrchnum.htm&r=1&f=G&l=50&s1=7531741.PN.&OS=PN/7531741&RS=PN/7531741
2009,Solar Mounting/Rack  ,7557292,Modular shade system with solar tracking panels,"Richmond, CA",CA,USA,http://patft.uspto.gov/netacgi/nph-Parser?Sect1=PTO1&Sect2=HITOFF&d=PALL&p=1&u=%2Fnetahtml%2FPTO%2Fsrchnum.htm&r=1&f=G&l=50&s1=7557292.PN.&OS=PN/7557292&RS=PN/7557292
2009,Solar Inverter,7564013,Method for matching the power of a photovoltaic system to a working point at which the system produces maximum power ,Niestetal,N/A,Germany,http://patft.uspto.gov/netacgi/nph-Parser?Sect1=PTO1&Sect2=HITOFF&d=PALL&p=1&u=%2Fnetahtml%2FPTO%2Fsrchnum.htm&r=1&f=G&l=50&s1=7564013.PN.&OS=PN/7564013&RS=PN/7564013
2009,Solar Mounting/Rack  ,7574842,Apparatus for mounting photovoltaic power generating systems on buildings ,"Billerica, MA",MA,USA,http://patft.uspto.gov/netacgi/nph-Parser?Sect1=PTO1&Sect2=HITOFF&d=PALL&p=1&u=%2Fnetahtml%2FPTO%2Fsrchnum.htm&r=1&f=G&l=50&s1=7574842.PN.&OS=PN/7574842&RS=PN/7574842
2009,Solar Mounting/Rack; ,7576282,Photovoltaic Awning structures,"Sharon Center, OH",OH,USA,http://patft.uspto.gov/netacgi/nph-Parser?Sect2=PTO1&Sect2=HITOFF&p=1&u=/netahtml/PTO/search-bool.html&r=1&f=G&l=50&d=PALL&RefSrch=yes&Query=PN/7576282
2009,Solar Mounting/Rack  ,7592537,Method and apparatus for mounting photovoltaic modules ,"San Rafael, CA",CA,USA,http://patft.uspto.gov/netacgi/nph-Parser?Sect1=PTO1&Sect2=HITOFF&d=PALL&p=1&u=%2Fnetahtml%2FPTO%2Fsrchnum.htm&r=1&f=G&l=50&s1=7592537.PN.&OS=PN/7592537&RS=PN/7592537
2009,Solar Mounting/Rack  ,7600349,Low profile mounting system,"Albuquerque, NM",NM,USA,http://patft.uspto.gov/netacgi/nph-Parser?Sect1=PTO1&Sect2=HITOFF&d=PALL&p=1&u=%2Fnetahtml%2FPTO%2Fsrchnum.htm&r=1&f=G&l=50&s1=7600349.PN.&OS=PN/7600349&RS=PN/7600349
2009,Solar Inverter,7605498,Highly efficient solar power systems,"Fort Collins, CO",CO,USA,http://patft.uspto.gov/netacgi/nph-Parser?Sect2=PTO1&Sect2=HITOFF&p=1&u=/netahtml/PTO/search-bool.html&r=1&f=G&l=50&d=PALL&RefSrch=yes&Query=PN/7605498
2009,Solar Monitoring,7610174,System for assured reliability in DC to AC power converters ,"Santa Clara, CA",CA,USA,http://patft.uspto.gov/netacgi/nph-Parser?Sect2=PTO1&Sect2=HITOFF&p=1&u=/netahtml/PTO/search-bool.html&r=1&f=G&l=50&d=PALL&RefSrch=yes&Query=PN/7610174
2009,Solar Mounting/Rack,7619200,Device system and method for coupling multiple photovoltaic arrays,"Fort Collins, CO",CO,USA,http://patft.uspto.gov/netacgi/nph-Parser?Sect2=PTO1&Sect2=HITOFF&p=1&u=/netahtml/PTO/search-bool.html&r=1&f=G&l=50&d=PALL&RefSrch=yes&Query=PN/7619200
2009,Solar Mounting/Rack,7622666,Photovoltaic concentrator modules and systems having a heat dissipating element located within a volume in which light rays converge from an optical concentrating element towards a photovoltaic receiver ,"Monrovia, CA",CA,USA,http://patft.uspto.gov/netacgi/nph-Parser?Sect1=PTO1&Sect2=HITOFF&d=PALL&p=1&u=%2Fnetahtml%2FPTO%2Fsrchnum.htm&r=1&f=G&l=50&s1=7622666.PN.&OS=PN/7622666&RS=PN/7622666
2009,Solar Monitoring,7622912,Method for enabling monitoring of power consumption ,"San Jose, CA",CA,USA,http://patft.uspto.gov/netacgi/nph-Parser?Sect1=PTO1&Sect2=HITOFF&d=PALL&p=1&u=%2Fnetahtml%2FPTO%2Fsrchnum.htm&r=1&f=G&l=50&s1=7622912.PN.&OS=PN/7622912&RS=PN/7622912
2009,Solar Mounting/Rack,7632109,Electrical connecting apparatus for flat conductors ,Detmold,N/A,Germany,http://patft.uspto.gov/netacgi/nph-Parser?Sect1=PTO1&Sect2=HITOFF&d=PALL&p=1&u=%2Fnetahtml%2FPTO%2Fsrchnum.htm&r=1&f=G&l=50&s1=7632109.PN.&OS=PN/7632109&RS=PN/7632109
2010,Solar Mounting/Rack,7648371,Electrical connector arrangement for knife contacts,Detmold,N/A,Germany,http://patft.uspto.gov/netacgi/nph-Parser?Sect1=PTO1&Sect2=HITOFF&d=PALL&p=1&u=%2Fnetahtml%2FPTO%2Fsrchnum.htm&r=1&f=G&l=50&s1=7648371.PN.&OS=PN/7648371&RS=PN/7648371
2010,Solar Mounting/Rack  ,7658356,"Mounting bracket for solar panel applications
","Wayne, MI",MI,USA,http://patft.uspto.gov/netacgi/nph-Parser?Sect1=PTO1&Sect2=HITOFF&d=PALL&p=1&u=%2Fnetahtml%2FPTO%2Fsrchnum.htm&r=1&f=G&l=50&s1=7658356.PN.&OS=PN/7658356&RS=PN/7658356
2010,Solar Inverter,7667963,Mount module for an inverter and inverter having a plurality of mount modules ,Wagen ,N/A,Germany,http://patft.uspto.gov/netacgi/nph-Parser?Sect2=PTO1&Sect2=HITOFF&p=1&u=/netahtml/PTO/search-bool.html&r=1&f=G&l=50&d=PALL&RefSrch=yes&Query=PN/7667963
2010,Solar Inverter,7672149,Device for feeding electrical energy from an energy source ,Niestetal,N/A,Germany,http://patft.uspto.gov/netacgi/nph-Parser?Sect1=PTO1&Sect2=HITOFF&d=PALL&p=1&u=%2Fnetahtml%2FPTO%2Fsrchnum.htm&r=1&f=G&l=50&s1=7672149.PN.&OS=PN/7672149&RS=PN/7672149
2010,Solar Mounting/Rack  ,7678991,Rigid integrated photovoltaic roofing membrane and related methods of manufacturing same ,"Dallas, TX",TX,USA,http://patft.uspto.gov/netacgi/nph-Parser?Sect2=PTO1&Sect2=HITOFF&p=1&u=/netahtml/PTO/search-bool.html&r=1&f=G&l=50&d=PALL&RefSrch=yes&Query=PN/7678991
2010,Site Assessment,7690123,A skyline imaging system includes an image sensor and an inclination reference coupled to the image sensor. The inclination reference provides a righting moment for the image sensor and establishes a predetermined orientation for the image sensor relative to the Earth's gravity vector. A heading reference determines an azimuth heading for the image sensor. ,"Sebastopol, CA",CA,USA,http://patft.uspto.gov/netacgi/nph-Parser?Sect1=PTO1&Sect2=HITOFF&d=PALL&p=1&u=%2Fnetahtml%2FPTO%2Fsrchnum.htm&r=1&f=G&l=50&s1=7690123.PN.&OS=PN/7690123&RS=PN/7690123
2010,Solar Mounting/Rack,7692091,Shape memory alloy motor as incorporated into solar tracking mechanism,"(Harrisonburg, VA), ",VA,USA,http://patft.uspto.gov/netacgi/nph-Parser?Sect1=PTO1&Sect2=HITOFF&d=PALL&p=1&u=%2Fnetahtml%2FPTO%2Fsrchnum.htm&r=1&f=G&l=50&s1=7692091.PN.&OS=PN/7692091&RS=PN/7692091
2010,Solar Mounting/Rack  ,7703246,Solar panel mounting structure,"Antioch, CA",CA,USA,http://patft.uspto.gov/netacgi/nph-Parser?Sect2=PTO1&Sect2=HITOFF&p=1&u=/netahtml/PTO/search-bool.html&r=1&f=G&l=50&d=PALL&RefSrch=yes&Query=PN/7703246
2010,Solar Mounting/Rack,7705277,Sun tracking solar panels,"San Diego, CA",CA,USA,"http://patft.uspto.gov/netacgi/nph-Parser?Sect1=PTO1&Sect2=HITOFF&d=PALL&p=1&u=%2Fnetahtml%2FPTO%2Fsrchnum.htm&r=1&f=G&l=50&s1=7,705,277.PN.&OS=PN/7,705,277&RS=PN/7,705,277"
2010,Solar Monitoring,7706990,SYSTEMS AND METHODS FOR MEASURING UTILIZED GENERATION OF AT-PREMISE RENEWABLE POWER SYSTEMS ,"Cold Spring, NY",NY,USA,http://patft.uspto.gov/netacgi/nph-Parser?Sect2=PTO1&Sect2=HITOFF&p=1&u=/netahtml/PTO/search-bool.html&r=1&f=G&l=50&d=PALL&RefSrch=yes&Query=PN/7706990
2010,Solar Inverter,7719140,Systems for boundary controlled solar power conversion ,"Fort Collins, CO",CO,USA,http://patft.uspto.gov/netacgi/nph-Parser?Sect2=PTO1&Sect2=HITOFF&p=1&u=/netahtml/PTO/search-bool.html&r=1&f=G&l=50&d=PALL&RefSrch=yes&Query=PN/7719140
2010,Solar Monitoring,7732949,System for method of predicting power events in an intermittent power environment and dispatching computational operations of an integrated circuit accordingly ,"Armonk, NY",NY,USA,http://patft.uspto.gov/netacgi/nph-Parser?Sect1=PTO1&Sect2=HITOFF&d=PALL&p=1&u=%2Fnetahtml%2FPTO%2Fsrchnum.htm&r=1&f=G&l=50&s1=7732949.PN.&OS=PN/7732949&RS=PN/7732949
2010,Solar Inverter,7733679,"Method for setting switching times, in particular idle times, of an inverter based on detected power and inverter",Pettenbach,N/A,Austria,http://patft.uspto.gov/netacgi/nph-Parser?Sect1=PTO1&Sect2=HITOFF&d=PALL&p=1&u=%2Fnetahtml%2FPTO%2Fsrchnum.htm&r=1&f=G&l=50&s1=7733679.PN.&OS=PN/7733679&RS=PN/7733679
2010,Solar Inverter,7738228,Inverter thermal protection ,"Bend, OR",OR,USA,http://patft.uspto.gov/netacgi/nph-Parser?Sect1=PTO1&Sect2=HITOFF&d=PALL&p=1&u=%2Fnetahtml%2FPTO%2Fsrchnum.htm&r=1&f=G&l=50&s1=7738228.PN.&OS=PN/7738228&RS=PN/7738228
2010,Solar Monitoring,7742897,SYSTEMS AND METHODS FOR MONITORING AND DIAGNOSING THE POWER GENERATED BY RENEWABLE POWER SYSTEMS ,"Cold Spring, NY",NY,USA,http://patft.uspto.gov/netacgi/nph-Parser?Sect1=PTO1&Sect2=HITOFF&d=PALL&p=1&u=%2Fnetahtml%2FPTO%2Fsrchnum.htm&r=1&f=G&l=50&s1=7742897.PN.&OS=PN/7742897&RS=PN/7742897
2010,Solar Mounting/Rack  ,7745722,System for mounting a solar module on a roof or the like and method of installing ,"Warrenville, IL",IL,USA,http://patft.uspto.gov/netacgi/nph-Parser?Sect2=PTO1&Sect2=HITOFF&p=1&u=/netahtml/PTO/search-bool.html&r=1&f=G&l=50&d=PALL&RefSrch=yes&Query=PN/7745722
2010,Solar Mounting/Rack  ,7748175,Method of manufacturing and installing a low profile mounting system,"Albuquerque, NM",NM,USA,http://patft.uspto.gov/netacgi/nph-Parser?Sect1=PTO1&Sect2=HITOFF&d=PALL&p=1&u=%2Fnetahtml%2FPTO%2Fsrchnum.htm&r=1&f=G&l=50&s1=7748175.PN.&OS=PN/7748175&RS=PN/7748175
2010,Solar Monitoring,7750502,Portable weather resistant flow meter system ,"Stafford, TX",TX,USA,http://patft.uspto.gov/netacgi/nph-Parser?Sect1=PTO1&Sect2=HITOFF&d=PALL&p=1&u=%2Fnetahtml%2FPTO%2Fsrchnum.htm&r=1&f=G&l=50&s1=7750502.PN.&OS=PN/7750502&RS=PN/7750502
2010,Solar Inverter,7755916,Methods for minimizing double-frequency ripple power in single-phase power conditioners,Champagne IL,IL,USA,http://patft.uspto.gov/netacgi/nph-Parser?Sect1=PTO1&Sect2=HITOFF&d=PALL&p=1&u=%2Fnetahtml%2FPTO%2Fsrchnum.htm&r=1&f=G&l=50&s1=7755916.PN.&OS=PN/7755916&RS=PN/7755916
2010,Solar Mounting/Rack  ,7766292,System for mounting a photovoltaic module to a surface,"Albuquerque, NM",NM,USA,http://patft.uspto.gov/netacgi/nph-Parser?Sect1=PTO1&Sect2=HITOFF&d=PALL&p=1&u=%2Fnetahtml%2FPTO%2Fsrchnum.htm&r=1&f=G&l=50&s1=7766292.PN.&OS=PN/7766292&RS=PN/7766292
2010,Solar Inverter,7768154,Inverter bus structures and associated methods ,"Bend, OR",OR,USA,http://patft.uspto.gov/netacgi/nph-Parser?Sect1=PTO1&Sect2=HITOFF&d=PALL&p=1&u=%2Fnetahtml%2FPTO%2Fsrchnum.htm&r=1&f=G&l=50&s1=7768154.PN.&OS=PN/7768154&RS=PN/7768154
2010,Solar Inverter,7768155,Method and apparatus for improved burst mode during power conversion,"Petaluma, CA",CA,USA,http://patft.uspto.gov/netacgi/nph-Parser?Sect2=PTO1&Sect2=HITOFF&p=1&u=/netahtml/PTO/search-bool.html&r=1&f=G&l=50&d=PALL&RefSrch=yes&Query=PN/7768155
2010,Solar Inverter ,7768751,System and method for ground fault detection and interruption,"Fort Collins, CO",CO,USA,http://patft.uspto.gov/netacgi/nph-Parser?Sect2=PTO1&Sect2=HITOFF&p=1&u=/netahtml/PTO/search-bool.html&r=1&f=G&l=50&d=PALL&RefSrch=yes&Query=PN/7768751
2010,Solar Inverter,7772716,"Distributed maximum power point tracking system, structure and process","Menlo Park, CA",CA,USA,http://patft.uspto.gov/netacgi/nph-Parser?Sect1=PTO1&Sect2=HITOFF&d=PALL&p=1&u=%2Fnetahtml%2FPTO%2Fsrchnum.htm&r=1&f=G&l=50&s1=7772716.PN.&OS=PN/7772716&RS=PN/7772716
2010,Solar Mounting/Rack  ,7774998,Ventilated photovoltaic module frame,"Palo Alto, CA",CA,USA,http://patft.uspto.gov/netacgi/nph-Parser?Sect1=PTO1&Sect2=HITOFF&d=PALL&p=1&u=%2Fnetahtml%2FPTO%2Fsrchnum.htm&r=1&f=G&l=50&s1=7774998.PN.&OS=PN/7774998&RS=PN/7774998
2010,Solar Monitoring,7779290,Computer implemented systems and methods for pre-emptive service and improved use of service resources ,"San Jose, CA",CA,USA,http://patft.uspto.gov/netacgi/nph-Parser?Sect1=PTO1&Sect2=HITOFF&d=PALL&p=1&u=%2Fnetahtml%2FPTO%2Fsrchnum.htm&r=1&f=G&l=50&s1=7779290.PN.&OS=PN/7779290&RS=PN/7779290
2010,Solar Monitoring,7786716,Nanosatellite solar cell regulator ,El Segundo,CA,USA,http://patft.uspto.gov/netacgi/nph-Parser?Sect1=PTO1&Sect2=HITOFF&d=PALL&p=1&u=%2Fnetahtml%2FPTO%2Fsrchnum.htm&r=1&f=G&l=50&s1=7786716.PN.&OS=PN/7786716&RS=PN/7786716
2010,Solar Monitoring,7795837,Portable solar power supply trailer with a security containment area and multiple power interfaces ,"Stafford, TX",TX,USA,http://patft.uspto.gov/netacgi/nph-Parser?Sect1=PTO1&Sect2=HITOFF&d=PALL&p=1&u=%2Fnetahtml%2FPTO%2Fsrchnum.htm&r=1&f=G&l=50&s1=7795837.PN.&OS=PN/7795837&RS=PN/7795837
2010,Solar Mounting/Rack,7797883,Roof support apparatus for solar panels,"Foster City, CA",CA,USA,http://patft.uspto.gov/netacgi/nph-Parser?Sect1=PTO1&Sect2=HITOFF&d=PALL&p=1&u=%2Fnetahtml%2FPTO%2Fsrchnum.htm&r=1&f=G&l=50&s1=7797883.PN.&OS=PN/7797883&RS=PN/7797883
2010,Solar Mounting/Rack,7799987,Solar Tracker,"Glendale, CA",CA,USA,http://patft.uspto.gov/netacgi/nph-Parser?Sect1=PTO1&Sect2=HITOFF&d=PALL&p=1&u=%2Fnetahtml%2FPTO%2Fsrchnum.htm&r=1&f=G&l=50&s1=7799987.PN.&OS=PN/7799987&RS=PN/7799987
2010,Solar Mounting/Rack  ,7806377,Modular solar panel mounting system ,"Hopewell, NJ",NJ,USA,http://patft.uspto.gov/netacgi/nph-Parser?Sect1=PTO1&Sect2=HITOFF&d=PALL&p=1&u=%2Fnetahtml%2FPTO%2Fsrchnum.htm&r=1&f=G&l=50&s1=7806377.PN.&OS=PN/7806377&RS=PN/7806377
2010,Solar Mounting/Rack  ,7807918,Modular shade system,"Richmond, CA",CA,USA,http://patft.uspto.gov/netacgi/nph-Parser?Sect1=PTO1&Sect2=HITOFF&d=PALL&p=1&u=%2Fnetahtml%2FPTO%2Fsrchnum.htm&r=1&f=G&l=50&s1=7807918.PN.&OS=PN/7807918&RS=PN/7807918
2010,Solar Inverter,7807919,Apparatuses and methods to reduce safety risks associated with photovoltaic systems,"Los Gatos, CA",CA,USA,http://patft.uspto.gov/netacgi/nph-Parser?Sect1=PTO1&Sect2=HITOFF&d=PALL&p=1&u=%2Fnetahtml%2FPTO%2Fsrchnum.htm&r=1&f=G&l=50&s1=7807919.PN.&OS=PN/7807919&RS=PN/7807919
2010,Solar Monitoring,7808127,Multile input channel power control circuit ,"Richardson, TX",TX,USA,http://patft.uspto.gov/netacgi/nph-Parser?Sect1=PTO1&Sect2=HITOFF&d=PALL&p=1&u=%2Fnetahtml%2FPTO%2Fsrchnum.htm&r=1&f=G&l=50&s1=7808127.PN.&OS=PN/7808127&RS=PN/7808127
2010,Solar Mounting/Rack,7812247,"Flexible photovoltaic array with integrated wiring and control circuitry, and associated methods ","Littleton, CO",CO,USA,http://patft.uspto.gov/netacgi/nph-Parser?Sect1=PTO1&Sect2=HITOFF&d=PALL&p=1&u=%2Fnetahtml%2FPTO%2Fsrchnum.htm&r=1&f=G&l=50&s1=7812247.PN.&OS=PN/7812247&RS=PN/7812247
2010,Solar Monitoring,7812592,Method of monitoring a photovoltaic generator ,Niestetal,N/A,Germany,http://patft.uspto.gov/netacgi/nph-Parser?Sect1=PTO1&Sect2=HITOFF&d=PALL&p=1&u=%2Fnetahtml%2FPTO%2Fsrchnum.htm&r=1&f=G&l=50&s1=7812592.PN.&OS=PN/7812592&RS=PN/7812592
2010,Solar Inverter,7813153,Inverter,Niestetal,N/A,Germany,http://patft.uspto.gov/netacgi/nph-Parser?Sect1=PTO1&Sect2=HITOFF&d=PALL&p=1&u=%2Fnetahtml%2FPTO%2Fsrchnum.htm&r=1&f=G&l=50&s1=7813153.PN.&OS=PN/7813153&RS=PN/7813153
2010,Solar Mounting/Rack  ,7814899,Solar panel mounting systems ,"(Los Angeles, CA)",CA,USA,"http://patft.uspto.gov/netacgi/nph-Parser?Sect1=PTO1&Sect2=HITOFF&d=PALL&p=1&u=%2Fnetahtml%2FPTO%2Fsrchnum.htm&r=1&f=G&l=50&s1=7,814,899.PN.&OS=PN/7,814,899&RS=PN/7,814,899"
2010,Solar Inverter,7817419,Solar inverter assembly,Wagen,N/A,Germany,http://patft.uspto.gov/netacgi/nph-Parser?Sect2=PTO1&Sect2=HITOFF&p=1&u=/netahtml/PTO/search-bool.html&r=1&f=G&l=50&d=PALL&RefSrch=yes&Query=PN/7817419
2010,Solar Mounting/Rack; Solar Inverter ,7819114,Plug and play solar panel assembly,"Sunnyvale, CA",CA,USA,http://patft.uspto.gov/netacgi/nph-Parser?Sect1=PTO1&Sect2=HITOFF&d=PALL&p=1&u=%2Fnetahtml%2FPTO%2Fsrchnum.htm&r=1&f=G&l=50&s1=7819114.PN.&OS=PN/7819114&RS=PN/7819114
2010,Solar Monitoring,7819913,UPS having solar powered battery charger ,Taipei Hsien,N/A,Taiwan,http://patft.uspto.gov/netacgi/nph-Parser?Sect1=PTO1&Sect2=HITOFF&d=PALL&p=1&u=%2Fnetahtml%2FPTO%2Fsrchnum.htm&r=1&f=G&l=50&s1=7781913.PN.&OS=PN/7781913&RS=PN/7781913
2010,Solar Mounting/Rack  ,7820906,Photovoltaic receiver,"Mountain View, CA",CA,USA,"http://patft.uspto.gov/netacgi/nph-Parser?Sect1=PTO1&Sect2=HITOFF&d=PALL&p=1&u=%2Fnetahtml%2FPTO%2Fsrchnum.htm&r=1&f=G&l=50&s1=7,820,906.PN.&OS=PN/7,820,906&RS=PN/7,820,906"
2010,Solar Mounting/Rack  ,7823583,Solar collector mounting array,"Pasadena, CA",CA,USA,http://patft.uspto.gov/netacgi/nph-Parser?Sect1=PTO1&Sect2=HITOFF&d=PALL&p=1&u=%2Fnetahtml%2FPTO%2Fsrchnum.htm&r=1&f=G&l=50&s1=7823583.PN.&OS=PN/7823583&RS=PN/7823583
2010,Solar Mounting/Rack;  ,7824189,Junction box for photovoltaic modules,"Berwyn, PA",PA,USA,http://patft.uspto.gov/netacgi/nph-Parser?Sect1=PTO1&Sect2=HITOFF&d=PALL&p=1&u=%2Fnetahtml%2FPTO%2Fsrchnum.htm&r=1&f=G&l=50&s1=7824189.PN.&OS=PN/7824189&RS=PN/7824189
2010,Solar Inverter,7824191,Connector with conductor piercing prongs for a solar panel,"Roanoke, TX",TX,USA,http://patft.uspto.gov/netacgi/nph-Parser?Sect1=PTO1&Sect2=HITOFF&d=PALL&p=1&u=%2Fnetahtml%2FPTO%2Fsrchnum.htm&r=1&f=G&l=50&s1=7824191.PN.&OS=PN/7824191&RS=PN/7824191
2010,Solar Mounting/Rack,7832157,MOUNTING SYSTEM FOR A SOLAR PANEL,"Los Gatos, CA",CA,USA,http://patft.uspto.gov/netacgi/nph-Parser?Sect2=PTO1&Sect2=HITOFF&p=1&u=/netahtml/PTO/search-bool.html&r=1&f=G&l=50&d=PALL&RefSrch=yes&Query=PN/7832157
2010,Site Assessment,7832267,Method for determining temporal solar irradiance values ,"Boulder, CO",CO,USA,http://patft.uspto.gov/netacgi/nph-Parser?Sect1=PTO1&Sect2=HITOFF&d=PALL&p=1&u=%2Fnetahtml%2FPTO%2Fsrchnum.htm&r=1&f=G&l=50&s1=7832267.PN.&OS=PN/7832267&RS=PN/7832267
2010,Solar Monitoring,7834471,Spring powered electric energy storage system ,"Waterford, MI",MI,USA,http://patft.uspto.gov/netacgi/nph-Parser?Sect1=PTO1&Sect2=HITOFF&d=PALL&p=1&u=%2Fnetahtml%2FPTO%2Fsrchnum.htm&r=1&f=G&l=50&s1=7834471.PN.&OS=PN/7834471&RS=PN/7834471
2010,Solar Monitoring,7834580,Solar powered apparatus ,"West Kingston, RI",RI,USA,patft.uspto.gov/netacgi/nph-Parser?Sect1=PTO1&Sect2=HITOFF&d=PALL&p=1&u=%2Fnetahtml%2FPTO%2Fsrchnum.htm&r=1&f=G&l=50&s1=7834580.PN.&OS=PN/7834580&RS=PN/7834580
2010,Solar Inverter,7843085,Systems for highly efficient solar power,"Fort Collins, CO",CO,USA,http://patft.uspto.gov/netacgi/nph-Parser?Sect2=PTO1&Sect2=HITOFF&p=1&u=/netahtml/PTO/search-bool.html&r=1&f=G&l=50&d=PALL&RefSrch=yes&Query=PN/7843085
2010,Solar Inverter,7843714,"Inverter, more specifically for photovoltaic plants ",Niestetal,N/A,Germany,http://patft.uspto.gov/netacgi/nph-Parser?Sect1=PTO1&Sect2=HITOFF&d=PALL&p=1&u=%2Fnetahtml%2FPTO%2Fsrchnum.htm&r=1&f=G&l=50&s1=7843714.PN.&OS=PN/7843714&RS=PN/7843714
2010,Solar Monitoring,7844568,System and method for data processing and transferring in a multi computer environment for energy reporting and forecasting,"Wilmington, DE",DE,USA,http://patft.uspto.gov/netacgi/nph-Parser?Sect2=PTO1&Sect2=HITOFF&p=1&u=/netahtml/PTO/search-bool.html&r=1&f=G&l=50&d=PALL&RefSrch=yes&Query=PN/7844568
2010,Solar Mounting/Rack  ,7845128,Unitized building integrated photovoltaic conversion module,"Alameda, CA",CA,USA,http://patft.uspto.gov/netacgi/nph-Parser?Sect2=PTO1&Sect2=HITOFF&p=1&u=/netahtml/PTO/search-bool.html&r=1&f=G&l=50&d=PALL&RefSrch=yes&Query=PN/7845128
2010,Solar Mounting/Rack  ,7847181,Building integrated photovoltaic conversion system implemented with integrated control management units ,"Alameda, CA",CA,USA,http://patft.uspto.gov/netacgi/nph-Parser?Sect2=PTO1&Sect2=HITOFF&p=1&u=/netahtml/PTO/search-bool.html&r=1&f=G&l=50&d=PALL&RefSrch=yes&Query=PN/7847181
2010,Solar Monitoring,7847436,Modular power supply ,"(Milpitas, CA)",CA,USA,http://patft.uspto.gov/netacgi/nph-Parser?Sect2=PTO1&Sect2=HITOFF&p=1&u=/netahtml/PTO/search-bool.html&r=1&f=G&l=50&d=PALL&RefSrch=yes&Query=PN/7847436
2010,Solar Mounting/Rack  ,7849849,Frame assembly for mounting solar modules ,Rangsdorf,N/A,Germany,http://patft.uspto.gov/netacgi/nph-Parser?Sect1=PTO1&Sect2=HITOFF&d=PALL&p=1&u=%2Fnetahtml%2FPTO%2Fsrchnum.htm&r=1&f=G&l=50&s1=7849849.PN.&OS=PN/7849849&RS=PN/7849849
2010,Solar Inverter,7855473,Apparatus for phase rotation for a three-phase AC circuit ,"Petaluma, CA",CA,USA,http://patft.uspto.gov/netacgi/nph-Parser?Sect2=PTO1&Sect2=HITOFF&p=1&u=/netahtml/PTO/search-bool.html&r=1&f=G&l=50&d=PALL&RefSrch=yes&Query=PN/7855473
2010,Solar Mounting/Rack  ,7856769,Rack assembly for mounting solar modules,"Berkeley, CA",CA,USA,http://patft.uspto.gov/netacgi/nph-Parser?Sect1=PTO1&Sect2=HITOFF&d=PALL&p=1&u=%2Fnetahtml%2FPTO%2Fsrchnum.htm&r=1&f=G&l=50&s1=7856769.PN.&OS=PN/7856769&RS=PN/7856769
2010,Solar Mounting/Rack  ,7858874,Continuous circuit overlay solar shingles,"(Kensington, MD)",MD,USA,http://patft.uspto.gov/netacgi/nph-Parser?Sect1=PTO1&Sect2=HITOFF&d=PALL&p=1&u=%2Fnetahtml%2FPTO%2Fsrchnum.htm&r=1&f=G&l=50&s1=7858874.PN.&OS=PN/7858874&RS=PN/7858874
2011,Site Assessment,7861422,Skyline imaging system for solar access determination ,"Sebastopol, CA",CA,USA,http://patft.uspto.gov/netacgi/nph-Parser?Sect1=PTO1&Sect2=HITOFF&d=PALL&p=1&u=%2Fnetahtml%2FPTO%2Fsrchnum.htm&r=1&f=G&l=50&s1=7861422.PN.&OS=PN/7861422&RS=PN/7861422
2011,Solar Mounting/Rack,7866098,MOUNTING SYSTEM FOR A SOLAR PANEL,"Saratoga, CA",CA,USA,http://patft.uspto.gov/netacgi/nph-Parser?Sect2=PTO1&Sect2=HITOFF&p=1&u=/netahtml/PTO/search-bool.html&r=1&f=G&l=50&d=PALL&RefSrch=yes&Query=PN/7866098
2011,Solar Mounting/Rack  ,7866099,Mounting structure of solar cell module,Osaka-shi,N/A,Japan,http://patft.uspto.gov/netacgi/nph-Parser?Sect1=PTO1&Sect2=HITOFF&d=PALL&p=1&u=%2Fnetahtml%2FPTO%2Fsrchnum.htm&r=1&f=G&l=50&s1=7866099.PN.&OS=PN/7866099&RS=PN/7866099
2011,Solar Inverter,7868482,"Method and apparatus for high efficiency rectification for various loads 
","Ligonier, PA",PA,USA,http://patft.uspto.gov/netacgi/nph-Parser?Sect1=PTO1&Sect2=HITOFF&d=PALL&p=1&u=%2Fnetahtml%2FPTO%2Fsrchnum.htm&r=1&f=G&l=50&s1=7868482.PN.&OS=PN/7868482&RS=PN/7868482
2011,Solar Monitoring,7872375,Multiple bi-directional input/output power control system ,"Detroit, MI",MI,USA,http://patft.uspto.gov/netacgi/nph-Parser?Sect1=PTO1&Sect2=HITOFF&d=PALL&p=1&u=%2Fnetahtml%2FPTO%2Fsrchnum.htm&r=1&f=G&l=50&s1=7872375.PN.&OS=PN/7872375&RS=PN/7872375
2011,Site Assessment,7873490,Solar access measurement device ,"Sebastopol, CA",CA,USA,http://patft.uspto.gov/netacgi/nph-Parser?Sect1=PTO1&Sect2=HITOFF&d=PALL&p=1&u=%2Fnetahtml%2FPTO%2Fsrchnum.htm&r=1&f=G&l=50&s1=7873490.PN.&OS=PN/7873490&RS=PN/7873490
2011,Solar Inverter,7884278,Apparatuses and methods to reduce safety risks associated with photovoltaic systems ,"Los Gatos, CA",CA,USA,http://patft.uspto.gov/netacgi/nph-Parser?Sect1=PTO1&Sect2=HITOFF&d=PALL&p=1&u=%2Fnetahtml%2FPTO%2Fsrchnum.htm&r=1&f=G&l=50&s1=7884278.PN.&OS=PN/7884278&RS=PN/7884278
2011,Solar Inverter,7884500,High voltage array converter,"Sunnyvale, CA",CA,USA,http://patft.uspto.gov/netacgi/nph-Parser?Sect2=PTO1&Sect2=HITOFF&p=1&u=/netahtml/PTO/search-bool.html&r=1&f=G&l=50&d=PALL&RefSrch=yes&Query=PN/7884500
2011,Solar Mounting/Rack  ,7888584,"Solar cell, module, array, network, and power grid ","(Aloha, OR)",OR,USA,http://patft.uspto.gov/netacgi/nph-Parser?Sect1=PTO1&Sect2=HITOFF&d=PALL&p=1&u=%2Fnetahtml%2FPTO%2Fsrchnum.htm&r=1&f=G&l=50&s1=7888584.PN.&OS=PN/7888584&RS=PN/7888584
2011,Solar Mounting/Rack  ,7888587,Modular shade system with solar tracking panels,"Richmond, CA",WA,USA,http://patft.uspto.gov/netacgi/nph-Parser?Sect1=PTO1&Sect2=HITOFF&d=PALL&p=1&u=%2Fnetahtml%2FPTO%2Fsrchnum.htm&r=1&f=G&l=50&s1=7888587.PN.&OS=PN/7888587&RS=PN/7888587
2011,Solar Monitoring,7890217,Integrated real-time power and solar farm control system ,"Schenectady, NY",NY,USA,http://patft.uspto.gov/netacgi/nph-Parser?Sect1=PTO1&Sect2=HITOFF&d=PALL&p=1&u=%2Fnetahtml%2FPTO%2Fsrchnum.htm&r=1&f=G&l=50&s1=7890217.PN.&OS=PN/7890217&RS=PN/7890217
2011,Solar Inverter,7893346,Integrated voltaic energy system ,"(Glen Mills, PA)",PA,USA,http://patft.uspto.gov/netacgi/nph-Parser?Sect1=PTO1&Sect2=HITOFF&d=PALL&p=1&u=%2Fnetahtml%2FPTO%2Fsrchnum.htm&r=1&f=G&l=50&s1=7893346.PN.&OS=PN/7893346&RS=PN/7893346
2011,Solar Mounting/Rack  ,7896000,Integrated thermal and photovoltaic solar collector and method for operation and mounting an array of solar collectors ,Vaughn ,N/A,Canada,http://patft.uspto.gov/netacgi/nph-Parser?Sect1=PTO1&Sect2=HITOFF&d=PALL&p=1&u=%2Fnetahtml%2FPTO%2Fsrchnum.htm&r=1&f=G&l=50&s1=7896000.PN.&OS=PN/7896000&RS=PN/7896000
2011,Solar Monitoring,7898112,Apparatuses and methods to connect power sources to an electric power system,"Los Gatos, CA",CA,USA,http://patft.uspto.gov/netacgi/nph-Parser?Sect1=PTO1&Sect2=HITOFF&d=PALL&p=1&u=%2Fnetahtml%2FPTO%2Fsrchnum.htm&r=1&f=G&l=50&s1=7898112.PN.&OS=PN/7898112&RS=PN/7898112
2011,Solar Inverter,7899035,Communication structure for solar inverters,Vienna,N/A,Austria,http://patft.uspto.gov/netacgi/nph-Parser?Sect1=PTO1&Sect2=HITOFF&d=PALL&p=1&u=%2Fnetahtml%2FPTO%2Fsrchnum.htm&r=1&f=G&l=50&s1=7899035.PN.&OS=PN/7899035&RS=PN/7899035
2011,Solar Inverter,7900361,Current bypass for distributed power harvesting systems using DC power sources,Herzelia,N/A,Israel,http://patft.uspto.gov/netacgi/nph-Parser?Sect1=PTO1&Sect2=HITOFF&d=PALL&p=1&u=%2Fnetahtml%2FPTO%2Fsrchnum.htm&r=1&f=G&l=50&s1=7900361.PN.&OS=PN/7900361&RS=PN/7900361
2008,Solar Mounting/Rack,7900407,Interconnected solar module design and system,Berkley CA,CA,USA,http://patft.uspto.gov/netacgi/nph-Parser?Sect1=PTO1&Sect2=HITOFF&d=PALL&p=1&u=%2Fnetahtml%2FPTO%2Fsrchnum.htm&r=1&f=G&l=50&s1=7900407.PN.&OS=PN/7900407&RS=PN/7900407
2011,Solar Inverter,7906870,"System and method for anti-islanding, such as anti-islanding for a grid-connected photovoltaic inverter ","Bend, OR",OR,USA,http://patft.uspto.gov/netacgi/nph-Parser?Sect1=PTO1&Sect2=HITOFF&d=PALL&p=1&u=%2Fnetahtml%2FPTO%2Fsrchnum.htm&r=1&f=G&l=50&s1=7906870.PN.&OS=PN/7906870&RS=PN/7906870
2011,Solar Mounting/Rack,7908348,Dynamic installation and uninstallation system of renewable energy farm hardware,"Schenectady, NY",NY,USA,http://patft.uspto.gov/netacgi/nph-Parser?Sect1=PTO1&Sect2=HITOFF&d=PALL&p=1&u=%2Fnetahtml%2FPTO%2Fsrchnum.htm&r=1&f=G&l=50&s1=7908348.PN.&OS=PN/7908348&RS=PN/7908348
2011,Solar Monitoring,7913181,Method and Apparatus for Monitoring a Power System,"Schenectady, NY",NY,USA,http://patft.uspto.gov/netacgi/nph-Parser?Sect1=PTO1&Sect2=HITOFF&d=PALL&p=1&u=%2Fnetahtml%2FPTO%2Fsrchnum.htm&r=1&f=G&l=50&s1=7913181.PN.&OS=PN/7913181&RS=PN/7913181
2011,Solar Inverter,7919953,Solar power capacitor alternative switch circuitry system for enhanced capacitor life,"Fort Collins, CO",CO,USA,http://patft.uspto.gov/netacgi/nph-Parser?Sect2=PTO1&Sect2=HITOFF&p=1&u=/netahtml/PTO/search-bool.html&r=1&f=G&l=50&d=PALL&RefSrch=yes&Query=PN/7919953
2011,Solar Mounting/Rack  ,7921607,Apparatus for mounting a solar panel or other article to a roof or other structure ,"Novato, CA",CA,USA,http://patft.uspto.gov/netacgi/nph-Parser?Sect1=PTO1&Sect2=HITOFF&d=PALL&p=1&u=%2Fnetahtml%2FPTO%2Fsrchnum.htm&r=1&f=G&l=50&s1=7921607.PN.&OS=PN/7921607&RS=PN/7921607
2011,Solar Inverter,7924582,"Switching device and method, in particular for photovoltaic generators ",Niestetal,N/A,Germany,http://patft.uspto.gov/netacgi/nph-Parser?Sect1=PTO1&Sect2=HITOFF&d=PALL&p=1&u=%2Fnetahtml%2FPTO%2Fsrchnum.htm&r=1&f=G&l=50&s1=7924582.PN.&OS=PN/7924582&RS=PN/7924582
2011,Solar Monitoring,7925552,RENEWABLE ENERGY SYSTEM MONITOR ,"Foster City, CA",CA,USA,http://patft.uspto.gov/netacgi/nph-Parser?Sect1=PTO1&Sect2=HITOFF&d=PALL&p=1&u=%2Fnetahtml%2FPTO%2Fsrchnum.htm&r=1&f=G&l=50&s1=7925552.PN.&OS=PN/7925552&RS=PN/7925552
2011,Solar Inverter,7929324,Blade architecture array converter ,"Sunnyvale, CA",CA,USA,http://patft.uspto.gov/netacgi/nph-Parser?Sect1=PTO1&Sect2=HITOFF&d=PALL&p=1&u=%2Fnetahtml%2FPTO%2Fsrchnum.htm&r=1&f=G&l=50&s1=7929324.PN.&OS=PN/7929324&RS=PN/7929324
2011,Solar Inverter,7929325,"High efficiency, multi-source photovoltaic inverter ","Niskayuna, NY",NY,USA,http://patft.uspto.gov/netacgi/nph-Parser?Sect2=PTO1&Sect2=HITOFF&p=1&u=/netahtml/PTO/search-bool.html&r=1&f=G&l=50&d=PALL&RefSrch=yes&Query=PN/7929325
2011,Solar Inverter,7929326,Distributed multiphase converters,"Sunnyvale, CA",CA,USA,http://patft.uspto.gov/netacgi/nph-Parser?Sect1=PTO1&Sect2=HITOFF&d=PALL&p=1&u=%2Fnetahtml%2FPTO%2Fsrchnum.htm&r=1&f=G&l=50&s1=7929326.PN.&OS=PN/7929326&RS=PN/7929326
2011,Solar Mounting/Rack ,7931488,Connection and junction box for a solar module,Blomberg,N/A,Germany,http://patft.uspto.gov/netacgi/nph-Parser?Sect1=PTO1&Sect2=HITOFF&d=PALL&p=1&u=%2Fnetahtml%2FPTO%2Fsrchnum.htm&r=1&f=G&l=50&s1=7931488.PN.&OS=PN/7931488&RS=PN/7931488
2011,Solar Mounting/Rack,7938661,Photovoltaic module connector assembly,"Berwyn, PA",PA,USA,http://patft.uspto.gov/netacgi/nph-Parser?Sect1=PTO1&Sect2=HITOFF&d=PALL&p=1&u=%2Fnetahtml%2FPTO%2Fsrchnum.htm&r=1&f=G&l=50&s1=7938661.PN.&OS=PN/7938661&RS=PN/7938661
2011,Solar Inverter,7940032,Power supply having maximum power point tracking function ,Gyunggi-do,N/A,South Korea,http://patft.uspto.gov/netacgi/nph-Parser?Sect1=PTO1&Sect2=HITOFF&d=PALL&p=1&u=%2Fnetahtml%2FPTO%2Fsrchnum.htm&r=1&f=G&l=50&s1=7940032.PN.&OS=PN/7940032&RS=PN/7940032
2011,Solar Inverter,7952897,System for producing electric power from renewable sources and a control method thereof ,Arezzo,N/A,Italy,http://patft.uspto.gov/netacgi/nph-Parser?Sect1=PTO1&Sect2=HITOFF&d=PALL&p=1&u=%2Fnetahtml%2FPTO%2Fsrchnum.htm&r=1&f=G&l=50&s1=7952897.PN.&OS=PN/7952897&RS=PN/7952897
2011,Solar Inverter,7955134,Photovoltaic inverter,Niestetal,N/A,Germany,http://patft.uspto.gov/netacgi/nph-Parser?Sect1=PTO1&Sect2=HITOFF&d=PALL&p=1&u=%2Fnetahtml%2FPTO%2Fsrchnum.htm&r=1&f=G&l=50&s1=7955134.PN.&OS=PN/7955134&RS=PN/7955134
2011,Solar Inverter,7960863,System and method of determining maximum power point tracking for a solar power inverter ,"Bend, OR",OR,USA,http://patft.uspto.gov/netacgi/nph-Parser?Sect1=PTO1&Sect2=HITOFF&d=PALL&p=1&u=%2Fnetahtml%2FPTO%2Fsrchnum.htm&r=1&f=G&l=50&s1=7960863.PN.&OS=PN/7960863&RS=PN/7960863
2011,Solar Monitoring,7962247,"Computer implemented systems and methods for start-up, calibration and troubleshooting of an installed renewable energy system ","Camarillo, CA",CA,USA,http://patft.uspto.gov/netacgi/nph-Parser?Sect1=PTO1&Sect2=HITOFF&d=PALL&p=1&u=%2Fnetahtml%2FPTO%2Fsrchnum.htm&r=1&f=G&l=50&s1=7962247.PN.&OS=PN/7962247&RS=PN/7962247
2011,Solar Monitoring,7962249,Method and system for providing central control in an energy generating system ,"Santa Clara, CA",CA,USA,http://patft.uspto.gov/netacgi/nph-Parser?Sect1=PTO1&Sect2=HITOFF&d=PALL&p=1&u=%2Fnetahtml%2FPTO%2Fsrchnum.htm&r=1&f=G&l=50&s1=7962249.PN.&OS=PN/7962249&RS=PN/7962249
2011,Solar Inverter,7964837,"Photovoltaic inverter interface device, system, and method ","Fort Collins, CO",CO,USA,http://patft.uspto.gov/netacgi/nph-Parser?Sect1=PTO1&Sect2=HITOFF&d=PALL&p=1&u=%2Fnetahtml%2FPTO%2Fsrchnum.htm&r=1&f=G&l=50&s1=7964837.PN.&OS=PN/7964837&RS=PN/7964837
2011,Solar Inverter,7969757,Apparatus providing bias to solar cells ,"Sunnyvale, CA",CA,USA,http://patft.uspto.gov/netacgi/nph-Parser?Sect1=PTO1&Sect2=HITOFF&d=PALL&p=1&u=%2Fnetahtml%2FPTO%2Fsrchnum.htm&r=1&f=G&l=50&s1=7969757.PN.&OS=PN/7969757&RS=PN/7969757
2011,Solar Mounting/Rack  ,7971398,Photovoltaic solar panel mounting system ,"(Santa Rose, CA)",CA,USA,"http://patft.uspto.gov/netacgi/nph-Parser?Sect1=PTO1&Sect2=HITOFF&d=PALL&p=1&u=%2Fnetahtml%2FPTO%2Fsrchnum.htm&r=1&f=G&l=50&s1=7,971,398.PN.&OS=PN/7,971,398&RS=PN/7,971,398"
2011,Solar Mounting/Rack  ,7974079,Integrated mounting system for communication and surveillance infrastructures,"Armonk, NY",NY,USA,http://patft.uspto.gov/netacgi/nph-Parser?Sect1=PTO1&Sect2=HITOFF&d=PALL&p=1&u=%2Fnetahtml%2FPTO%2Fsrchnum.htm&r=1&f=G&l=50&s1=7974079.PN.&OS=PN/7974079&RS=PN/7974079
2011,Solar Inverter ,7977818,Safety device for plug and play solar energy system ,"(New Castle, CO)",CO,USA,http://patft.uspto.gov/netacgi/nph-Parser?Sect1=PTO1&Sect2=HITOFF&d=PALL&p=1&u=%2Fnetahtml%2FPTO%2Fsrchnum.htm&r=1&f=G&l=50&s1=7977818.PN.&OS=PN/7977818&RS=PN/7977818
2011,Solar Inverter,7986122,Method and apparatus for power conversion with maximum power point tracking,"Petaluma, CA",CA,USA,http://patft.uspto.gov/netacgi/nph-Parser?Sect2=PTO1&Sect2=HITOFF&p=1&u=/netahtml/PTO/search-bool.html&r=1&f=G&l=50&d=PALL&RefSrch=yes&Query=PN/7986122
2011,Solar Mounting/Rack,7987641,Mounting system for a solar panel,"Saratoga, CA",CA,USA,http://patft.uspto.gov/netacgi/nph-Parser?Sect2=PTO1&Sect2=HITOFF&p=1&u=/netahtml/PTO/search-bool.html&r=1&f=G&l=50&d=PALL&RefSrch=yes&Query=PN/7987641
2011,Solar Inverter,7990743,System and method for decreasing solar collector system losses ,"Schenectady, NY",NY,USA,http://patft.uspto.gov/netacgi/nph-Parser?Sect1=PTO1&Sect2=HITOFF&d=PALL&p=1&u=%2Fnetahtml%2FPTO%2Fsrchnum.htm&r=1&f=G&l=50&s1=7990743.PN.&OS=PN/7990743&RS=PN/7990743
2011,Solar Monitoring,8004113,Methods and apparatuses for operating devices with solar power ,"Cupertino, CA",CA,USA,http://patft.uspto.gov/netacgi/nph-Parser?Sect2=PTO1&Sect2=HITOFF&p=1&u=/netahtml/PTO/search-bool.html&r=1&f=G&l=50&d=PALL&RefSrch=yes&Query=PN/8004113
2011,Solar Inverter,8004116,Highly efficient solar power systems,"Fort Collins, CO",CO,USA,http://patft.uspto.gov/netacgi/nph-Parser?Sect1=PTO1&Sect2=HITOFF&d=PALL&p=1&u=%2Fnetahtml%2FPTO%2Fsrchnum.htm&r=1&f=G&l=50&s1=8004116.PN.&OS=PN/8004116&RS=PN/8004116
2011,Solar Inverter,8004117,Current bypass for distributed power harvesting systems using DC power sources ,Herzelia,N/A,Israel,http://patft.uspto.gov/netacgi/nph-Parser?Sect1=PTO1&Sect2=HITOFF&d=PALL&p=1&u=%2Fnetahtml%2FPTO%2Fsrchnum.htm&r=1&f=G&l=50&s1=8004117.PN.&OS=PN/8004117&RS=PN/8004117
2011,Solar Monitoring,8004232,Method of Battery Charging and Power Control in Conjunction with Maximum Power Point Tracking,"San Jose, CA",CA,USA,http://patft.uspto.gov/netacgi/nph-Parser?Sect1=PTO1&Sect2=HITOFF&d=PALL&p=1&u=%2Fnetahtml%2FPTO%2Fsrchnum.htm&r=1&f=G&l=50&s1=8004232.PN.&OS=PN/8004232&RS=PN/8004232
2011,Solar Inverter,8013472,Method for distributed power harvesting using DC power sources ,Herzelia,N/A,Israel,http://patft.uspto.gov/netacgi/nph-Parser?Sect1=PTO1&Sect2=HITOFF&d=PALL&p=1&u=%2Fnetahtml%2FPTO%2Fsrchnum.htm&r=1&f=G&l=50&s1=8013472.PN.&OS=PN/8013472&RS=PN/8013472
2011,Solar Monitoring,8013583,Dynamic switch power converter,"Novato, CA",CA,USA,http://patft.uspto.gov/netacgi/nph-Parser?Sect1=PTO1&Sect2=HITOFF&d=PALL&p=1&u=%2Fnetahtml%2FPTO%2Fsrchnum.htm&r=1&f=G&l=50&s1=8013583.PN.&OS=PN/8013583&RS=PN/8013583
2011,Solar Inverter,8018748,Method and system to convert direct current (DC) to alternating current (AC) using a photovoltaic inverter ,"Niskayuna, NY",NY,USA,http://patft.uspto.gov/netacgi/nph-Parser?Sect1=PTO1&Sect2=HITOFF&d=PALL&p=1&u=%2Fnetahtml%2FPTO%2Fsrchnum.htm&r=1&f=G&l=50&s1=8018748.PN.&OS=PN/8018748&RS=PN/8018748
2011,Site Assessment,8019117,Method and apparatus for evaluating solar radiation amount ,Tokyo,N/A,Japan,http://patft.uspto.gov/netacgi/nph-Parser?Sect1=PTO1&Sect2=HITOFF&d=PALL&p=1&u=%2Fnetahtml%2FPTO%2Fsrchnum.htm&r=1&f=G&l=50&s1=8019117.PN.&OS=PN/8019117&RS=PN/8019117
2011,Solar Inverter,8022571,Power management circuitry and solar cells ,"Cupertino, CA",CA,USA,http://patft.uspto.gov/netacgi/nph-Parser?Sect2=PTO1&Sect2=HITOFF&p=1&u=/netahtml/PTO/search-bool.html&r=1&f=G&l=50&d=PALL&RefSrch=yes&Query=PN/8022571
2011,Solar Inverter,8023266,AC photovoltaic module and inverter assembly,"Westford, MA",MA,USA,http://patft.uspto.gov/netacgi/nph-Parser?Sect2=PTO1&Sect2=HITOFF&p=1&u=/netahtml/PTO/search-bool.html&r=1&f=G&l=50&d=PALL&RefSrch=yes&Query=PN/8023266
2011,Solar Inverter,8023288,"Inverter for grounded direct current source, more specifically for a photovoltaic generator ",Niestetal,N/A,Germany,http://patft.uspto.gov/netacgi/nph-Parser?Sect1=PTO1&Sect2=HITOFF&d=PALL&p=1&u=%2Fnetahtml%2FPTO%2Fsrchnum.htm&r=1&f=G&l=50&s1=8023288.PN.&OS=PN/8023288&RS=PN/8023288
2011,Solar Inverter,8023297,High efficiency photovoltaic inverter ,"Niskayuna, NY",NY,USA,http://patft.uspto.gov/netacgi/nph-Parser?Sect1=PTO1&Sect2=HITOFF&d=PALL&p=1&u=%2Fnetahtml%2FPTO%2Fsrchnum.htm&r=1&f=G&l=50&s1=8023297.PN.&OS=PN/8023297&RS=PN/8023297
2011,Solar Monitoring,8024077,Smart Transformer,"San Diego, CA",CA,USA,http://patft.uspto.gov/netacgi/nph-Parser?Sect1=PTO1&Sect2=HITOFF&d=PALL&p=1&u=%2Fnetahtml%2FPTO%2Fsrchnum.htm&r=1&f=G&l=50&s1=8024077.PN.&OS=PN/8024077&RS=PN/8024077
2011,Solar Mounting/Rack,8033859,Connection and junction box for a solar module,Blomberg,N/A,Germany,http://patft.uspto.gov/netacgi/nph-Parser?Sect1=PTO1&Sect2=HITOFF&d=PALL&p=1&u=%2Fnetahtml%2FPTO%2Fsrchnum.htm&r=1&f=G&l=50&s1=8033859.PN.&OS=PN/8033859&RS=PN/8033859
2011,Solar Inverter,8035257,Method and apparatus for improved burst mode during power conversion ,"Petaluma, CA",CA,USA,http://patft.uspto.gov/netacgi/nph-Parser?Sect1=PTO1&Sect2=HITOFF&d=PALL&p=1&u=%2Fnetahtml%2FPTO%2Fsrchnum.htm&r=1&f=G&l=50&s1=8035257.PN.&OS=PN/8035257&RS=PN/8035257
2011,Solar Inverter,8035369,Method for detecting an isolated network,Niestetal,N/A,Germany,http://patft.uspto.gov/netacgi/nph-Parser?Sect1=PTO1&Sect2=HITOFF&d=PALL&p=1&u=%2Fnetahtml%2FPTO%2Fsrchnum.htm&r=1&f=G&l=50&s1=8035369.PN.&OS=PN/8035369&RS=PN/8035369
2011,Solar Inverter,8036005,Switching apparatus for grounding an inverter,Niestetal,N/A,Germany,http://patft.uspto.gov/netacgi/nph-Parser?Sect1=PTO1&Sect2=HITOFF&d=PALL&p=1&u=%2Fnetahtml%2FPTO%2Fsrchnum.htm&r=1&f=G&l=50&s1=8036005.PN.&OS=PN/8036005&RS=PN/8036005
2011,Solar Inverter,8044533,Solar module and method of controlling operation of a solar module,Ravensburg,N/A,Germany,http://patft.uspto.gov/netacgi/nph-Parser?Sect2=PTO1&Sect2=HITOFF&p=1&u=/netahtml/PTO/search-bool.html&r=1&f=G&l=50&d=PALL&RefSrch=yes&Query=PN/8044533
2011,Solar Inverter,8053930,Solar Power Plant,Niestetal,N/A,Germany,http://patft.uspto.gov/netacgi/nph-Parser?Sect1=PTO1&Sect2=HITOFF&d=PALL&p=1&u=%2Fnetahtml%2FPTO%2Fsrchnum.htm&r=1&f=G&l=50&s1=8053930.PN.&OS=PN/8053930&RS=PN/8053930
2011,Solar Inverter,8058747,Systems to connect multiple direct current energy sources to an alternating current system,"Los Gatos, CA",CA,USA,http://patft.uspto.gov/netacgi/nph-Parser?Sect1=PTO1&Sect2=HITOFF&d=PALL&p=1&u=%2Fnetahtml%2FPTO%2Fsrchnum.htm&r=1&f=G&l=50&s1=8058747.PN.&OS=PN/8058747&RS=PN/8058747
2011,Solar Inverter,8058752,Thin-film photovoltaic power element with integrated low-profile high-efficiency DC-DC converter ,"Santa Clara, CA",CA,USA,http://patft.uspto.gov/netacgi/nph-Parser?Sect1=PTO1&Sect2=HITOFF&d=PALL&p=1&u=%2Fnetahtml%2FPTO%2Fsrchnum.htm&r=1&f=G&l=50&s1=8058752.PN.&OS=PN/8058752&RS=PN/8058752
2011,Solar Mounting/Rack  ,8061091,Photovoltaic module kit including connector assembly for non-penetrating array installation ,"San Jose, CA",CA,USA,http://patft.uspto.gov/netacgi/nph-Parser?Sect1=PTO1&Sect2=HITOFF&d=PALL&p=1&u=%2Fnetahtml%2FPTO%2Fsrchnum.htm&r=1&f=G&l=50&s1=8061091.PN.&OS=PN/8061091&RS=PN/8061091
2011,Solar Mounting/Rack  ,8065844,Ballasted photovoltaic module and module arrays,"San Jose, CA",CA,USA,http://patft.uspto.gov/netacgi/nph-Parser?Sect1=PTO1&Sect2=HITOFF&d=PALL&p=1&u=%2Fnetahtml%2FPTO%2Fsrchnum.htm&r=1&f=G&l=50&s1=8065844.PN.&OS=PN/8065844&RS=PN/8065844
2011,Solar Inverter,8067855,Power supply circuits ,Cambridge,N/A,Great Britain,http://patft.uspto.gov/netacgi/nph-Parser?Sect1=PTO1&Sect2=HITOFF&d=PALL&p=1&u=%2Fnetahtml%2FPTO%2Fsrchnum.htm&r=1&f=G&l=50&s1=8067855.PN.&OS=PN/8067855&RS=PN/8067855
2011,Solar Inverter,8068352,Power inverter control for grid-tie transition ,"Peoria, IL",IL,USA,http://patft.uspto.gov/netacgi/nph-Parser?Sect2=PTO1&Sect2=HITOFF&p=1&u=/netahtml/PTO/search-bool.html&r=1&f=G&l=50&d=PALL&RefSrch=yes&Query=PN/8068352
2011,Solar Inverter,8076903,Electric power storage and delivery system and method of operation,"Lisle, IL",IL,USA,http://patft.uspto.gov/netacgi/nph-Parser?Sect1=PTO1&Sect2=HITOFF&d=PALL&p=1&u=%2Fnetahtml%2FPTO%2Fsrchnum.htm&r=1&f=G&l=50&s1=8076903.PN.&OS=PN/8076903&RS=PN/8076903
2011,Solar Inverter,8080899,Photovoltaic ladder inverter,North Andover MA,MA,USA,http://patft.uspto.gov/netacgi/nph-Parser?Sect1=PTO1&Sect2=HITOFF&d=PALL&p=1&u=%2Fnetahtml%2FPTO%2Fsrchnum.htm&r=1&f=G&l=50&s1=8080899.PN.&OS=PN/8080899&RS=PN/8080899
2011,Solar Mounting/Rack,8083540,Photovoltaic module connector assemblies having cable strain relief,"Berwyn, PA",PA,USA,http://patft.uspto.gov/netacgi/nph-Parser?Sect1=PTO1&Sect2=HITOFF&d=PALL&p=1&u=%2Fnetahtml%2FPTO%2Fsrchnum.htm&r=1&f=G&l=50&s1=8083540.PN.&OS=PN/8083540&RS=PN/8083540
2011,Solar Inverter,8085564,DC bus voltage control for two stage solar converter,"Schenectady, NY",NY,USA,http://patft.uspto.gov/netacgi/nph-Parser?Sect1=PTO1&Sect2=HITOFF&d=PALL&p=1&u=%2Fnetahtml%2FPTO%2Fsrchnum.htm&r=1&f=G&l=50&s1=8085564.PN.&OS=PN/8085564&RS=PN/8085564
2012,Solar Inverter ,8093756,AC power systems for renewable electrical energy,"Fort Collins, CO",CO,USA,http://patft.uspto.gov/netacgi/nph-Parser?Sect1=PTO1&Sect2=HITOFF&d=PALL&p=1&u=%2Fnetahtml%2FPTO%2Fsrchnum.htm&r=1&f=G&l=50&s1=8093756.PN.&OS=PN/8093756&RS=PN/8093756
2012,Solar Inverter,8093757,Device for distributed maximum power tracking for solar arrays,"Los Gatos, CA",CA,USA,http://patft.uspto.gov/netacgi/nph-Parser?Sect1=PTO1&Sect2=HITOFF&d=PALL&p=1&u=%2Fnetahtml%2FPTO%2Fsrchnum.htm&r=1&f=G&l=50&s1=8093757.PN.&OS=PN/8093757&RS=PN/8093757
2012,Solar Inverter,8094475,Inverter with asymmetric clocking and thermally isolated modules,Niestetal,N/A,Germany,http://patft.uspto.gov/netacgi/nph-Parser?Sect1=PTO1&Sect2=HITOFF&d=PALL&p=1&u=%2Fnetahtml%2FPTO%2Fsrchnum.htm&r=1&f=G&l=50&s1=8094475.PN.&OS=PN/8094475&RS=PN/8094475
2012,Solar Mounting/Rack ,8097818,Panel box,Schalksmuhle,N/A,Germany,http://patft.uspto.gov/netacgi/nph-Parser?Sect1=PTO1&Sect2=HITOFF&d=PALL&p=1&u=%2Fnetahtml%2FPTO%2Fsrchnum.htm&r=1&f=G&l=50&s1=8097818.PN.&OS=PN/8097818&RS=PN/8097818
2012,Solar Mounting/Rack  ,8099922,Assemblies for constructing solar panel mounting systems,"Mascoutah, IL",IL,USA,http://patft.uspto.gov/netacgi/nph-Parser?Sect2=PTO1&Sect2=HITOFF&p=1&u=/netahtml/PTO/search-bool.html&r=1&f=G&l=50&d=PALL&RefSrch=yes&Query=PN/8099922
2012,Solar Inverter,8102074,Systems and method for limiting maximum voltage in solar photovoltaic power,"Los Gatos, CA",CA,USA,http://patft.uspto.gov/netacgi/nph-Parser?Sect1=PTO1&Sect2=HITOFF&d=PALL&p=1&u=%2Fnetahtml%2FPTO%2Fsrchnum.htm&r=1&f=G&l=50&s1=8102074.PN.&OS=PN/8102074&RS=PN/8102074
2012,Solar Monitoring,8103465,System and method for monitoring and managing energy performance ,"Branchburg, NJ",NJ,USA,http://patft.uspto.gov/netacgi/nph-Parser?Sect1=PTO1&Sect2=HITOFF&d=PALL&p=1&u=%2Fnetahtml%2FPTO%2Fsrchnum.htm&r=1&f=G&l=50&s1=8103465.PN.&OS=PN/8103465&RS=PN/8103465
2012,Solar Inverter,8106537,Photovoltaic DC/DC micro-converter ,"Boston, MA",MA,USA,http://patft.uspto.gov/netacgi/nph-Parser?Sect1=PTO1&Sect2=HITOFF&d=PALL&p=1&u=%2Fnetahtml%2FPTO%2Fsrchnum.htm&r=1&f=G&l=50&s1=8106537.PN.&OS=PN/8106537&RS=PN/8106537
2012,Solar Inverter,8106543,Solar generator and solar cell thereof distributive performing maximum power point tracking,"Taipei, Taiwan",N/A,Taiwan,http://patft.uspto.gov/netacgi/nph-Parser?Sect2=PTO1&Sect2=HITOFF&p=1&u=/netahtml/PTO/search-bool.html&r=1&f=G&l=50&d=PALL&RefSrch=yes&Query=PN/8106543
2012,Solar Monitoring,8106765,Electrical power source connection with fault safeguards ,"Ben Lomond, CA",CA,USA,http://patft.uspto.gov/netacgi/nph-Parser?Sect2=PTO1&Sect2=HITOFF&p=1&u=/netahtml/PTO/search-bool.html&r=1&f=G&l=50&d=PALL&RefSrch=yes&Query=PN/8106765
2012,Solar Mounting/Rack,8109048,Apparatus for forming and mounting a photovoltaic array,"San Rafael, CA",CA,USA,http://patft.uspto.gov/netacgi/nph-Parser?Sect1=PTO1&Sect2=HITOFF&d=PALL&p=1&u=%2Fnetahtml%2FPTO%2Fsrchnum.htm&r=1&f=G&l=50&s1=8109048.PN.&OS=PN/8109048&RS=PN/8109048
2012,Solar Mounting/Rack,8113853,Junction box for photovoltaic systems,"Toms River, NJ",NJ,USA,http://patft.uspto.gov/netacgi/nph-Parser?Sect1=PTO1&Sect2=HITOFF&d=PALL&p=1&u=%2Fnetahtml%2FPTO%2Fsrchnum.htm&r=1&f=G&l=50&s1=8113853.PN.&OS=PN/8113853&RS=PN/8113853
2012,Solar Monitoring,8115340,System for controlling power from a photovoltaic array by selectively configurating connections between photovoltaic panels ,"Hayward, CA",CA,USA,http://patft.uspto.gov/netacgi/nph-Parser?Sect1=PTO1&Sect2=HITOFF&d=PALL&p=1&u=%2Fnetahtml%2FPTO%2Fsrchnum.htm&r=1&f=G&l=50&s1=8115340.PN.&OS=PN/8115340&RS=PN/8115340
2012,Solar Mounting/Rack  ,8119963,High efficiency counterbalanced dual axis solar tracking array frame system,"Flaggstaff, AZ",AZ,USA,http://patft.uspto.gov/netacgi/nph-Parser?Sect1=PTO1&Sect2=HITOFF&d=PALL&p=1&u=%2Fnetahtml%2FPTO%2Fsrchnum.htm&r=1&f=G&l=50&s1=8119963.PN.&OS=PN/8119963&RS=PN/8119963
2012,Solar Mounting/Rack  ,8128044,System for mounting a photovoltaic module to a surface ,"Albuquerque, NM",NM,USA,http://patft.uspto.gov/netacgi/nph-Parser?Sect1=PTO1&Sect2=HITOFF&d=PALL&p=1&u=%2Fnetahtml%2FPTO%2Fsrchnum.htm&r=1&f=G&l=50&s1=8128044.PN.&OS=PN/8128044&RS=PN/8128044
2012,Solar Inverter,8130518,Multiphase grid synchronized regulated current source inverter systems,"Rancocas, NJ",NJ,USA,http://patft.uspto.gov/netacgi/nph-Parser?Sect1=PTO1&Sect2=HITOFF&d=PALL&p=1&u=%2Fnetahtml%2FPTO%2Fsrchnum.htm&r=1&f=G&l=50&s1=8130518.PN.&OS=PN/8130518&RS=PN/8130518
2012,Solar Inverter,8134812,Energy conversion system with fault detection and interruption ,"Fort Collins, CO",CO,USA,http://patft.uspto.gov/netacgi/nph-Parser?Sect2=PTO1&Sect2=HITOFF&p=1&u=/netahtml/PTO/search-bool.html&r=1&f=G&l=50&d=PALL&RefSrch=yes&Query=PN/8134812
2012,Solar Mounting/Rack  ,8136310,Photovoltaic solar panel mounting system,"(Santa Rosa, CA)",CA,USA,"http://patft.uspto.gov/netacgi/nph-Parser?Sect1=PTO1&Sect2=HITOFF&d=PALL&p=1&u=%2Fnetahtml%2FPTO%2Fsrchnum.htm&r=1&f=G&l=50&s1=8,136,310.PN.&OS=PN/8,136,310&RS=PN/8,136,310"
2012,Solar Mounting/Rack  ,8136311,Solar panel and equipment mounting apparatus for roofs,"(Camas, WA)",WA,USA,http://patft.uspto.gov/netacgi/nph-Parser?Sect1=PTO1&Sect2=HITOFF&d=PALL&p=1&u=%2Fnetahtml%2FPTO%2Fsrchnum.htm&r=1&f=G&l=50&s1=8136311.PN.&OS=PN/8136311&RS=PN/8136311
2012,Solar Mounting/Rack  ,8136783,System for assisting solar power generation,Mainz,N/A,Germany,http://patft.uspto.gov/netacgi/nph-Parser?Sect1=PTO1&Sect2=HITOFF&d=PALL&p=1&u=%2Fnetahtml%2FPTO%2Fsrchnum.htm&r=1&f=G&l=50&s1=8136783.PN.&OS=PN/8136783&RS=PN/8136783
2012,Solar Inverter,8138411,PHOTOVOLTAIC SYSTEM ,Dresden,N/A,Germany,http://patft.uspto.gov/netacgi/nph-Parser?Sect1=PTO1&Sect2=HITOFF&d=PALL&p=1&u=%2Fnetahtml%2FPTO%2Fsrchnum.htm&r=1&f=G&l=50&s1=8138411.PN.&OS=PN/8138411&RS=PN/8138411
2012,Solar Monitoring,8138630,Solar Powered System with Grid Backup,"Albuquerque, NM",NM,USA,http://patft.uspto.gov/netacgi/nph-Parser?Sect1=PTO1&Sect2=HITOFF&d=PALL&p=1&u=%2Fnetahtml%2FPTO%2Fsrchnum.htm&r=1&f=G&l=50&s1=8138630.PN.&OS=PN/8138630&RS=PN/8138630
2012,Solar Inverter,8138638,DC/DC converter,Niestetal,N/A,Germany,http://patft.uspto.gov/netacgi/nph-Parser?Sect1=PTO1&Sect2=HITOFF&d=PALL&p=1&u=%2Fnetahtml%2FPTO%2Fsrchnum.htm&r=1&f=G&l=50&s1=8138638.PN.&OS=PN/8138638&RS=PN/8138638
2012,Solar Mounting/Rack ,8145327,METHOD AND APPARATUS FOR IMPLEMENTING A C0NSUMER C0NFIGURABLE MODULAR ELECTRICAL SYSTEM ,"(Durham, NC)",NC,USA,http://patft.uspto.gov/netacgi/nph-Parser?Sect1=PTO1&Sect2=HITOFF&d=PALL&p=1&u=%2Fnetahtml%2FPTO%2Fsrchnum.htm&r=1&f=G&l=50&s1=8145327.PN.&OS=PN/8145327&RS=PN/8145327
2012,Site Assessment,8145578,Aerial roof estimation system and method ,"Redmond, WA",WA,USA,http://patft.uspto.gov/netacgi/nph-Parser?Sect2=PTO1&Sect2=HITOFF&p=1&u=/netahtml/PTO/search-bool.html&r=1&f=G&l=50&d=PALL&RefSrch=yes&Query=PN/8145578
2012,Solar Monitoring,8148832,Electric power generating system,"(Waterford, MI)",MI,USA,http://patft.uspto.gov/netacgi/nph-Parser?Sect1=PTO1&Sect2=HITOFF&d=PALL&p=1&u=%2Fnetahtml%2FPTO%2Fsrchnum.htm&r=1&f=G&l=50&s1=8148832.PN.&OS=PN/8148832&RS=PN/8148832
2012,Solar Inverter,8148849,Solar inverter and plant for converting solar energy into electrical energy ,Campodarsego,N/A,Italy,http://patft.uspto.gov/netacgi/nph-Parser?Sect1=PTO1&Sect2=HITOFF&d=PALL&p=1&u=%2Fnetahtml%2FPTO%2Fsrchnum.htm&r=1&f=G&l=50&s1=8148849.PN.&OS=PN/8148849&RS=PN/8148849
2012,Solar Mounting/Rack,8151789,Solar panel mounting structure ,"New York, NY",NY,USA,http://patft.uspto.gov/netacgi/nph-Parser?Sect1=PTO1&Sect2=HITOFF&d=PALL&p=1&u=%2Fnetahtml%2FPTO%2Fsrchnum.htm&r=1&f=G&l=50&s1=8151789.PN.&OS=PN/8151789&RS=PN/8151789
2012,Solar Mounting/Rack,8156697,Photovoltaic module mounting system ,"San Rafeal, CA",CA,USA,http://patft.uspto.gov/netacgi/nph-Parser?Sect1=PTO1&Sect2=HITOFF&d=PALL&p=1&u=%2Fnetahtml%2FPTO%2Fsrchnum.htm&r=1&f=G&l=50&s1=8156697.PN.&OS=PN/8156697&RS=PN/8156697
2012,Solar Inverter,8159178,AC Connected Modules with Line Frequency or Voltage Variation Pattern for Energy Control,"Palatine, IL",IL,USA,http://patft.uspto.gov/netacgi/nph-Parser?Sect1=PTO1&Sect2=HITOFF&d=PALL&p=1&u=%2Fnetahtml%2FPTO%2Fsrchnum.htm&r=1&f=G&l=50&s1=8159178.PN.&OS=PN/8159178&RS=PN/8159178
2012,Site Assessment,8165811,Computer-implemented system and method for determining point-to-point correlation of sky clearness for photovoltaic power generation fleet output estimation,"Napa, CA",CA,USA,http://patft.uspto.gov/netacgi/nph-Parser?Sect2=PTO1&Sect2=HITOFF&p=1&u=/netahtml/PTO/search-bool.html&r=1&f=G&l=50&d=PALL&RefSrch=yes&Query=PN/8165811
2012,Site Assessment,8165813,Computer-implemented system and method for efficiently performing area-to-point conversion of satellite imagery for photovoltaic power generation fleet output estimation,"Napa, CA",CA,USA,http://patft.uspto.gov/netacgi/nph-Parser?Sect2=PTO1&Sect2=HITOFF&p=1&u=/netahtml/PTO/search-bool.html&r=1&f=G&l=50&d=PALL&RefSrch=yes&Query=PN/8165813
2012,Solar Inverter ,8169226,"Method for measuring a current, in particular by means of a grounding apparatus ",Niestetal,N/A,Germany,http://patft.uspto.gov/netacgi/nph-Parser?Sect1=PTO1&Sect2=HITOFF&d=PALL&p=1&u=%2Fnetahtml%2FPTO%2Fsrchnum.htm&r=1&f=G&l=50&s1=8169226.PN.&OS=PN/8169226&RS=PN/8169226
2012,Solar Inverter,8169805,Method of operating an inverter by turning off the switching around a zero transition of the output voltage ,Wagen,N/A,Germany,http://patft.uspto.gov/netacgi/nph-Parser?Sect2=PTO1&Sect2=HITOFF&p=1&u=/netahtml/PTO/search-bool.html&r=1&f=G&l=50&d=PALL&RefSrch=yes&Query=PN/8169805
2012,Solar Mounting/Rack  ,8171679,Integrated electrical conduit for solar PV system,"Alameda, CA",CA,USA,http://patft.uspto.gov/netacgi/nph-Parser?Sect2=PTO1&Sect2=HITOFF&p=1&u=/netahtml/PTO/search-bool.html&r=1&f=G&l=50&d=PALL&RefSrch=yes&Query=PN/8171679
2012,Solar Monitoring,8174856,Configurable power supply assembly,"Austin, TX",TX,USA,http://patft.uspto.gov/netacgi/nph-Parser?Sect1=PTO1&Sect2=HITOFF&d=PALL&p=1&u=%2Fnetahtml%2FPTO%2Fsrchnum.htm&r=1&f=G&l=50&s1=8174856.PN.&OS=PN/8174856&RS=PN/8174856
2012,Solar Monitoring,8175755,Systems and Methods for Monitoring Power Devices,"Schenectady, NY",NY,USA,http://patft.uspto.gov/netacgi/nph-Parser?Sect1=PTO1&Sect2=HITOFF&d=PALL&p=1&u=%2Fnetahtml%2FPTO%2Fsrchnum.htm&r=1&f=G&l=50&s1=8175755.PN.&OS=PN/8175755&RS=PN/8175755
2012,Solar Mounting/Rack,8176693,"PHOTOVOLTAIC MOUNTING SYSTEM WITH LOCKING CONNECTORS, ADJUSTABLE RAIL HEIGHT AND HINGE LOCK ","Marango, OH",OH,USA,http://patft.uspto.gov/netacgi/nph-Parser?Sect1=PTO1&Sect2=HITOFF&d=PALL&p=1&u=%2Fnetahtml%2FPTO%2Fsrchnum.htm&r=1&f=G&l=50&s1=8176693.PN.&OS=PN/8176693&RS=PN/8176693
2012,Solar Mounting/Rack,8177566,"Electrical connection apparatus for conductive contacts, in particular blade contacts ",Detmold,N/A,Germany,http://patft.uspto.gov/netacgi/nph-Parser?Sect1=PTO1&Sect2=HITOFF&d=PALL&p=1&u=%2Fnetahtml%2FPTO%2Fsrchnum.htm&r=1&f=G&l=50&s1=8177566.PN.&OS=PN/8177566&RS=PN/8177566
2012,Solar Mounting/Rack,8183457,Method and apparatus for solar energy collection ,"(San Diego, CA)",CA,USA,http://patft.uspto.gov/netacgi/nph-Parser?Sect1=PTO1&Sect2=HITOFF&d=PALL&p=1&u=%2Fnetahtml%2FPTO%2Fsrchnum.htm&r=1&f=G&l=50&s1=8183457.PN.&OS=PN/8183457&RS=PN/8183457
2012,Solar Inverter,8184460,Solar inverter and control method,"Niskayuna, NY",NY,USA,http://patft.uspto.gov/netacgi/nph-Parser?Sect1=PTO1&Sect2=HITOFF&d=PALL&p=1&u=%2Fnetahtml%2FPTO%2Fsrchnum.htm&r=1&f=G&l=50&s1=8184460.PN.&OS=PN/8184460&RS=PN/8184460
2012,Solar Mounting/Rack,8188414,Grid support system for a tracker-mounted solar panel array for rooftop applications ,"Shelton, CT",CT,USA,http://patft.uspto.gov/netacgi/nph-Parser?Sect1=PTO1&Sect2=HITOFF&d=PALL&p=1&u=%2Fnetahtml%2FPTO%2Fsrchnum.htm&r=1&f=G&l=50&s1=8188414.PN.&OS=PN/8188414&RS=PN/8188414
2012,Solar Inverter,8189352,"Single stage inverter device, and related controlling method, for converters of power from energy sources, in particular photovoltaic sources ",Fisciano,N/A,Italy,http://patft.uspto.gov/netacgi/nph-Parser?Sect1=PTO1&Sect2=HITOFF&d=PALL&p=1&u=%2Fnetahtml%2FPTO%2Fsrchnum.htm&r=1&f=G&l=50&s1=8189352.PN.&OS=PN/8189352&RS=PN/8189352
2012,Solar Mounting/Rack,8191320,Photovoltaic panel clamp ,"San Rafeal, CA",CA,USA,http://patft.uspto.gov/netacgi/nph-Parser?Sect1=PTO1&Sect2=HITOFF&d=PALL&p=1&u=%2Fnetahtml%2FPTO%2Fsrchnum.htm&r=1&f=G&l=50&s1=8191320.PN.&OS=PN/8191320&RS=PN/8191320
2012,Solar Mounting/Rack ,8192233,Connector assembly for a photovoltaic module ,"Berwyn, PA",PA,USA,http://patft.uspto.gov/netacgi/nph-Parser?Sect1=PTO1&Sect2=HITOFF&d=PALL&p=1&u=%2Fnetahtml%2FPTO%2Fsrchnum.htm&r=1&f=G&l=50&s1=8192233.PN.&OS=PN/8192233&RS=PN/8192233
2012,Solar Monitoring,8193788,Method and device for controlling a configurable power supply to provide AC and/or DC power output. ,"Austin, TX",TX,USA,http://patft.uspto.gov/netacgi/nph-Parser?Sect1=PTO1&Sect2=HITOFF&d=PALL&p=1&u=%2Fnetahtml%2FPTO%2Fsrchnum.htm&r=1&f=G&l=50&s1=8193788.PN.&OS=PN/8193788&RS=PN/8193788
2012,Solar Inverter,8194375,Open circuit voltage protection system and method ,"Niskayuna, NY",NY,USA,http://patft.uspto.gov/netacgi/nph-Parser?Sect1=PTO1&Sect2=HITOFF&d=PALL&p=1&u=%2Fnetahtml%2FPTO%2Fsrchnum.htm&r=1&f=G&l=50&s1=8194375.PN.&OS=PN/8194375&RS=PN/8194375
2012,Solar Inverter,8194429,Inverter comprising normally conductive gate-controlled semiconductor switches ,Niestetal,N/A,Germany,http://patft.uspto.gov/netacgi/nph-Parser?Sect1=PTO1&Sect2=HITOFF&d=PALL&p=1&u=%2Fnetahtml%2FPTO%2Fsrchnum.htm&r=1&f=G&l=50&s1=8194429.PN.&OS=PN/8194429&RS=PN/8194429
2012,Solar Mounting/Rack,8196360,Photovoltaic solar roof tile assembly system ,British Columbia,N/A,Canada,http://patft.uspto.gov/netacgi/nph-Parser?Sect1=PTO1&Sect2=HITOFF&d=PALL&p=1&u=%2Fnetahtml%2FPTO%2Fsrchnum.htm&r=1&f=G&l=50&s1=8196360.PN.&OS=PN/8196360&RS=PN/8196360
2012,Solar Mounting/Rack,8196369,Building integrated thermal electric hybrid roofing system,"(Boston, MA)",MA,USA,http://patft.uspto.gov/netacgi/nph-Parser?Sect1=PTO1&Sect2=HITOFF&d=PALL&p=1&u=%2Fnetahtml%2FPTO%2Fsrchnum.htm&r=1&f=G&l=50&s1=8196369.PN.&OS=PN/8196369&RS=PN/8196369
2012,Solar Monitoring,8200373,Energy Production and Consumption Matching System,"Moorpark, CA",CA,USA,http://patft.uspto.gov/netacgi/nph-Parser?Sect1=PTO1&Sect2=HITOFF&d=PALL&p=1&u=%2Fnetahtml%2FPTO%2Fsrchnum.htm&r=1&f=G&l=50&s1=8200373.PN.&OS=PN/8200373&RS=PN/8200373
2012,Solar Mounting/Rack,8201382,Building integrated thermal electric hybrid roofing system ,"(Boston, MA)",MA,USA,http://patft.uspto.gov/netacgi/nph-Parser?Sect1=PTO1&Sect2=HITOFF&d=PALL&p=1&u=%2Fnetahtml%2FPTO%2Fsrchnum.htm&r=1&f=G&l=50&s1=8201382.PN.&OS=PN/8201382&RS=PN/8201382
2012,Solar Mounting/Rack,8203069,"System, method, and apparatus for coupling photovoltaic arrays","Fort Collins, CO",CO,USA,http://patft.uspto.gov/netacgi/nph-Parser?Sect1=PTO1&Sect2=HITOFF&d=PALL&p=1&u=%2Fnetahtml%2FPTO%2Fsrchnum.htm&r=1&f=G&l=50&s1=8203069.PN.&OS=PN/8203069&RS=PN/8203069
2012,Solar Monitoring,8204709,System and Method for Monitoring Photovoltaic Power Generation Systems,"Pittsford, NY",NY,USA,http://patft.uspto.gov/netacgi/nph-Parser?Sect1=PTO1&Sect2=HITOFF&d=PALL&p=1&u=%2Fnetahtml%2FPTO%2Fsrchnum.htm&r=1&f=G&l=50&s1=8204709.PN.&OS=PN/8204709&RS=PN/8204709
2012,Solar Mounting/Rack,8205400,Solar panel roof kit,"Rochester Hills, MI",MI,USA,http://patft.uspto.gov/netacgi/nph-Parser?Sect1=PTO1&Sect2=HITOFF&d=PALL&p=1&u=%2Fnetahtml%2FPTO%2Fsrchnum.htm&r=1&f=G&l=50&s1=8205400.PN.&OS=PN/8205400&RS=PN/8205400
2012,Solar Inverter,8207630,Photovoltaic ladder inverter,North Andover MA,MA,USA,http://patft.uspto.gov/netacgi/nph-Parser?Sect1=PTO1&Sect2=HITOFF&d=PALL&p=1&u=%2Fnetahtml%2FPTO%2Fsrchnum.htm&r=1&f=G&l=50&s1=8207630.PN.&OS=PN/8207630&RS=PN/8207630
2012,Solar Inverter,8207637,System and apparatus for interconnecting an array of power generating assemblies ,"Austin, TX",TX,USA,http://patft.uspto.gov/netacgi/nph-Parser?Sect1=PTO1&Sect2=HITOFF&d=PALL&p=1&u=%2Fnetahtml%2FPTO%2Fsrchnum.htm&r=1&f=G&l=50&s1=8207637.PN.&OS=PN/8207637&RS=PN/8207637
2012,Solar Mounting/Rack,8209919,Mounting support for photovoltaic modules ,Kolitzheim,N/A,Germany,http://patft.uspto.gov/netacgi/nph-Parser?Sect2=PTO1&Sect2=HITOFF&p=1&u=/netahtml/PTO/search-bool.html&r=1&f=G&l=50&d=PALL&RefSrch=yes&Query=PN/8209919
2012,Solar Inverter,8212408,"Collection of electric power from renewable energy sources via high voltage, direct current systems with conversion and supply to an alternating current transmission network ","Plymouth Meeting, PA",PA,USA,http://patft.uspto.gov/netacgi/nph-Parser?Sect2=PTO1&Sect2=HITOFF&p=1&u=/netahtml/PTO/search-bool.html&r=1&f=G&l=50&d=PALL&RefSrch=yes&Query=PN/8212408
2012,Solar Inverter,8212409,Method for activating a multi-string inverter for photovoltaic plants,Niestetal,N/A,Germany,http://patft.uspto.gov/netacgi/nph-Parser?Sect1=PTO1&Sect2=HITOFF&d=PALL&p=1&u=%2Fnetahtml%2FPTO%2Fsrchnum.htm&r=1&f=G&l=50&s1=8212409.PN.&OS=PN/8212409&RS=PN/8212409
2012,Solar Inverter ,8213133,Load breaker arrangement,Niestetal,N/A,Germany,http://patft.uspto.gov/netacgi/nph-Parser?Sect1=PTO1&Sect2=HITOFF&d=PALL&p=1&u=%2Fnetahtml%2FPTO%2Fsrchnum.htm&r=1&f=G&l=50&s1=8213133.PN.&OS=PN/8213133&RS=PN/8213133
2012,Solar Inverter ,8213199,Multiphase grid synchronized regulated current source inverter systems ,"Plymouth Meeting, PA",PA,USA,http://patft.uspto.gov/netacgi/nph-Parser?Sect1=PTO1&Sect2=HITOFF&d=PALL&p=1&u=%2Fnetahtml%2FPTO%2Fsrchnum.htm&r=1&f=G&l=50&s1=8213199.PN.&OS=PN/8213199&RS=PN/8213199
2012,Solar Inverter ,8218344,Bidirectional inverter for conversion between a direct current source and an alternating current grid ,Niestetal,N/A,Germany,http://patft.uspto.gov/netacgi/nph-Parser?Sect1=PTO1&Sect2=HITOFF&d=PALL&p=1&u=%2Fnetahtml%2FPTO%2Fsrchnum.htm&r=1&f=G&l=50&s1=8218344.PN.&OS=PN/8218344&RS=PN/8218344
2012,Solar Monitoring,8219259,Maintaining uniform power consumption from an electric utility by a local load in a power distribution system ,"Armonk, NY",NY,USA,http://patft.uspto.gov/netacgi/nph-Parser?Sect1=PTO1&Sect2=HITOFF&d=PALL&p=1&u=%2Fnetahtml%2FPTO%2Fsrchnum.htm&r=1&f=G&l=50&s1=8219259.PN.&OS=PN/8219259&RS=PN/8219259
2012,Solar Mounting/Rack,8220210,Photovoltaic module and module arrays,"San Jose, CA",CA,USA,http://patft.uspto.gov/netacgi/nph-Parser?Sect1=PTO1&Sect2=HITOFF&d=PALL&p=1&u=%2Fnetahtml%2FPTO%2Fsrchnum.htm&r=1&f=G&l=50&s1=8220210.PN.&OS=PN/8220210&RS=PN/8220210
2012,Solar Inverter,8222767,Apparatus for phase rotation for a three-phase AC circuit ,"Petaluma, CA",CA,USA,http://patft.uspto.gov/netacgi/nph-Parser?Sect2=PTO1&Sect2=HITOFF&p=1&u=/netahtml/PTO/search-bool.html&r=1&f=G&l=50&d=PALL&RefSrch=yes&Query=PN/8222767
2012,Solar Mounting/Rack  ,8226061,Mounting bracket for solar panel applications,"Wayne, MI",MI,USA,http://patft.uspto.gov/netacgi/nph-Parser?Sect1=PTO1&Sect2=HITOFF&d=PALL&p=1&u=%2Fnetahtml%2FPTO%2Fsrchnum.htm&r=1&f=G&l=50&s1=8226061.PN.&OS=PN/8226061&RS=PN/8226061
2012,Solar Inverter,8227937,"Uninterruptible power supplies, solar power kits for uninterruptible power supplies and related methods ","Blaine, WA",WA,USA,http://patft.uspto.gov/netacgi/nph-Parser?Sect1=PTO1&Sect2=HITOFF&d=PALL&p=1&u=%2Fnetahtml%2FPTO%2Fsrchnum.htm&r=1&f=G&l=50&s1=8227937.PN.&OS=PN/8227937&RS=PN/8227937
2012,Solar Inverter,8227942,System and apparatus for interconnecting an array of power generating assemblies ,"Austin, TX",TX,USA,http://patft.uspto.gov/netacgi/nph-Parser?Sect1=PTO1&Sect2=HITOFF&d=PALL&p=1&u=%2Fnetahtml%2FPTO%2Fsrchnum.htm&r=1&f=G&l=50&s1=8227942.PN.&OS=PN/8227942&RS=PN/8227942
2012,Solar Monitoring,8228022,Solar energy control system ,Tu-Cheng,N/A,Taiwan,http://patft.uspto.gov/netacgi/nph-Parser?Sect1=PTO1&Sect2=HITOFF&d=PALL&p=1&u=%2Fnetahtml%2FPTO%2Fsrchnum.htm&r=1&f=G&l=50&s1=8228022.PN.&OS=PN/8228022&RS=PN/8228022
2012,Solar Inverter,8228697,"Systems, methods, and apparatus for operating a power converter ","Schenectady, NY",NY,USA,http://patft.uspto.gov/netacgi/nph-Parser?Sect1=PTO1&Sect2=HITOFF&d=PALL&p=1&u=%2Fnetahtml%2FPTO%2Fsrchnum.htm&r=1&f=G&l=50&s1=8228697.PN.&OS=PN/8228697&RS=PN/8228697
2012,Solar Inverter,8232681,Hybrid wind-solar inverters ,"Schenectady, NY",NY,USA,http://patft.uspto.gov/netacgi/nph-Parser?Sect1=PTO1&Sect2=HITOFF&d=PALL&p=1&u=%2Fnetahtml%2FPTO%2Fsrchnum.htm&r=1&f=G&l=50&s1=8232681.PN.&OS=PN/8232681&RS=PN/8232681
2012,Solar Mounting/Rack,8234824,Photovoltaic module with removable wind deflector ,"San Jose, CA",CA,USA,http://patft.uspto.gov/netacgi/nph-Parser?Sect1=PTO1&Sect2=HITOFF&d=PALL&p=1&u=%2Fnetahtml%2FPTO%2Fsrchnum.htm&r=1&f=G&l=50&s1=8234824.PN.&OS=PN/8234824&RS=PN/8234824
2012,Solar Mounting/Rack,8234825,SOLAR INSTALLATION INCLUDING AT LEAST ONE SOLAR MODULE HAVING A SPRING-LOADED MOUNTING OF THE COVER PLATE ,Berlin,N/A,Germany,"http://patft.uspto.gov/netacgi/nph-Parser?Sect1=PTO1&Sect2=HITOFF&d=PALL&p=1&u=%2Fnetahtml%2FPTO%2Fsrchnum.htm&r=1&f=G&l=50&s1=8,234,825.PN.&OS=PN/8,234,825&RS=PN/8,234,825"
2012,Solar Inverter,8242634,High Efficiency Remotely Controllable Solar Energy System,"Fort Collins, CO",CO,USA,http://patft.uspto.gov/netacgi/nph-Parser?Sect2=PTO1&Sect2=HITOFF&p=1&u=/netahtml/PTO/search-bool.html&r=1&f=G&l=50&d=PALL&RefSrch=yes&Query=PN/8242634
2012,Solar Monitoring,8242932,Remote Sensing System,"Holtsville, NY",NY,USA,http://patft.uspto.gov/netacgi/nph-Parser?Sect1=PTO1&Sect2=HITOFF&d=PALL&p=1&u=%2Fnetahtml%2FPTO%2Fsrchnum.htm&r=1&f=G&l=50&s1=8242932.PN.&OS=PN/8242932&RS=PN/8242932
2012,Solar Inverter,8243446,Photovoltaic inverter ,"Perrysburg, OH",OH,USA,http://patft.uspto.gov/netacgi/nph-Parser?Sect1=PTO1&Sect2=HITOFF&d=PALL&p=1&u=%2Fnetahtml%2FPTO%2Fsrchnum.htm&r=1&f=G&l=50&s1=8243446.PN.&OS=PN/8243446&RS=PN/8243446
2010,Solar Mounting/Rack,8245459,Rooftop Photovoltaic Module Mounting System,"Perrysburg, OH",OH,USA,"http://patft.uspto.gov/netacgi/nph-Parser?Sect1=PTO1&Sect2=HITOFF&d=PALL&p=1&u=%2Fnetahtml%2FPTO%2Fsrchnum.htm&r=1&f=G&l=50&s1=8,245,459.PN.&OS=PN/8,245,459&RS=PN/8,245,459"
2012,Solar Inverter,8253424,Topology surveying a series of capacitors ,Niestetal,N/A,Germany,"http://patft.uspto.gov/netacgi/nph-Parser?Sect1=PTO1&Sect2=HITOFF&d=PALL&p=1&u=%2Fnetahtml%2FPTO%2Fsrchnum.htm&r=1&f=G&l=50&s1=8,253,424.PN.&OS=PN/8,253,424&RS=PN/8,253,424"
2012,Solar Mounting/Rack,8256170,RACK ASSEMBLY FOR MOUNTING SOLAR MODULES,"Fremont, CA",CA,USA,"http://patft.uspto.gov/netacgi/nph-Parser?Sect1=PTO1&Sect2=HITOFF&d=PALL&p=1&u=%2Fnetahtml%2FPTO%2Fsrchnum.htm&r=1&f=G&l=50&s1=8,256,170.PN.&OS=PN/8,256,170&RS=PN/8,256,170"
2012,Solar Inverter,8257106,Method and apparatus for interconnecting distributed power sources ,"Petaluma, CA",CA,USA,"http://patft.uspto.gov/netacgi/nph-Parser?Sect1=PTO1&Sect2=HITOFF&d=PALL&p=1&u=%2Fnetahtml%2FPTO%2Fsrchnum.htm&r=1&f=G&l=50&s1=8,257,106.PN.&OS=PN/8,257,106&RS=PN/8,257,106"
2012,Solar Inverter,8258741,Solar power management system ,Hsinchu,N/A,Taiwan,"http://patft.uspto.gov/netacgi/nph-Parser?Sect1=PTO1&Sect2=HITOFF&d=PALL&p=1&u=%2Fnetahtml%2FPTO%2Fsrchnum.htm&r=1&f=G&l=50&s1=8,258,741.PN.&OS=PN/8,258,741&RS=PN/8,258,741"
2012,Solar Inverter,8259479,Methods and systems for operating a two-stage power converter ,"Schenectady, NY",NY,USA,"http://patft.uspto.gov/netacgi/nph-Parser?Sect1=PTO1&Sect2=HITOFF&d=PALL&p=1&u=%2Fnetahtml%2FPTO%2Fsrchnum.htm&r=1&f=G&l=50&s1=8,259,479.PN.&OS=PN/8,259,479&RS=PN/8,259,479"
2012,Solar Monitoring,8264193,Photovoltaic power output-utilizing device,Ottawa,N/A,Canada,http://patft.uspto.gov/netacgi/nph-Parser?Sect1=PTO1&Sect2=HITOFF&d=PALL&p=1&u=%2Fnetahtml%2FPTO%2Fsrchnum.htm&r=1&f=G&l=50&s1=8264193.PN.&OS=PN/8264193&RS=PN/8264193
2012,Solar Monitoring,8264195,Network topology for monitoring and controlling a solar panel array ,"Hayward, CA",CA,USA,"http://patft.uspto.gov/netacgi/nph-Parser?Sect1=PTO1&Sect2=HITOFF&d=PALL&p=1&u=%2Fnetahtml%2FPTO%2Fsrchnum.htm&r=1&f=G&l=50&s1=8,264,195.PN.&OS=PN/8,264,195&RS=PN/8,264,195"
2012,Solar Mounting/Rack,8266848,Photovoltaic module mounting system ,"San Rafael, CA",CA,USA,"http://patft.uspto.gov/netacgi/nph-Parser?Sect1=PTO1&Sect2=HITOFF&d=PALL&p=1&u=%2Fnetahtml%2FPTO%2Fsrchnum.htm&r=1&f=G&l=50&s1=8,266,848.PN.&OS=PN/8,266,848&RS=PN/8,266,848"
2012,Solar Inverter,8269372,Photovoltaic and fuel cell hybrid generation system using dual converters and single inverter and method of controlling the same ,Gyunggi-do,N/A,South Korea,"http://patft.uspto.gov/netacgi/nph-Parser?Sect1=PTO1&Sect2=HITOFF&d=PALL&p=1&u=%2Fnetahtml%2FPTO%2Fsrchnum.htm&r=1&f=G&l=50&s1=8,269,372.PN.&OS=PN/8,269,372&RS=PN/8,269,372"
2012,Solar Monitoring,8274172,Systems and method for limiting maximum voltage in solar photovoltaic power generation systems,"Los Gatos, CA",CA,USA,http://patft.uspto.gov/netacgi/nph-Parser?Sect1=PTO1&Sect2=HITOFF&d=PALL&p=1&u=%2Fnetahtml%2FPTO%2Fsrchnum.htm&r=1&f=G&l=50&s1=8274172.PN.&OS=PN/8274172&RS=PN/8274172
2012,Solar Mounting/Rack,8276329,Fire resistant PV shingle assembly,"Berkeley, CA",CA,USA,"http://patft.uspto.gov/netacgi/nph-Parser?Sect1=PTO1&Sect2=HITOFF&d=PALL&p=1&u=%2Fnetahtml%2FPTO%2Fsrchnum.htm&r=1&f=G&l=50&s1=8,276,329.PN.&OS=PN/8,276,329&RS=PN/8,276,329"
2012,Solar Inverter,8278892,Converter comprising at least one normally on semiconductor switch ,Niestetal,N/A,Germany,"http://patft.uspto.gov/netacgi/nph-Parser?Sect1=PTO1&Sect2=HITOFF&d=PALL&p=1&u=%2Fnetahtml%2FPTO%2Fsrchnum.htm&r=1&f=G&l=50&s1=8,278,892.PN.&OS=PN/8,278,892&RS=PN/8,278,892"
2012,Solar Inverter,8279642,Apparatus for converting direct current to alternating current using an active filter to reduce double-frequency ripple power of bus waveform ,"Austin, TX",TX,USA,"http://patft.uspto.gov/netacgi/nph-Parser?Sect1=PTO1&Sect2=HITOFF&d=PALL&p=1&u=%2Fnetahtml%2FPTO%2Fsrchnum.htm&r=1&f=G&l=50&s1=8,279,642.PN.&OS=PN/8,279,642&RS=PN/8,279,642"
2012,Solar Inverter,8284574,Method and apparatus for controlling an inverter using pulse mode control ,"Austin, TX",TX,USA,"http://patft.uspto.gov/netacgi/nph-Parser?Sect1=PTO1&Sect2=HITOFF&d=PALL&p=1&u=%2Fnetahtml%2FPTO%2Fsrchnum.htm&r=1&f=G&l=50&s1=8,284,574.PN.&OS=PN/8,284,574&RS=PN/8,284,574"
2012,Solar Monitoring,8289183,System and method for solar panel array analysis ,"Dallas, TX",TX,USA,"http://patft.uspto.gov/netacgi/nph-Parser?Sect1=PTO1&Sect2=HITOFF&d=PALL&p=1&u=%2Fnetahtml%2FPTO%2Fsrchnum.htm&r=1&f=G&l=50&s1=8,289,183.PN.&OS=PN/8,289,183&RS=PN/8,289,183"
2012,Solar Monitoring,8290745,Systems and methods for identifying faulty sensors within a power generation system,"Schenectady, NY",NY,USA,http://patft.uspto.gov/netacgi/nph-Parser?Sect1=PTO1&Sect2=HITOFF&d=PALL&p=1&u=%2Fnetahtml%2FPTO%2Fsrchnum.htm&r=1&f=G&l=50&s1=8290745.PN.&OS=PN/8290745&RS=PN/8290745
2012,Solar Mounting/Rack,8291654,PHOTOVOLTAIC MODULE KIT INCLUDING CONNECTOR ASSEMBLY FOR NON-PENETRATING ARRAY INSTALLATION ,"Berkeley, CA",CA,USA,"http://patft.uspto.gov/netacgi/nph-Parser?Sect1=PTO1&Sect2=HITOFF&d=PALL&p=1&u=%2Fnetahtml%2FPTO%2Fsrchnum.htm&r=1&f=G&l=50&s1=8,291,654.PN.&OS=PN/8,291,654&RS=PN/8,291,654"
2012,Solar Mounting/Rack,8294022,PHOTOVOLTAIC ARRAY WITH MINIMALLY PENETRATING ROOFTOP SUPPORT SYSTEM ,"San Jose, CA",USA,USA,"http://patft.uspto.gov/netacgi/nph-Parser?Sect1=PTO1&Sect2=HITOFF&d=PALL&p=1&u=%2Fnetahtml%2FPTO%2Fsrchnum.htm&r=1&f=G&l=50&s1=8,294,022.PN.&OS=PN/8,294,022&RS=PN/8,294,022"
2012,Solar Inverter,8294286,Network of Energy Generating Modules for Transfer of Energy Outputs,"Troy, OH",OH,USA,http://patft.uspto.gov/netacgi/nph-Parser?Sect2=PTO1&Sect2=HITOFF&p=1&u=/netahtml/PTO/search-bool.html&r=1&f=G&l=50&d=PALL&RefSrch=yes&Query=PN/8294286
2012,Solar Mounting/Rack,8294296,"SYSTEM, METHOD, AND APPARATUS FOR REMOTELY COUPLING PHOTOVOLTAIC ARRAYS ","Fort Collins, CO",CO,USA,"http://patft.uspto.gov/netacgi/nph-Parser?Sect1=PTO1&Sect2=HITOFF&d=PALL&p=1&u=%2Fnetahtml%2FPTO%2Fsrchnum.htm&r=1&f=G&l=50&s1=8,294,296.PN.&OS=PN/8,294,296&RS=PN/8,294,296"
2012,Solar Inverter,8294303,Photovoltaic grounding ,"Perrysburg, OH",OH,USA,"http://patft.uspto.gov/netacgi/nph-Parser?Sect1=PTO1&Sect2=HITOFF&d=PALL&p=1&u=%2Fnetahtml%2FPTO%2Fsrchnum.htm&r=1&f=G&l=50&s1=8,294,303.PN.&OS=PN/8,294,303&RS=PN/8,294,303"
2012,Solar Monitoring,8295989,Local power tracking for dynamic power management in weather-sensitive power systems ,"Newark, CA",CA,USA,"http://patft.uspto.gov/netacgi/nph-Parser?Sect1=PTO1&Sect2=HITOFF&d=PALL&p=1&u=%2Fnetahtml%2FPTO%2Fsrchnum.htm&r=1&f=G&l=50&s1=8,295,989.PN.&OS=PN/8,295,989&RS=PN/8,295,989"
2008,Solar Monitoring,8300439,Data acquisition apparatus and methodology for self-diagnosing of AC modules ,"Westford, MA",MA,USA,"http://patft.uspto.gov/netacgi/nph-Parser?Sect1=PTO1&Sect2=HITOFF&d=PALL&p=1&u=%2Fnetahtml%2FPTO%2Fsrchnum.htm&r=1&f=G&l=50&s1=8,300,439.PN.&OS=PN/8,300,439&RS=PN/8,300,439"
2012,Solar Inverter ,8304932,Efficient Solar Energy Power Creation Systems,"Fort Collins, CO",CO,USA,"http://patft.uspto.gov/netacgi/nph-Parser?Sect1=PTO1&Sect2=HITOFF&d=PALL&p=1&u=%2Fnetahtml%2FPTO%2Fsrchnum.htm&r=1&f=G&l=50&s1=8,304,932.PN.&OS=PN/8,304,932&RS=PN/8,304,932"
2012,Solar Inverter,8305058,POWER SUPPLY HAVING MAXIMUM POWER POINT TRACKING FUNCTION,Suwon,N/A,South Korea,"http://patft.uspto.gov/netacgi/nph-Parser?Sect1=PTO1&Sect2=HITOFF&d=PALL&p=1&u=%2Fnetahtml%2FPTO%2Fsrchnum.htm&r=1&f=G&l=50&s1=8,305,058.PN.&OS=PN/8,305,058&RS=PN/8,305,058"
2012,Solar Mounting/Rack,8307997,Mounting Device for Disk-Shaped Substrates such as Solar Wafers,Berlin,N/A,Germany,"http://patft.uspto.gov/netacgi/nph-Parser?Sect1=PTO1&Sect2=HITOFF&d=PALL&p=1&u=%2Fnetahtml%2FPTO%2Fsrchnum.htm&r=1&f=G&l=50&s1=8,307,997.PN.&OS=PN/8,307,997&RS=PN/8,307,997"
2012,Solar Mounting/Rack,8309840,Solar panel overlay and solar panel overlay assembly ,Cambridge,N/A,Canada,"http://patft.uspto.gov/netacgi/nph-Parser?Sect1=PTO1&Sect2=HITOFF&d=PALL&p=1&u=%2Fnetahtml%2FPTO%2Fsrchnum.htm&r=1&f=G&l=50&s1=8,309,840.PN.&OS=PN/8,309,840&RS=PN/8,309,840"
2012,Solar Inverter,8310094,POWER SUPPLY SYSTEM ,Osaka-shi,N/A,Japan,http://patft.uspto.gov/netacgi/nph-Parser?Sect1=PTO1&Sect2=HITOFF&d=PALL&p=1&u=%2Fnetahtml%2FPTO%2Fsrchnum.htm&r=1&f=G&l=50&s1=8310094.PN.&OS=PN/8310094&RS=PN/8310094
2012,Solar Inverter,8310851,METHOD FOR OPERATING AN INVERTER HAVING A STEP-UP DEVICE CONNECTED UPSTREAM,Munich,N/A,Germany,"http://patft.uspto.gov/netacgi/nph-Parser?Sect1=PTO1&Sect2=HITOFF&d=PALL&p=1&u=%2Fnetahtml%2FPTO%2Fsrchnum.htm&r=1&f=G&l=50&s1=8,310,851.PN.&OS=PN/8,310,851&RS=PN/8,310,851"
2012,Solar Monitoring,8314375,System and method for local string management unit ,"Los Gatos, CA",CA,USA,http://patft.uspto.gov/netacgi/nph-Parser?Sect2=PTO1&Sect2=HITOFF&p=1&u=/netahtml/PTO/search-bool.html&r=1&f=G&l=50&d=PALL&RefSrch=yes&Query=PN/8314375
2012,Solar Inverter,8314512,DC Power System Using HCPV and BIPV Modules,Lungtan,N/A,Taiwan,"http://patft.uspto.gov/netacgi/nph-Parser?Sect1=PTO1&Sect2=HITOFF&d=PALL&p=1&u=%2Fnetahtml%2FPTO%2Fsrchnum.htm&r=1&f=G&l=50&s1=8,314,512.PN.&OS=PN/8,314,512&RS=PN/8,314,512"
2012,Solar Mounting/Rack,8316592,Protective covering for roof mounted systems,"(Islip, NY)",NY,USA,"http://patft.uspto.gov/netacgi/nph-Parser?Sect1=PTO1&Sect2=HITOFF&d=PALL&p=1&u=%2Fnetahtml%2FPTO%2Fsrchnum.htm&r=1&f=G&l=50&s1=8,316,592.PN.&OS=PN/8,316,592&RS=PN/8,316,592"
2012,Solar Inverter,8319377,Fuse for disconnecting an inverter from a photovoltaic generator ,Kolitzheim,N/A,Germany,"http://patft.uspto.gov/netacgi/nph-Parser?Sect1=PTO1&Sect2=HITOFF&d=PALL&p=1&u=%2Fnetahtml%2FPTO%2Fsrchnum.htm&r=1&f=G&l=50&s1=8,319,377.PN.&OS=PN/8,319,377&RS=PN/8,319,377"
2012,Site Assessment,8326535,Computer-implemented system and method for correlating overhead sky clearness for use in photovoltaic fleet output estimation ,"Napa, CA",CA,USA,http://patft.uspto.gov/netacgi/nph-Parser?Sect2=PTO1&Sect2=HITOFF&p=1&u=/netahtml/PTO/search-bool.html&r=1&f=G&l=50&d=PALL&RefSrch=yes&Query=PN/8326535
2012,Site Assessment,8326536,Computer-implemented system and method for correlating satellite imagery for use in photovoltaic fleet output estimation,"Napa, CA",CA,USA,http://patft.uspto.gov/netacgi/nph-Parser?Sect1=PTO1&Sect2=HITOFF&d=PALL&p=1&u=%2Fnetahtml%2FPTO%2Fsrchnum.htm&r=1&f=G&l=50&s1=8326536.PN.&OS=PN/8326536&RS=PN/8326536
2012,Solar Inverter,8330299,DC TO DC POWER CONVERTERS AND METHODS OF CONTROLLING THE SAME,"Niskayuna, NY",NY,USA,"http://patft.uspto.gov/netacgi/nph-Parser?Sect1=PTO1&Sect2=HITOFF&d=PALL&p=1&u=%2Fnetahtml%2FPTO%2Fsrchnum.htm&r=1&f=G&l=50&s1=8,330,299.PN.&OS=PN/8,330,299&RS=PN/8,330,299"
2012,Solar Inverter,8334616,Photovoltaic integrated variable frequency drive,"Charlotte, NC",NC,USA,"http://patft.uspto.gov/netacgi/nph-Parser?Sect1=PTO1&Sect2=HITOFF&d=PALL&p=1&u=%2Fnetahtml%2FPTO%2Fsrchnum.htm&r=1&f=G&l=50&s1=8,334,616.PN.&OS=PN/8,334,616&RS=PN/8,334,616"
2012,Solar Inverter,8334617,System and Method for Energy Optimization in Photovoltaic Generators,Madrid,N/A,Spain,http://patft.uspto.gov/netacgi/nph-Parser?Sect2=PTO1&Sect2=HITOFF&p=1&u=/netahtml/PTO/search-bool.html&r=1&f=G&l=50&d=PALL&RefSrch=yes&Query=PN/8334617
2009,Solar Inverter,8334618,METHOD AND AREA ELECTRIC POWER SYSTEM DETECTING ISLANDING BY EMPLOYING CONTROLLED REACTIVE POWER INJECTION BY A NUMBER OF INVERTERS ,"Cleveland, OH",OH,USA,http://patft.uspto.gov/netacgi/nph-Parser?Sect1=PTO1&Sect2=HITOFF&d=PALL&p=1&u=%2Fnetahtml%2FPTO%2Fsrchnum.htm&r=1&f=G&l=50&s1=8334618.PN.&OS=PN/8334618&RS=PN/8334618
2012,Solar Monitoring,8338987,Power generation frequency control ,"Niskayuna, NY",NY,USA,http://patft.uspto.gov/netacgi/nph-Parser?Sect1=PTO1&Sect2=HITOFF&d=PALL&p=1&u=%2Fnetahtml%2FPTO%2Fsrchnum.htm&r=1&f=G&l=50&s1=8338987.PN.&OS=PN/8338987&RS=PN/8338987
2012,Solar Inverter,8338989,Inverter Power System ,"Perrysburg, OH",OH,USA,http://patft.uspto.gov/netacgi/nph-Parser?Sect1=PTO1&Sect2=HITOFF&d=PALL&p=1&u=%2Fnetahtml%2FPTO%2Fsrchnum.htm&r=1&f=G&l=50&s1=8338989.PN.&OS=PN/8338989&RS=PN/8338989
2012,Solar Inverter,8339112,Analog MPPT Circuit for Photovoltaic Power Plant,Agrate Brianza,N/A,Italy,http://patft.uspto.gov/netacgi/nph-Parser?Sect1=PTO1&Sect2=HITOFF&d=PALL&p=1&u=%2Fnetahtml%2FPTO%2Fsrchnum.htm&r=1&f=G&l=50&s1=8339112.PN.&OS=PN/8339112&RS=PN/8339112